audiofilename,start,end,label:event
/mnt/fscompute_shared/simulation_dataset/outputs/simulated_audio_fe5a3795.wav,0,10,0
/mnt/fscompute_shared/simulation_dataset/outputs/simulated_audio_ffc99cbc.wav,0,10,0
/mnt/fscompute_shared/simulation_dataset/outputs/simulated_audio_7e7f07a7.wav,0,10,0
/mnt/fscompute_shared/simulation_dataset/outputs/simulated_audio_2b25f97c.wav,0,10,0
/mnt/fscompute_shared/simulation_dataset/outputs/simulated_audio_c32a7532.wav,0,10,0
/mnt/fscompute_shared/simulation_dataset/outputs/simulated_audio_3ed4915a.wav,0,10,0
/mnt/fscompute_shared/simulation_dataset/outputs/simulated_audio_9975f1be.wav,0,10,0
/mnt/fscompute_shared/simulation_dataset/outputs/simulated_audio_fe0bd420.wav,0,10,0
/mnt/fscompute_shared/simulation_dataset/outputs/simulated_audio_3950ae28.wav,0,10,0
/mnt/fscompute_shared/simulation_dataset/outputs/simulated_audio_fa70bf38.wav,0,10,0
/mnt/fscompute_shared/simulation_dataset/outputs/simulated_audio_afe0f02c.wav,0,10,0
/mnt/fscompute_shared/simulation_dataset/outputs/simulated_audio_64085b45.wav,0,10,0
/mnt/fscompute_shared/simulation_dataset/outputs/simulated_audio_1c00357b.wav,0,10,0
/mnt/fscompute_shared/simulation_dataset/outputs/simulated_audio_781c8c76.wav,0,10,0
/mnt/fscompute_shared/simulation_dataset/outputs/simulated_audio_7a914482.wav,0,10,0
/mnt/fscompute_shared/simulation_dataset/outputs/simulated_audio_3f30f3fa.wav,0,10,0
/mnt/fscompute_shared/simulation_dataset/outputs/simulated_audio_24ec6108.wav,0,10,0
/mnt/fscompute_shared/simulation_dataset/outputs/simulated_audio_7f020eb1.wav,0,10,0
/mnt/fscompute_shared/simulation_dataset/outputs/simulated_audio_750b84d8.wav,0,10,0
/mnt/fscompute_shared/simulation_dataset/outputs/simulated_audio_fa6af285.wav,0,10,0
/mnt/fscompute_shared/simulation_dataset/outputs/simulated_audio_d15bb883.wav,0,10,0
/mnt/fscompute_shared/simulation_dataset/outputs/simulated_audio_94989fac.wav,0,10,0
/mnt/fscompute_shared/simulation_dataset/outputs/simulated_audio_69177d01.wav,0,10,0
/mnt/fscompute_shared/simulation_dataset/outputs/simulated_audio_ae769b90.wav,0,10,0
/mnt/fscompute_shared/simulation_dataset/outputs/simulated_audio_1678eab8.wav,0,10,0
/mnt/fscompute_shared/simulation_dataset/outputs/simulated_audio_4fe51814.wav,0,10,0
/mnt/fscompute_shared/simulation_dataset/outputs/simulated_audio_f29aaa10.wav,0,10,0
/mnt/fscompute_shared/simulation_dataset/outputs/simulated_audio_41415c41.wav,0,10,0
/mnt/fscompute_shared/simulation_dataset/outputs/simulated_audio_8251da89.wav,0,10,0
/mnt/fscompute_shared/simulation_dataset/outputs/simulated_audio_bb3db185.wav,0,10,0
/mnt/fscompute_shared/simulation_dataset/outputs/simulated_audio_437f829c.wav,0,10,0
/mnt/fscompute_shared/simulation_dataset/outputs/simulated_audio_ae69d4ce.wav,0,10,0
/mnt/fscompute_shared/simulation_dataset/outputs/simulated_audio_a208e3d9.wav,0,10,0
/mnt/fscompute_shared/simulation_dataset/outputs/simulated_audio_9391b9a1.wav,0,10,0
/mnt/fscompute_shared/simulation_dataset/outputs/simulated_audio_dbb22595.wav,0,10,0
/mnt/fscompute_shared/simulation_dataset/outputs/simulated_audio_671b9e6e.wav,0,10,0
/mnt/fscompute_shared/simulation_dataset/outputs/simulated_audio_da3161e6.wav,0,10,0
/mnt/fscompute_shared/simulation_dataset/outputs/simulated_audio_b4a3a2af.wav,0,10,0
/mnt/fscompute_shared/simulation_dataset/outputs/simulated_audio_9bc46ad8.wav,0,10,0
/mnt/fscompute_shared/simulation_dataset/outputs/simulated_audio_609fe432.wav,0,10,0
/mnt/fscompute_shared/simulation_dataset/outputs/simulated_audio_55546dba.wav,0,10,0
/mnt/fscompute_shared/simulation_dataset/outputs/simulated_audio_7fed2584.wav,0,10,0
/mnt/fscompute_shared/simulation_dataset/outputs/simulated_audio_ca50d4f4.wav,0,10,0
/mnt/fscompute_shared/simulation_dataset/outputs/simulated_audio_57f996e5.wav,0,10,0
/mnt/fscompute_shared/simulation_dataset/outputs/simulated_audio_303a6c31.wav,0,10,0
/mnt/fscompute_shared/simulation_dataset/outputs/simulated_audio_b4d7c336.wav,0,10,0
/mnt/fscompute_shared/simulation_dataset/outputs/simulated_audio_a352e2a7.wav,0,10,0
/mnt/fscompute_shared/simulation_dataset/outputs/simulated_audio_5510697d.wav,0,10,0
/mnt/fscompute_shared/simulation_dataset/outputs/simulated_audio_0b4e8de9.wav,0,10,0
/mnt/fscompute_shared/simulation_dataset/outputs/simulated_audio_8e98e158.wav,0,10,0
/mnt/fscompute_shared/simulation_dataset/outputs/simulated_audio_9469ccae.wav,0,10,0
/mnt/fscompute_shared/simulation_dataset/outputs/simulated_audio_d6b50728.wav,0,10,0
/mnt/fscompute_shared/simulation_dataset/outputs/simulated_audio_79094570.wav,0,10,0
/mnt/fscompute_shared/simulation_dataset/outputs/simulated_audio_5096c9e8.wav,0,10,0
/mnt/fscompute_shared/simulation_dataset/outputs/simulated_audio_dbe09691.wav,0,10,0
/mnt/fscompute_shared/simulation_dataset/outputs/simulated_audio_653b75ab.wav,0,10,0
/mnt/fscompute_shared/simulation_dataset/outputs/simulated_audio_32dc8c6d.wav,0,10,0
/mnt/fscompute_shared/simulation_dataset/outputs/simulated_audio_63a1a981.wav,0,10,0
/mnt/fscompute_shared/simulation_dataset/outputs/simulated_audio_280bf56d.wav,0,10,0
/mnt/fscompute_shared/simulation_dataset/outputs/simulated_audio_3e87def3.wav,0,10,0
/mnt/fscompute_shared/simulation_dataset/outputs/simulated_audio_b0e198e1.wav,0,10,0
/mnt/fscompute_shared/simulation_dataset/outputs/simulated_audio_eb509b28.wav,0,10,0
/mnt/fscompute_shared/simulation_dataset/outputs/simulated_audio_35a2ae6d.wav,0,10,0
/mnt/fscompute_shared/simulation_dataset/outputs/simulated_audio_d9a14d64.wav,0,10,0
/mnt/fscompute_shared/simulation_dataset/outputs/simulated_audio_0679b1e2.wav,0,10,0
/mnt/fscompute_shared/simulation_dataset/outputs/simulated_audio_fcfa44c7.wav,0,10,0
/mnt/fscompute_shared/simulation_dataset/outputs/simulated_audio_0061c92b.wav,0,10,0
/mnt/fscompute_shared/simulation_dataset/outputs/simulated_audio_af423973.wav,0,10,0
/mnt/fscompute_shared/simulation_dataset/outputs/simulated_audio_baabfcb1.wav,0,10,0
/mnt/fscompute_shared/simulation_dataset/outputs/simulated_audio_2647f7c3.wav,0,10,0
/mnt/fscompute_shared/simulation_dataset/outputs/simulated_audio_1249c601.wav,0,10,0
/mnt/fscompute_shared/simulation_dataset/outputs/simulated_audio_451fdb96.wav,0,10,0
/mnt/fscompute_shared/simulation_dataset/outputs/simulated_audio_4c817263.wav,0,10,0
/mnt/fscompute_shared/simulation_dataset/outputs/simulated_audio_0a5a8562.wav,0,10,0
/mnt/fscompute_shared/simulation_dataset/outputs/simulated_audio_9382d948.wav,0,10,0
/mnt/fscompute_shared/simulation_dataset/outputs/simulated_audio_ec6fe3dd.wav,0,10,0
/mnt/fscompute_shared/simulation_dataset/outputs/simulated_audio_3be7028d.wav,0,10,0
/mnt/fscompute_shared/simulation_dataset/outputs/simulated_audio_053fe247.wav,0,10,0
/mnt/fscompute_shared/simulation_dataset/outputs/simulated_audio_cba0d5f0.wav,0,10,0
/mnt/fscompute_shared/simulation_dataset/outputs/simulated_audio_4c6404dd.wav,0,10,0
/mnt/fscompute_shared/simulation_dataset/outputs/simulated_audio_78fbe475.wav,0,10,0
/mnt/fscompute_shared/simulation_dataset/outputs/simulated_audio_9170a764.wav,0,10,0
/mnt/fscompute_shared/simulation_dataset/outputs/simulated_audio_5e758a84.wav,0,10,0
/mnt/fscompute_shared/simulation_dataset/outputs/simulated_audio_13eb6754.wav,0,10,0
/mnt/fscompute_shared/simulation_dataset/outputs/simulated_audio_8abe7af0.wav,0,10,0
/mnt/fscompute_shared/simulation_dataset/outputs/simulated_audio_b13a4d13.wav,0,10,0
/mnt/fscompute_shared/simulation_dataset/outputs/simulated_audio_bd3140e7.wav,0,10,0
/mnt/fscompute_shared/simulation_dataset/outputs/simulated_audio_f19f642a.wav,0,10,0
/mnt/fscompute_shared/simulation_dataset/outputs/simulated_audio_cabaf8af.wav,0,10,0
/mnt/fscompute_shared/simulation_dataset/outputs/simulated_audio_e5ffa971.wav,0,10,0
/mnt/fscompute_shared/simulation_dataset/outputs/simulated_audio_498d234e.wav,0,10,0
/mnt/fscompute_shared/simulation_dataset/outputs/simulated_audio_1696d364.wav,0,10,0
/mnt/fscompute_shared/simulation_dataset/outputs/simulated_audio_f7b4fd6f.wav,0,10,0
/mnt/fscompute_shared/simulation_dataset/outputs/simulated_audio_fce94fc3.wav,0,10,0
/mnt/fscompute_shared/simulation_dataset/outputs/simulated_audio_3a79534c.wav,0,10,0
/mnt/fscompute_shared/simulation_dataset/outputs/simulated_audio_b8723a4a.wav,0,10,0
/mnt/fscompute_shared/simulation_dataset/outputs/simulated_audio_c7997cdf.wav,0,10,0
/mnt/fscompute_shared/simulation_dataset/outputs/simulated_audio_7e376606.wav,0,10,0
/mnt/fscompute_shared/simulation_dataset/outputs/simulated_audio_4d7988ea.wav,0,10,0
/mnt/fscompute_shared/simulation_dataset/outputs/simulated_audio_67e70a64.wav,0,10,0
/mnt/fscompute_shared/simulation_dataset/outputs/simulated_audio_46ba6f57.wav,0,10,0
/mnt/fscompute_shared/simulation_dataset/outputs/simulated_audio_5becd80c.wav,0,10,0
/mnt/fscompute_shared/simulation_dataset/outputs/simulated_audio_37099331.wav,0,10,0
/mnt/fscompute_shared/simulation_dataset/outputs/simulated_audio_2ba6507c.wav,0,10,0
/mnt/fscompute_shared/simulation_dataset/outputs/simulated_audio_3275f159.wav,0,10,0
/mnt/fscompute_shared/simulation_dataset/outputs/simulated_audio_a4967555.wav,0,10,0
/mnt/fscompute_shared/simulation_dataset/outputs/simulated_audio_2971be33.wav,0,10,0
/mnt/fscompute_shared/simulation_dataset/outputs/simulated_audio_ce9ba81b.wav,0,10,0
/mnt/fscompute_shared/simulation_dataset/outputs/simulated_audio_da10dfa1.wav,0,10,0
/mnt/fscompute_shared/simulation_dataset/outputs/simulated_audio_ed83241f.wav,0,10,0
/mnt/fscompute_shared/simulation_dataset/outputs/simulated_audio_fa8a3df4.wav,0,10,0
/mnt/fscompute_shared/simulation_dataset/outputs/simulated_audio_6d2bccc2.wav,0,10,0
/mnt/fscompute_shared/simulation_dataset/outputs/simulated_audio_fc4d84d9.wav,0,10,0
/mnt/fscompute_shared/simulation_dataset/outputs/simulated_audio_90676d89.wav,0,10,0
/mnt/fscompute_shared/simulation_dataset/outputs/simulated_audio_df2c4976.wav,0,10,0
/mnt/fscompute_shared/simulation_dataset/outputs/simulated_audio_e8f7a6b7.wav,0,10,0
/mnt/fscompute_shared/simulation_dataset/outputs/simulated_audio_0ab05c49.wav,0,10,0
/mnt/fscompute_shared/simulation_dataset/outputs/simulated_audio_ad25256d.wav,0,10,0
/mnt/fscompute_shared/simulation_dataset/outputs/simulated_audio_fe7adc43.wav,0,10,0
/mnt/fscompute_shared/simulation_dataset/outputs/simulated_audio_8b16eaff.wav,0,10,0
/mnt/fscompute_shared/simulation_dataset/outputs/simulated_audio_d7b469b7.wav,0,10,0
/mnt/fscompute_shared/simulation_dataset/outputs/simulated_audio_1e4ac832.wav,0,10,0
/mnt/fscompute_shared/simulation_dataset/outputs/simulated_audio_0352f55d.wav,0,10,0
/mnt/fscompute_shared/simulation_dataset/outputs/simulated_audio_546ee7ed.wav,0,10,0
/mnt/fscompute_shared/simulation_dataset/outputs/simulated_audio_f81d7347.wav,0,10,0
/mnt/fscompute_shared/simulation_dataset/outputs/simulated_audio_48796040.wav,0,10,0
/mnt/fscompute_shared/simulation_dataset/outputs/simulated_audio_2d8ca271.wav,0,10,0
/mnt/fscompute_shared/simulation_dataset/outputs/simulated_audio_00d3df10.wav,0,10,0
/mnt/fscompute_shared/simulation_dataset/outputs/simulated_audio_d4e8fe23.wav,0,10,0
/mnt/fscompute_shared/simulation_dataset/outputs/simulated_audio_9e9f3045.wav,0,10,0
/mnt/fscompute_shared/simulation_dataset/outputs/simulated_audio_0f792d20.wav,0,10,0
/mnt/fscompute_shared/simulation_dataset/outputs/simulated_audio_8850366c.wav,0,10,0
/mnt/fscompute_shared/simulation_dataset/outputs/simulated_audio_f7489417.wav,0,10,0
/mnt/fscompute_shared/simulation_dataset/outputs/simulated_audio_e287da2c.wav,0,10,0
/mnt/fscompute_shared/simulation_dataset/outputs/simulated_audio_0363dfa2.wav,0,10,0
/mnt/fscompute_shared/simulation_dataset/outputs/simulated_audio_9d1b9712.wav,0,10,0
/mnt/fscompute_shared/simulation_dataset/outputs/simulated_audio_2ee38fc6.wav,0,10,0
/mnt/fscompute_shared/simulation_dataset/outputs/simulated_audio_e4c8b38e.wav,0,10,0
/mnt/fscompute_shared/simulation_dataset/outputs/simulated_audio_d3efad15.wav,0,10,0
/mnt/fscompute_shared/simulation_dataset/outputs/simulated_audio_844ec485.wav,0,10,0
/mnt/fscompute_shared/simulation_dataset/outputs/simulated_audio_52a97477.wav,0,10,0
/mnt/fscompute_shared/simulation_dataset/outputs/simulated_audio_374a23b9.wav,0,10,0
/mnt/fscompute_shared/simulation_dataset/outputs/simulated_audio_9993f87d.wav,0,10,0
/mnt/fscompute_shared/simulation_dataset/outputs/simulated_audio_0fee12bb.wav,0,10,0
/mnt/fscompute_shared/simulation_dataset/outputs/simulated_audio_30187a8a.wav,0,10,0
/mnt/fscompute_shared/simulation_dataset/outputs/simulated_audio_9238262b.wav,0,10,0
/mnt/fscompute_shared/simulation_dataset/outputs/simulated_audio_e6273cd3.wav,0,10,0
/mnt/fscompute_shared/simulation_dataset/outputs/simulated_audio_05a9c4ab.wav,0,10,0
/mnt/fscompute_shared/simulation_dataset/outputs/simulated_audio_9b85d6bf.wav,0,10,0
/mnt/fscompute_shared/simulation_dataset/outputs/simulated_audio_78814482.wav,0,10,0
/mnt/fscompute_shared/simulation_dataset/outputs/simulated_audio_6f74b7f9.wav,0,10,0
/mnt/fscompute_shared/simulation_dataset/outputs/simulated_audio_eb5df7bb.wav,0,10,0
/mnt/fscompute_shared/simulation_dataset/outputs/simulated_audio_8679fe41.wav,0,10,0
/mnt/fscompute_shared/simulation_dataset/outputs/simulated_audio_efca4042.wav,0,10,0
/mnt/fscompute_shared/simulation_dataset/outputs/simulated_audio_5fb4ca15.wav,0,10,0
/mnt/fscompute_shared/simulation_dataset/outputs/simulated_audio_8fc6c39e.wav,0,10,0
/mnt/fscompute_shared/simulation_dataset/outputs/simulated_audio_b6558fe6.wav,0,10,0
/mnt/fscompute_shared/simulation_dataset/outputs/simulated_audio_4fd66672.wav,0,10,0
/mnt/fscompute_shared/simulation_dataset/outputs/simulated_audio_162a7372.wav,0,10,0
/mnt/fscompute_shared/simulation_dataset/outputs/simulated_audio_45867568.wav,0,10,0
/mnt/fscompute_shared/simulation_dataset/outputs/simulated_audio_352c6501.wav,0,10,0
/mnt/fscompute_shared/simulation_dataset/outputs/simulated_audio_4cc72687.wav,0,10,0
/mnt/fscompute_shared/simulation_dataset/outputs/simulated_audio_ae13e2f7.wav,0,10,0
/mnt/fscompute_shared/simulation_dataset/outputs/simulated_audio_59655459.wav,0,10,0
/mnt/fscompute_shared/simulation_dataset/outputs/simulated_audio_68506e84.wav,0,10,0
/mnt/fscompute_shared/simulation_dataset/outputs/simulated_audio_6c82a2a2.wav,0,10,0
/mnt/fscompute_shared/simulation_dataset/outputs/simulated_audio_e6365e5d.wav,0,10,0
/mnt/fscompute_shared/simulation_dataset/outputs/simulated_audio_9d84b43d.wav,0,10,0
/mnt/fscompute_shared/simulation_dataset/outputs/simulated_audio_028d0ef2.wav,0,10,0
/mnt/fscompute_shared/simulation_dataset/outputs/simulated_audio_4a98b62b.wav,0,10,0
/mnt/fscompute_shared/simulation_dataset/outputs/simulated_audio_744b20b6.wav,0,10,0
/mnt/fscompute_shared/simulation_dataset/outputs/simulated_audio_40201a22.wav,0,10,0
/mnt/fscompute_shared/simulation_dataset/outputs/simulated_audio_0645c6d5.wav,0,10,0
/mnt/fscompute_shared/simulation_dataset/outputs/simulated_audio_6925be53.wav,0,10,0
/mnt/fscompute_shared/simulation_dataset/outputs/simulated_audio_b514dec4.wav,0,10,0
/mnt/fscompute_shared/simulation_dataset/outputs/simulated_audio_1b5c19d1.wav,0,10,0
/mnt/fscompute_shared/simulation_dataset/outputs/simulated_audio_da7ebd28.wav,0,10,0
/mnt/fscompute_shared/simulation_dataset/outputs/simulated_audio_69651d18.wav,0,10,0
/mnt/fscompute_shared/simulation_dataset/outputs/simulated_audio_f97e7cd1.wav,0,10,0
/mnt/fscompute_shared/simulation_dataset/outputs/simulated_audio_21a7d595.wav,0,10,0
/mnt/fscompute_shared/simulation_dataset/outputs/simulated_audio_7a271ab0.wav,0,10,0
/mnt/fscompute_shared/simulation_dataset/outputs/simulated_audio_8a95e0f4.wav,0,10,0
/mnt/fscompute_shared/simulation_dataset/outputs/simulated_audio_32268e64.wav,0,10,0
/mnt/fscompute_shared/simulation_dataset/outputs/simulated_audio_a3e96576.wav,0,10,0
/mnt/fscompute_shared/simulation_dataset/outputs/simulated_audio_7d4ceb45.wav,0,10,0
/mnt/fscompute_shared/simulation_dataset/outputs/simulated_audio_0bb48ab6.wav,0,10,0
/mnt/fscompute_shared/simulation_dataset/outputs/simulated_audio_2fc3ea64.wav,0,10,0
/mnt/fscompute_shared/simulation_dataset/outputs/simulated_audio_5a48f0ee.wav,0,10,0
/mnt/fscompute_shared/simulation_dataset/outputs/simulated_audio_a042a09d.wav,0,10,0
/mnt/fscompute_shared/simulation_dataset/outputs/simulated_audio_e2bddc35.wav,0,10,0
/mnt/fscompute_shared/simulation_dataset/outputs/simulated_audio_be86f458.wav,0,10,0
/mnt/fscompute_shared/simulation_dataset/outputs/simulated_audio_1aece7a5.wav,0,10,0
/mnt/fscompute_shared/simulation_dataset/outputs/simulated_audio_2701b4d3.wav,0,10,0
/mnt/fscompute_shared/simulation_dataset/outputs/simulated_audio_bbd929df.wav,0,10,0
/mnt/fscompute_shared/simulation_dataset/outputs/simulated_audio_dc123be0.wav,0,10,0
/mnt/fscompute_shared/simulation_dataset/outputs/simulated_audio_d6e7da23.wav,0,10,0
/mnt/fscompute_shared/simulation_dataset/outputs/simulated_audio_b76e0085.wav,0,10,0
/mnt/fscompute_shared/simulation_dataset/outputs/simulated_audio_99fdd9d2.wav,0,10,0
/mnt/fscompute_shared/simulation_dataset/outputs/simulated_audio_c5799552.wav,0,10,0
/mnt/fscompute_shared/simulation_dataset/outputs/simulated_audio_f6ef3907.wav,0,10,0
/mnt/fscompute_shared/simulation_dataset/outputs/simulated_audio_dde36cbf.wav,0,10,0
/mnt/fscompute_shared/simulation_dataset/outputs/simulated_audio_aaf965e5.wav,0,10,0
/mnt/fscompute_shared/simulation_dataset/outputs/simulated_audio_d6d71010.wav,0,10,0
/mnt/fscompute_shared/simulation_dataset/outputs/simulated_audio_6395a64e.wav,0,10,0
/mnt/fscompute_shared/simulation_dataset/outputs/simulated_audio_27309675.wav,0,10,0
/mnt/fscompute_shared/simulation_dataset/outputs/simulated_audio_8435f352.wav,0,10,0
/mnt/fscompute_shared/simulation_dataset/outputs/simulated_audio_546400e2.wav,0,10,0
/mnt/fscompute_shared/simulation_dataset/outputs/simulated_audio_b684f4a0.wav,0,10,0
/mnt/fscompute_shared/simulation_dataset/outputs/simulated_audio_ccd04425.wav,0,10,0
/mnt/fscompute_shared/simulation_dataset/outputs/simulated_audio_f8516b86.wav,0,10,0
/mnt/fscompute_shared/simulation_dataset/outputs/simulated_audio_d209d89c.wav,0,10,0
/mnt/fscompute_shared/simulation_dataset/outputs/simulated_audio_ea343702.wav,0,10,0
/mnt/fscompute_shared/simulation_dataset/outputs/simulated_audio_9bb1a2f5.wav,0,10,0
/mnt/fscompute_shared/simulation_dataset/outputs/simulated_audio_12d2c74a.wav,0,10,0
/mnt/fscompute_shared/simulation_dataset/outputs/simulated_audio_b507ddc0.wav,0,10,0
/mnt/fscompute_shared/simulation_dataset/outputs/simulated_audio_8eff9b62.wav,0,10,0
/mnt/fscompute_shared/simulation_dataset/outputs/simulated_audio_5b93aaa0.wav,0,10,0
/mnt/fscompute_shared/simulation_dataset/outputs/simulated_audio_ae152af2.wav,0,10,0
/mnt/fscompute_shared/simulation_dataset/outputs/simulated_audio_ed19db83.wav,0,10,0
/mnt/fscompute_shared/simulation_dataset/outputs/simulated_audio_73050b32.wav,0,10,0
/mnt/fscompute_shared/simulation_dataset/outputs/simulated_audio_c991dbeb.wav,0,10,0
/mnt/fscompute_shared/simulation_dataset/outputs/simulated_audio_fbcc1d6a.wav,0,10,0
/mnt/fscompute_shared/simulation_dataset/outputs/simulated_audio_31ab3524.wav,0,10,0
/mnt/fscompute_shared/simulation_dataset/outputs/simulated_audio_3f1478c2.wav,0,10,0
/mnt/fscompute_shared/simulation_dataset/outputs/simulated_audio_c2df78eb.wav,0,10,0
/mnt/fscompute_shared/simulation_dataset/outputs/simulated_audio_1a6cef9e.wav,0,10,0
/mnt/fscompute_shared/simulation_dataset/outputs/simulated_audio_e820b8ee.wav,0,10,0
/mnt/fscompute_shared/simulation_dataset/outputs/simulated_audio_c3063e31.wav,0,10,0
/mnt/fscompute_shared/simulation_dataset/outputs/simulated_audio_a339b12b.wav,0,10,0
/mnt/fscompute_shared/simulation_dataset/outputs/simulated_audio_41db2ebf.wav,0,10,0
/mnt/fscompute_shared/simulation_dataset/outputs/simulated_audio_8d8410a3.wav,0,10,0
/mnt/fscompute_shared/simulation_dataset/outputs/simulated_audio_e857448b.wav,0,10,0
/mnt/fscompute_shared/simulation_dataset/outputs/simulated_audio_2f47e879.wav,0,10,0
/mnt/fscompute_shared/simulation_dataset/outputs/simulated_audio_a29c0854.wav,0,10,0
/mnt/fscompute_shared/simulation_dataset/outputs/simulated_audio_8f06e521.wav,0,10,0
/mnt/fscompute_shared/simulation_dataset/outputs/simulated_audio_d0ef9050.wav,0,10,0
/mnt/fscompute_shared/simulation_dataset/outputs/simulated_audio_3f216f5a.wav,0,10,0
/mnt/fscompute_shared/simulation_dataset/outputs/simulated_audio_0fceb3b0.wav,0,10,0
/mnt/fscompute_shared/simulation_dataset/outputs/simulated_audio_0efc9337.wav,0,10,0
/mnt/fscompute_shared/simulation_dataset/outputs/simulated_audio_46b688a6.wav,0,10,0
/mnt/fscompute_shared/simulation_dataset/outputs/simulated_audio_d2b407a2.wav,0,10,0
/mnt/fscompute_shared/simulation_dataset/outputs/simulated_audio_9dec21ac.wav,0,10,0
/mnt/fscompute_shared/simulation_dataset/outputs/simulated_audio_b82d0142.wav,0,10,0
/mnt/fscompute_shared/simulation_dataset/outputs/simulated_audio_0270d020.wav,0,10,0
/mnt/fscompute_shared/simulation_dataset/outputs/simulated_audio_65ea38be.wav,0,10,0
/mnt/fscompute_shared/simulation_dataset/outputs/simulated_audio_5e03f42c.wav,0,10,0
/mnt/fscompute_shared/simulation_dataset/outputs/simulated_audio_604f2cc5.wav,0,10,0
/mnt/fscompute_shared/simulation_dataset/outputs/simulated_audio_c1fa97ab.wav,0,10,0
/mnt/fscompute_shared/simulation_dataset/outputs/simulated_audio_ae7adc37.wav,0,10,0
/mnt/fscompute_shared/simulation_dataset/outputs/simulated_audio_9ec9bbb9.wav,0,10,0
/mnt/fscompute_shared/simulation_dataset/outputs/simulated_audio_378f8ccc.wav,0,10,0
/mnt/fscompute_shared/simulation_dataset/outputs/simulated_audio_d339e92d.wav,0,10,0
/mnt/fscompute_shared/simulation_dataset/outputs/simulated_audio_cc8191ea.wav,0,10,0
/mnt/fscompute_shared/simulation_dataset/outputs/simulated_audio_f44e7bb7.wav,0,10,0
/mnt/fscompute_shared/simulation_dataset/outputs/simulated_audio_3279b2e2.wav,0,10,0
/mnt/fscompute_shared/simulation_dataset/outputs/simulated_audio_28da9d8a.wav,0,10,0
/mnt/fscompute_shared/simulation_dataset/outputs/simulated_audio_27c2d10d.wav,0,10,0
/mnt/fscompute_shared/simulation_dataset/outputs/simulated_audio_d53d21b4.wav,0,10,0
/mnt/fscompute_shared/simulation_dataset/outputs/simulated_audio_1a7c4cc7.wav,0,10,0
/mnt/fscompute_shared/simulation_dataset/outputs/simulated_audio_2a529b89.wav,0,10,0
/mnt/fscompute_shared/simulation_dataset/outputs/simulated_audio_b18ec998.wav,0,10,0
/mnt/fscompute_shared/simulation_dataset/outputs/simulated_audio_cc1c5c10.wav,0,10,0
/mnt/fscompute_shared/simulation_dataset/outputs/simulated_audio_2ff78592.wav,0,10,0
/mnt/fscompute_shared/simulation_dataset/outputs/simulated_audio_ce678cb4.wav,0,10,0
/mnt/fscompute_shared/simulation_dataset/outputs/simulated_audio_aa082017.wav,0,10,0
/mnt/fscompute_shared/simulation_dataset/outputs/simulated_audio_c8b3641c.wav,0,10,0
/mnt/fscompute_shared/simulation_dataset/outputs/simulated_audio_3e26885f.wav,0,10,0
/mnt/fscompute_shared/simulation_dataset/outputs/simulated_audio_be096396.wav,0,10,0
/mnt/fscompute_shared/simulation_dataset/outputs/simulated_audio_5f19ba00.wav,0,10,0
/mnt/fscompute_shared/simulation_dataset/outputs/simulated_audio_d947360f.wav,0,10,0
/mnt/fscompute_shared/simulation_dataset/outputs/simulated_audio_2adff392.wav,0,10,0
/mnt/fscompute_shared/simulation_dataset/outputs/simulated_audio_5b272c15.wav,0,10,0
/mnt/fscompute_shared/simulation_dataset/outputs/simulated_audio_b0e1c319.wav,0,10,0
/mnt/fscompute_shared/simulation_dataset/outputs/simulated_audio_5b79eeba.wav,0,10,0
/mnt/fscompute_shared/simulation_dataset/outputs/simulated_audio_34bc302e.wav,0,10,0
/mnt/fscompute_shared/simulation_dataset/outputs/simulated_audio_06a7f7a6.wav,0,10,0
/mnt/fscompute_shared/simulation_dataset/outputs/simulated_audio_c84c714c.wav,0,10,0
/mnt/fscompute_shared/simulation_dataset/outputs/simulated_audio_808fa692.wav,0,10,0
/mnt/fscompute_shared/simulation_dataset/outputs/simulated_audio_9468272b.wav,0,10,0
/mnt/fscompute_shared/simulation_dataset/outputs/simulated_audio_65ebe860.wav,0,10,0
/mnt/fscompute_shared/simulation_dataset/outputs/simulated_audio_b391c025.wav,0,10,0
/mnt/fscompute_shared/simulation_dataset/outputs/simulated_audio_880c3037.wav,0,10,0
/mnt/fscompute_shared/simulation_dataset/outputs/simulated_audio_67665039.wav,0,10,0
/mnt/fscompute_shared/simulation_dataset/outputs/simulated_audio_eda3737a.wav,0,10,0
/mnt/fscompute_shared/simulation_dataset/outputs/simulated_audio_8b3d5cd8.wav,0,10,0
/mnt/fscompute_shared/simulation_dataset/outputs/simulated_audio_1c7fecbe.wav,0,10,0
/mnt/fscompute_shared/simulation_dataset/outputs/simulated_audio_e1369d40.wav,0,10,0
/mnt/fscompute_shared/simulation_dataset/outputs/simulated_audio_d6a6006e.wav,0,10,0
/mnt/fscompute_shared/simulation_dataset/outputs/simulated_audio_b6b3d4e5.wav,0,10,0
/mnt/fscompute_shared/simulation_dataset/outputs/simulated_audio_ce0119ba.wav,0,10,0
/mnt/fscompute_shared/simulation_dataset/outputs/simulated_audio_5e45509f.wav,0,10,0
/mnt/fscompute_shared/simulation_dataset/outputs/simulated_audio_a91cf52a.wav,0,10,0
/mnt/fscompute_shared/simulation_dataset/outputs/simulated_audio_be76e475.wav,0,10,0
/mnt/fscompute_shared/simulation_dataset/outputs/simulated_audio_59d63f48.wav,0,10,0
/mnt/fscompute_shared/simulation_dataset/outputs/simulated_audio_6fa2f1cc.wav,0,10,0
/mnt/fscompute_shared/simulation_dataset/outputs/simulated_audio_2e55c5ab.wav,0,10,0
/mnt/fscompute_shared/simulation_dataset/outputs/simulated_audio_2fe1ff7d.wav,0,10,0
/mnt/fscompute_shared/simulation_dataset/outputs/simulated_audio_84cdbbce.wav,0,10,0
/mnt/fscompute_shared/simulation_dataset/outputs/simulated_audio_3786b32a.wav,0,10,0
/mnt/fscompute_shared/simulation_dataset/outputs/simulated_audio_a6b8d7b3.wav,0,10,0
/mnt/fscompute_shared/simulation_dataset/outputs/simulated_audio_8884b169.wav,0,10,0
/mnt/fscompute_shared/simulation_dataset/outputs/simulated_audio_a71b6ddf.wav,0,10,0
/mnt/fscompute_shared/simulation_dataset/outputs/simulated_audio_5cb429a4.wav,0,10,0
/mnt/fscompute_shared/simulation_dataset/outputs/simulated_audio_2a6c9fba.wav,0,10,0
/mnt/fscompute_shared/simulation_dataset/outputs/simulated_audio_84cef55e.wav,0,10,0
/mnt/fscompute_shared/simulation_dataset/outputs/simulated_audio_0db5e2c1.wav,0,10,0
/mnt/fscompute_shared/simulation_dataset/outputs/simulated_audio_f3d35961.wav,0,10,0
/mnt/fscompute_shared/simulation_dataset/outputs/simulated_audio_9ba20cdb.wav,0,10,0
/mnt/fscompute_shared/simulation_dataset/outputs/simulated_audio_92d148b9.wav,0,10,0
/mnt/fscompute_shared/simulation_dataset/outputs/simulated_audio_6d95b10c.wav,0,10,0
/mnt/fscompute_shared/simulation_dataset/outputs/simulated_audio_60c73b2c.wav,0,10,0
/mnt/fscompute_shared/simulation_dataset/outputs/simulated_audio_7730ff73.wav,0,10,0
/mnt/fscompute_shared/simulation_dataset/outputs/simulated_audio_272b91ad.wav,0,10,0
/mnt/fscompute_shared/simulation_dataset/outputs/simulated_audio_bc814b8c.wav,0,10,0
/mnt/fscompute_shared/simulation_dataset/outputs/simulated_audio_af37525b.wav,0,10,0
/mnt/fscompute_shared/simulation_dataset/outputs/simulated_audio_d0caa70e.wav,0,10,0
/mnt/fscompute_shared/simulation_dataset/outputs/simulated_audio_b20855ef.wav,0,10,0
/mnt/fscompute_shared/simulation_dataset/outputs/simulated_audio_6b103c6b.wav,0,10,0
/mnt/fscompute_shared/simulation_dataset/outputs/simulated_audio_709cd022.wav,0,10,0
/mnt/fscompute_shared/simulation_dataset/outputs/simulated_audio_918ecddd.wav,0,10,0
/mnt/fscompute_shared/simulation_dataset/outputs/simulated_audio_7dff3e54.wav,0,10,0
/mnt/fscompute_shared/simulation_dataset/outputs/simulated_audio_8ca18013.wav,0,10,0
/mnt/fscompute_shared/simulation_dataset/outputs/simulated_audio_9f9e6898.wav,0,10,0
/mnt/fscompute_shared/simulation_dataset/outputs/simulated_audio_62ace835.wav,0,10,0
/mnt/fscompute_shared/simulation_dataset/outputs/simulated_audio_714e47e7.wav,0,10,0
/mnt/fscompute_shared/simulation_dataset/outputs/simulated_audio_9cf31c2c.wav,0,10,0
/mnt/fscompute_shared/simulation_dataset/outputs/simulated_audio_7cb31e55.wav,0,10,0
/mnt/fscompute_shared/simulation_dataset/outputs/simulated_audio_f27dee96.wav,0,10,0
/mnt/fscompute_shared/simulation_dataset/outputs/simulated_audio_24ac1c5a.wav,0,10,0
/mnt/fscompute_shared/simulation_dataset/outputs/simulated_audio_c70cb678.wav,0,10,0
/mnt/fscompute_shared/simulation_dataset/outputs/simulated_audio_03e65414.wav,0,10,0
/mnt/fscompute_shared/simulation_dataset/outputs/simulated_audio_a9e44930.wav,0,10,0
/mnt/fscompute_shared/simulation_dataset/outputs/simulated_audio_1e54c44e.wav,0,10,0
/mnt/fscompute_shared/simulation_dataset/outputs/simulated_audio_09d6084d.wav,0,10,0
/mnt/fscompute_shared/simulation_dataset/outputs/simulated_audio_ec742f57.wav,0,10,0
/mnt/fscompute_shared/simulation_dataset/outputs/simulated_audio_6d94114d.wav,0,10,0
/mnt/fscompute_shared/simulation_dataset/outputs/simulated_audio_31a99891.wav,0,10,0
/mnt/fscompute_shared/simulation_dataset/outputs/simulated_audio_55b0dc4a.wav,0,10,0
/mnt/fscompute_shared/simulation_dataset/outputs/simulated_audio_1aac42ef.wav,0,10,0
/mnt/fscompute_shared/simulation_dataset/outputs/simulated_audio_326d032b.wav,0,10,0
/mnt/fscompute_shared/simulation_dataset/outputs/simulated_audio_5ff76798.wav,0,10,0
/mnt/fscompute_shared/simulation_dataset/outputs/simulated_audio_a639c00e.wav,0,10,0
/mnt/fscompute_shared/simulation_dataset/outputs/simulated_audio_b5d698ca.wav,0,10,0
/mnt/fscompute_shared/simulation_dataset/outputs/simulated_audio_9cc07fcf.wav,0,10,0
/mnt/fscompute_shared/simulation_dataset/outputs/simulated_audio_fedbdfe8.wav,0,10,0
/mnt/fscompute_shared/simulation_dataset/outputs/simulated_audio_8ae06211.wav,0,10,0
/mnt/fscompute_shared/simulation_dataset/outputs/simulated_audio_4d8cd7a1.wav,0,10,0
/mnt/fscompute_shared/simulation_dataset/outputs/simulated_audio_67049334.wav,0,10,0
/mnt/fscompute_shared/simulation_dataset/outputs/simulated_audio_8d936ad8.wav,0,10,0
/mnt/fscompute_shared/simulation_dataset/outputs/simulated_audio_2511c8ba.wav,0,10,0
/mnt/fscompute_shared/simulation_dataset/outputs/simulated_audio_4d173f46.wav,0,10,0
/mnt/fscompute_shared/simulation_dataset/outputs/simulated_audio_f20f75a2.wav,0,10,0
/mnt/fscompute_shared/simulation_dataset/outputs/simulated_audio_ec5e8a45.wav,0,10,0
/mnt/fscompute_shared/simulation_dataset/outputs/simulated_audio_dd286d59.wav,0,10,0
/mnt/fscompute_shared/simulation_dataset/outputs/simulated_audio_8e33c0f4.wav,0,10,0
/mnt/fscompute_shared/simulation_dataset/outputs/simulated_audio_7710953e.wav,0,10,0
/mnt/fscompute_shared/simulation_dataset/outputs/simulated_audio_5ca1476a.wav,0,10,0
/mnt/fscompute_shared/simulation_dataset/outputs/simulated_audio_2eae24c7.wav,0,10,0
/mnt/fscompute_shared/simulation_dataset/outputs/simulated_audio_80b05ba8.wav,0,10,0
/mnt/fscompute_shared/simulation_dataset/outputs/simulated_audio_090a758b.wav,0,10,0
/mnt/fscompute_shared/simulation_dataset/outputs/simulated_audio_33e7f0da.wav,0,10,0
/mnt/fscompute_shared/simulation_dataset/outputs/simulated_audio_6cffc27d.wav,0,10,0
/mnt/fscompute_shared/simulation_dataset/outputs/simulated_audio_c8d270a1.wav,0,10,0
/mnt/fscompute_shared/simulation_dataset/outputs/simulated_audio_a7326452.wav,0,10,0
/mnt/fscompute_shared/simulation_dataset/outputs/simulated_audio_69ab0818.wav,0,10,0
/mnt/fscompute_shared/simulation_dataset/outputs/simulated_audio_6adb2253.wav,0,10,0
/mnt/fscompute_shared/simulation_dataset/outputs/simulated_audio_863707f3.wav,0,10,0
/mnt/fscompute_shared/simulation_dataset/outputs/simulated_audio_e1133c38.wav,0,10,0
/mnt/fscompute_shared/simulation_dataset/outputs/simulated_audio_88868b16.wav,0,10,0
/mnt/fscompute_shared/simulation_dataset/outputs/simulated_audio_4d28c47d.wav,0,10,0
/mnt/fscompute_shared/simulation_dataset/outputs/simulated_audio_e84e19aa.wav,0,10,0
/mnt/fscompute_shared/simulation_dataset/outputs/simulated_audio_a14a7514.wav,0,10,0
/mnt/fscompute_shared/simulation_dataset/outputs/simulated_audio_d86dbcfb.wav,0,10,0
/mnt/fscompute_shared/simulation_dataset/outputs/simulated_audio_73f45189.wav,0,10,0
/mnt/fscompute_shared/simulation_dataset/outputs/simulated_audio_a57b64af.wav,0,10,0
/mnt/fscompute_shared/simulation_dataset/outputs/simulated_audio_09f9fa95.wav,0,10,0
/mnt/fscompute_shared/simulation_dataset/outputs/simulated_audio_13641977.wav,0,10,0
/mnt/fscompute_shared/simulation_dataset/outputs/simulated_audio_2a236514.wav,0,10,0
/mnt/fscompute_shared/simulation_dataset/outputs/simulated_audio_7ab1f093.wav,0,10,0
/mnt/fscompute_shared/simulation_dataset/outputs/simulated_audio_8259dd8d.wav,0,10,0
/mnt/fscompute_shared/simulation_dataset/outputs/simulated_audio_cf046a2b.wav,0,10,0
/mnt/fscompute_shared/simulation_dataset/outputs/simulated_audio_f81bbd50.wav,0,10,0
/mnt/fscompute_shared/simulation_dataset/outputs/simulated_audio_358e7be5.wav,0,10,0
/mnt/fscompute_shared/simulation_dataset/outputs/simulated_audio_e8826e55.wav,0,10,0
/mnt/fscompute_shared/simulation_dataset/outputs/simulated_audio_814d6b34.wav,0,10,0
/mnt/fscompute_shared/simulation_dataset/outputs/simulated_audio_e8b43717.wav,0,10,0
/mnt/fscompute_shared/simulation_dataset/outputs/simulated_audio_d9e6b39c.wav,0,10,0
/mnt/fscompute_shared/simulation_dataset/outputs/simulated_audio_90fb42f8.wav,0,10,0
/mnt/fscompute_shared/simulation_dataset/outputs/simulated_audio_a5e060db.wav,0,10,0
/mnt/fscompute_shared/simulation_dataset/outputs/simulated_audio_c684fbaf.wav,0,10,0
/mnt/fscompute_shared/simulation_dataset/outputs/simulated_audio_f76feac4.wav,0,10,0
/mnt/fscompute_shared/simulation_dataset/outputs/simulated_audio_35d535af.wav,0,10,0
/mnt/fscompute_shared/simulation_dataset/outputs/simulated_audio_20e700ef.wav,0,10,0
/mnt/fscompute_shared/simulation_dataset/outputs/simulated_audio_f266c67e.wav,0,10,0
/mnt/fscompute_shared/simulation_dataset/outputs/simulated_audio_e20183c9.wav,0,10,0
/mnt/fscompute_shared/simulation_dataset/outputs/simulated_audio_d7e3caf0.wav,0,10,0
/mnt/fscompute_shared/simulation_dataset/outputs/simulated_audio_296066d1.wav,0,10,0
/mnt/fscompute_shared/simulation_dataset/outputs/simulated_audio_170874c4.wav,0,10,0
/mnt/fscompute_shared/simulation_dataset/outputs/simulated_audio_388e3801.wav,0,10,0
/mnt/fscompute_shared/simulation_dataset/outputs/simulated_audio_cba7ed2e.wav,0,10,0
/mnt/fscompute_shared/simulation_dataset/outputs/simulated_audio_4b8680df.wav,0,10,0
/mnt/fscompute_shared/simulation_dataset/outputs/simulated_audio_bee82d65.wav,0,10,0
/mnt/fscompute_shared/simulation_dataset/outputs/simulated_audio_1ab5e96c.wav,0,10,0
/mnt/fscompute_shared/simulation_dataset/outputs/simulated_audio_0a9fb0c1.wav,0,10,0
/mnt/fscompute_shared/simulation_dataset/outputs/simulated_audio_acafc2c3.wav,0,10,0
/mnt/fscompute_shared/simulation_dataset/outputs/simulated_audio_9e189c47.wav,0,10,0
/mnt/fscompute_shared/simulation_dataset/outputs/simulated_audio_584cd021.wav,0,10,0
/mnt/fscompute_shared/simulation_dataset/outputs/simulated_audio_25429840.wav,0,10,0
/mnt/fscompute_shared/simulation_dataset/outputs/simulated_audio_556b3041.wav,0,10,0
/mnt/fscompute_shared/simulation_dataset/outputs/simulated_audio_84f5ae50.wav,0,10,0
/mnt/fscompute_shared/simulation_dataset/outputs/simulated_audio_dd622d7a.wav,0,10,0
/mnt/fscompute_shared/simulation_dataset/outputs/simulated_audio_4124b840.wav,0,10,0
/mnt/fscompute_shared/simulation_dataset/outputs/simulated_audio_b6399892.wav,0,10,0
/mnt/fscompute_shared/simulation_dataset/outputs/simulated_audio_8188b9a1.wav,0,10,0
/mnt/fscompute_shared/simulation_dataset/outputs/simulated_audio_78307411.wav,0,10,0
/mnt/fscompute_shared/simulation_dataset/outputs/simulated_audio_705633c3.wav,0,10,0
/mnt/fscompute_shared/simulation_dataset/outputs/simulated_audio_8e9b8080.wav,0,10,0
/mnt/fscompute_shared/simulation_dataset/outputs/simulated_audio_d6d7ffa3.wav,0,10,0
/mnt/fscompute_shared/simulation_dataset/outputs/simulated_audio_9eb6d680.wav,0,10,0
/mnt/fscompute_shared/simulation_dataset/outputs/simulated_audio_bbf41280.wav,0,10,0
/mnt/fscompute_shared/simulation_dataset/outputs/simulated_audio_7dc3c9d8.wav,0,10,0
/mnt/fscompute_shared/simulation_dataset/outputs/simulated_audio_85e7ab50.wav,0,10,0
/mnt/fscompute_shared/simulation_dataset/outputs/simulated_audio_0a97ee5c.wav,0,10,0
/mnt/fscompute_shared/simulation_dataset/outputs/simulated_audio_65d1777e.wav,0,10,0
/mnt/fscompute_shared/simulation_dataset/outputs/simulated_audio_4bb3f34d.wav,0,10,0
/mnt/fscompute_shared/simulation_dataset/outputs/simulated_audio_9c91aa68.wav,0,10,0
/mnt/fscompute_shared/simulation_dataset/outputs/simulated_audio_2e6438f7.wav,0,10,0
/mnt/fscompute_shared/simulation_dataset/outputs/simulated_audio_3d0fa2ab.wav,0,10,0
/mnt/fscompute_shared/simulation_dataset/outputs/simulated_audio_dc3f0091.wav,0,10,0
/mnt/fscompute_shared/simulation_dataset/outputs/simulated_audio_6ca0b7d5.wav,0,10,0
/mnt/fscompute_shared/simulation_dataset/outputs/simulated_audio_143a8156.wav,0,10,0
/mnt/fscompute_shared/simulation_dataset/outputs/simulated_audio_0f7e0b11.wav,0,10,0
/mnt/fscompute_shared/simulation_dataset/outputs/simulated_audio_d7574ee4.wav,0,10,0
/mnt/fscompute_shared/simulation_dataset/outputs/simulated_audio_17ef30c4.wav,0,10,0
/mnt/fscompute_shared/simulation_dataset/outputs/simulated_audio_26a8ac73.wav,0,10,0
/mnt/fscompute_shared/simulation_dataset/outputs/simulated_audio_e49b8fb4.wav,0,10,0
/mnt/fscompute_shared/simulation_dataset/outputs/simulated_audio_3b72469c.wav,0,10,0
/mnt/fscompute_shared/simulation_dataset/outputs/simulated_audio_1edba531.wav,0,10,0
/mnt/fscompute_shared/simulation_dataset/outputs/simulated_audio_18e92422.wav,0,10,0
/mnt/fscompute_shared/simulation_dataset/outputs/simulated_audio_7ae0db55.wav,0,10,0
/mnt/fscompute_shared/simulation_dataset/outputs/simulated_audio_184f63e0.wav,0,10,0
/mnt/fscompute_shared/simulation_dataset/outputs/simulated_audio_b0053231.wav,0,10,0
/mnt/fscompute_shared/simulation_dataset/outputs/simulated_audio_babf1976.wav,0,10,0
/mnt/fscompute_shared/simulation_dataset/outputs/simulated_audio_d70dd171.wav,0,10,0
/mnt/fscompute_shared/simulation_dataset/outputs/simulated_audio_f4c9adec.wav,0,10,0
/mnt/fscompute_shared/simulation_dataset/outputs/simulated_audio_575d213c.wav,0,10,0
/mnt/fscompute_shared/simulation_dataset/outputs/simulated_audio_b413056e.wav,0,10,0
/mnt/fscompute_shared/simulation_dataset/outputs/simulated_audio_3c452360.wav,0,10,0
/mnt/fscompute_shared/simulation_dataset/outputs/simulated_audio_a1368c59.wav,0,10,0
/mnt/fscompute_shared/simulation_dataset/outputs/simulated_audio_80b3359b.wav,0,10,0
/mnt/fscompute_shared/simulation_dataset/outputs/simulated_audio_69f1db72.wav,0,10,0
/mnt/fscompute_shared/simulation_dataset/outputs/simulated_audio_b67a74f9.wav,0,10,0
/mnt/fscompute_shared/simulation_dataset/outputs/simulated_audio_f1c3057a.wav,0,10,0
/mnt/fscompute_shared/simulation_dataset/outputs/simulated_audio_1560b4d1.wav,0,10,0
/mnt/fscompute_shared/simulation_dataset/outputs/simulated_audio_60ef410c.wav,0,10,0
/mnt/fscompute_shared/simulation_dataset/outputs/simulated_audio_6173031f.wav,0,10,0
/mnt/fscompute_shared/simulation_dataset/outputs/simulated_audio_da70dae1.wav,0,10,0
/mnt/fscompute_shared/simulation_dataset/outputs/simulated_audio_4716b422.wav,0,10,0
/mnt/fscompute_shared/simulation_dataset/outputs/simulated_audio_4373a234.wav,0,10,0
/mnt/fscompute_shared/simulation_dataset/outputs/simulated_audio_f76dec1b.wav,0,10,0
/mnt/fscompute_shared/simulation_dataset/outputs/simulated_audio_0c30a8b1.wav,0,10,0
/mnt/fscompute_shared/simulation_dataset/outputs/simulated_audio_ec44e0da.wav,0,10,0
/mnt/fscompute_shared/simulation_dataset/outputs/simulated_audio_893d5b74.wav,0,10,0
/mnt/fscompute_shared/simulation_dataset/outputs/simulated_audio_d0a17875.wav,0,10,0
/mnt/fscompute_shared/simulation_dataset/outputs/simulated_audio_011a36d5.wav,0,10,0
/mnt/fscompute_shared/simulation_dataset/outputs/simulated_audio_6909b198.wav,0,10,0
/mnt/fscompute_shared/simulation_dataset/outputs/simulated_audio_27a9fd68.wav,0,10,0
/mnt/fscompute_shared/simulation_dataset/outputs/simulated_audio_d65559d5.wav,0,10,0
/mnt/fscompute_shared/simulation_dataset/outputs/simulated_audio_fbdfdda4.wav,0,10,0
/mnt/fscompute_shared/simulation_dataset/outputs/simulated_audio_f76cda25.wav,0,10,0
/mnt/fscompute_shared/simulation_dataset/outputs/simulated_audio_c9bf0c44.wav,0,10,0
/mnt/fscompute_shared/simulation_dataset/outputs/simulated_audio_36ebf19a.wav,0,10,0
/mnt/fscompute_shared/simulation_dataset/outputs/simulated_audio_cbd3f2e3.wav,0,10,0
/mnt/fscompute_shared/simulation_dataset/outputs/simulated_audio_8a5ee179.wav,0,10,0
/mnt/fscompute_shared/simulation_dataset/outputs/simulated_audio_a93ee0ce.wav,0,10,0
/mnt/fscompute_shared/simulation_dataset/outputs/simulated_audio_114ab3d0.wav,0,10,0
/mnt/fscompute_shared/simulation_dataset/outputs/simulated_audio_b34b3394.wav,0,10,0
/mnt/fscompute_shared/simulation_dataset/outputs/simulated_audio_7f586c7d.wav,0,10,0
/mnt/fscompute_shared/simulation_dataset/outputs/simulated_audio_376e8e88.wav,0,10,0
/mnt/fscompute_shared/simulation_dataset/outputs/simulated_audio_240c4179.wav,0,10,0
/mnt/fscompute_shared/simulation_dataset/outputs/simulated_audio_cc690de0.wav,0,10,0
/mnt/fscompute_shared/simulation_dataset/outputs/simulated_audio_b7680853.wav,0,10,0
/mnt/fscompute_shared/simulation_dataset/outputs/simulated_audio_32e341ab.wav,0,10,0
/mnt/fscompute_shared/simulation_dataset/outputs/simulated_audio_cdb7883d.wav,0,10,0
/mnt/fscompute_shared/simulation_dataset/outputs/simulated_audio_9aaa5cd5.wav,0,10,0
/mnt/fscompute_shared/simulation_dataset/outputs/simulated_audio_9d8fe816.wav,0,10,0
/mnt/fscompute_shared/simulation_dataset/outputs/simulated_audio_56504624.wav,0,10,0
/mnt/fscompute_shared/simulation_dataset/outputs/simulated_audio_95c87160.wav,0,10,0
/mnt/fscompute_shared/simulation_dataset/outputs/simulated_audio_c799f359.wav,0,10,0
/mnt/fscompute_shared/simulation_dataset/outputs/simulated_audio_d608f5f9.wav,0,10,0
/mnt/fscompute_shared/simulation_dataset/outputs/simulated_audio_a47e0b83.wav,0,10,0
/mnt/fscompute_shared/simulation_dataset/outputs/simulated_audio_1c0d9c7d.wav,0,10,0
/mnt/fscompute_shared/simulation_dataset/outputs/simulated_audio_45125d3f.wav,0,10,0
/mnt/fscompute_shared/simulation_dataset/outputs/simulated_audio_513a04f6.wav,0,10,0
/mnt/fscompute_shared/simulation_dataset/outputs/simulated_audio_7855cf1d.wav,0,10,0
/mnt/fscompute_shared/simulation_dataset/outputs/simulated_audio_6d540ad0.wav,0,10,0
/mnt/fscompute_shared/simulation_dataset/outputs/simulated_audio_57a81edf.wav,0,10,0
/mnt/fscompute_shared/simulation_dataset/outputs/simulated_audio_327d597b.wav,0,10,0
/mnt/fscompute_shared/simulation_dataset/outputs/simulated_audio_76905fb5.wav,0,10,0
/mnt/fscompute_shared/simulation_dataset/outputs/simulated_audio_ee392ee5.wav,0,10,0
/mnt/fscompute_shared/simulation_dataset/outputs/simulated_audio_04ce4825.wav,0,10,0
/mnt/fscompute_shared/simulation_dataset/outputs/simulated_audio_e82b539a.wav,0,10,0
/mnt/fscompute_shared/simulation_dataset/outputs/simulated_audio_e6f451ff.wav,0,10,0
/mnt/fscompute_shared/simulation_dataset/outputs/simulated_audio_c789dba7.wav,0,10,0
/mnt/fscompute_shared/simulation_dataset/outputs/simulated_audio_b0b280bf.wav,0,10,0
/mnt/fscompute_shared/simulation_dataset/outputs/simulated_audio_ea1487b4.wav,0,10,0
/mnt/fscompute_shared/simulation_dataset/outputs/simulated_audio_780af259.wav,0,10,0
/mnt/fscompute_shared/simulation_dataset/outputs/simulated_audio_36ab2c75.wav,0,10,0
/mnt/fscompute_shared/simulation_dataset/outputs/simulated_audio_eb174b38.wav,0,10,0
/mnt/fscompute_shared/simulation_dataset/outputs/simulated_audio_749d2e82.wav,0,10,0
/mnt/fscompute_shared/simulation_dataset/outputs/simulated_audio_4806a0ac.wav,0,10,0
/mnt/fscompute_shared/simulation_dataset/outputs/simulated_audio_bc51fa1f.wav,0,10,0
/mnt/fscompute_shared/simulation_dataset/outputs/simulated_audio_df9def3e.wav,0,10,0
/mnt/fscompute_shared/simulation_dataset/outputs/simulated_audio_fc1efa50.wav,0,10,0
/mnt/fscompute_shared/simulation_dataset/outputs/simulated_audio_902fe2b8.wav,0,10,0
/mnt/fscompute_shared/simulation_dataset/outputs/simulated_audio_ca0ac16e.wav,0,10,0
/mnt/fscompute_shared/simulation_dataset/outputs/simulated_audio_b6977e43.wav,0,10,0
/mnt/fscompute_shared/simulation_dataset/outputs/simulated_audio_5fd098bb.wav,0,10,0
/mnt/fscompute_shared/simulation_dataset/outputs/simulated_audio_49022ac8.wav,0,10,0
/mnt/fscompute_shared/simulation_dataset/outputs/simulated_audio_468417d7.wav,0,10,0
/mnt/fscompute_shared/simulation_dataset/outputs/simulated_audio_ae02da46.wav,0,10,0
/mnt/fscompute_shared/simulation_dataset/outputs/simulated_audio_29c5f5c2.wav,0,10,0
/mnt/fscompute_shared/simulation_dataset/outputs/simulated_audio_04cc01e7.wav,0,10,0
/mnt/fscompute_shared/simulation_dataset/outputs/simulated_audio_38e271de.wav,0,10,0
/mnt/fscompute_shared/simulation_dataset/outputs/simulated_audio_e5e7131f.wav,0,10,0
/mnt/fscompute_shared/simulation_dataset/outputs/simulated_audio_45b4ffb3.wav,0,10,0
/mnt/fscompute_shared/simulation_dataset/outputs/simulated_audio_aff725f8.wav,0,10,0
/mnt/fscompute_shared/simulation_dataset/outputs/simulated_audio_7b6cc060.wav,0,10,0
/mnt/fscompute_shared/simulation_dataset/outputs/simulated_audio_f6a72b34.wav,0,10,0
/mnt/fscompute_shared/simulation_dataset/outputs/simulated_audio_286b654b.wav,0,10,0
/mnt/fscompute_shared/simulation_dataset/outputs/simulated_audio_01e0d180.wav,0,10,0
/mnt/fscompute_shared/simulation_dataset/outputs/simulated_audio_d42c66fe.wav,0,10,0
/mnt/fscompute_shared/simulation_dataset/outputs/simulated_audio_a4e87730.wav,0,10,0
/mnt/fscompute_shared/simulation_dataset/outputs/simulated_audio_63b4abfc.wav,0,10,0
/mnt/fscompute_shared/simulation_dataset/outputs/simulated_audio_463aa09e.wav,0,10,0
/mnt/fscompute_shared/simulation_dataset/outputs/simulated_audio_48fbd3d1.wav,0,10,0
/mnt/fscompute_shared/simulation_dataset/outputs/simulated_audio_1af7870f.wav,0,10,0
/mnt/fscompute_shared/simulation_dataset/outputs/simulated_audio_14ed76e8.wav,0,10,0
/mnt/fscompute_shared/simulation_dataset/outputs/simulated_audio_b9dea789.wav,0,10,0
/mnt/fscompute_shared/simulation_dataset/outputs/simulated_audio_39019d12.wav,0,10,0
/mnt/fscompute_shared/simulation_dataset/outputs/simulated_audio_761a0274.wav,0,10,0
/mnt/fscompute_shared/simulation_dataset/outputs/simulated_audio_471afedb.wav,0,10,0
/mnt/fscompute_shared/simulation_dataset/outputs/simulated_audio_0eb80e2a.wav,0,10,0
/mnt/fscompute_shared/simulation_dataset/outputs/simulated_audio_1f932148.wav,0,10,0
/mnt/fscompute_shared/simulation_dataset/outputs/simulated_audio_bf0c16e3.wav,0,10,0
/mnt/fscompute_shared/simulation_dataset/outputs/simulated_audio_d17322e5.wav,0,10,0
/mnt/fscompute_shared/simulation_dataset/outputs/simulated_audio_6c3e543a.wav,0,10,0
/mnt/fscompute_shared/simulation_dataset/outputs/simulated_audio_17beba1a.wav,0,10,0
/mnt/fscompute_shared/simulation_dataset/outputs/simulated_audio_3c19ee98.wav,0,10,0
/mnt/fscompute_shared/simulation_dataset/outputs/simulated_audio_f53b5dce.wav,0,10,0
/mnt/fscompute_shared/simulation_dataset/outputs/simulated_audio_19d970a4.wav,0,10,0
/mnt/fscompute_shared/simulation_dataset/outputs/simulated_audio_f29828a4.wav,0,10,0
/mnt/fscompute_shared/simulation_dataset/outputs/simulated_audio_b6088839.wav,0,10,0
/mnt/fscompute_shared/simulation_dataset/outputs/simulated_audio_2c11cad7.wav,0,10,0
/mnt/fscompute_shared/simulation_dataset/outputs/simulated_audio_0bc95325.wav,0,10,0
/mnt/fscompute_shared/simulation_dataset/outputs/simulated_audio_b0c1453f.wav,0,10,0
/mnt/fscompute_shared/simulation_dataset/outputs/simulated_audio_57d93dcb.wav,0,10,0
/mnt/fscompute_shared/simulation_dataset/outputs/simulated_audio_537eb380.wav,0,10,0
/mnt/fscompute_shared/simulation_dataset/outputs/simulated_audio_4cd1ff3a.wav,0,10,0
/mnt/fscompute_shared/simulation_dataset/outputs/simulated_audio_4e80bfa0.wav,0,10,0
/mnt/fscompute_shared/simulation_dataset/outputs/simulated_audio_bbb05038.wav,0,10,0
/mnt/fscompute_shared/simulation_dataset/outputs/simulated_audio_b8bb28a4.wav,0,10,0
/mnt/fscompute_shared/simulation_dataset/outputs/simulated_audio_bc4f756c.wav,0,10,0
/mnt/fscompute_shared/simulation_dataset/outputs/simulated_audio_97b09710.wav,0,10,0
/mnt/fscompute_shared/simulation_dataset/outputs/simulated_audio_2cde73bb.wav,0,10,0
/mnt/fscompute_shared/simulation_dataset/outputs/simulated_audio_11bb2192.wav,0,10,0
/mnt/fscompute_shared/simulation_dataset/outputs/simulated_audio_73531519.wav,0,10,0
/mnt/fscompute_shared/simulation_dataset/outputs/simulated_audio_ab0bb993.wav,0,10,0
/mnt/fscompute_shared/simulation_dataset/outputs/simulated_audio_912ad0a4.wav,0,10,0
/mnt/fscompute_shared/simulation_dataset/outputs/simulated_audio_71332d21.wav,0,10,0
/mnt/fscompute_shared/simulation_dataset/outputs/simulated_audio_9787b095.wav,0,10,0
/mnt/fscompute_shared/simulation_dataset/outputs/simulated_audio_e909c3ba.wav,0,10,0
/mnt/fscompute_shared/simulation_dataset/outputs/simulated_audio_5a2a9ad4.wav,0,10,0
/mnt/fscompute_shared/simulation_dataset/outputs/simulated_audio_d9981df8.wav,0,10,0
/mnt/fscompute_shared/simulation_dataset/outputs/simulated_audio_b9d2f3c6.wav,0,10,0
/mnt/fscompute_shared/simulation_dataset/outputs/simulated_audio_512e6bb5.wav,0,10,0
/mnt/fscompute_shared/simulation_dataset/outputs/simulated_audio_6e0418b4.wav,0,10,0
/mnt/fscompute_shared/simulation_dataset/outputs/simulated_audio_f9908265.wav,0,10,0
/mnt/fscompute_shared/simulation_dataset/outputs/simulated_audio_5f2fe3d3.wav,0,10,0
/mnt/fscompute_shared/simulation_dataset/outputs/simulated_audio_5bcf9aaa.wav,0,10,0
/mnt/fscompute_shared/simulation_dataset/outputs/simulated_audio_9ac898de.wav,0,10,0
/mnt/fscompute_shared/simulation_dataset/outputs/simulated_audio_2fd4022c.wav,0,10,0
/mnt/fscompute_shared/simulation_dataset/outputs/simulated_audio_5683fa03.wav,0,10,0
/mnt/fscompute_shared/simulation_dataset/outputs/simulated_audio_eb529be3.wav,0,10,0
/mnt/fscompute_shared/simulation_dataset/outputs/simulated_audio_1502545e.wav,0,10,0
/mnt/fscompute_shared/simulation_dataset/outputs/simulated_audio_134d1210.wav,0,10,0
/mnt/fscompute_shared/simulation_dataset/outputs/simulated_audio_a3518c94.wav,0,10,0
/mnt/fscompute_shared/simulation_dataset/outputs/simulated_audio_6c5ea25f.wav,0,10,0
/mnt/fscompute_shared/simulation_dataset/outputs/simulated_audio_45338a12.wav,0,10,0
/mnt/fscompute_shared/simulation_dataset/outputs/simulated_audio_d8ee19c0.wav,0,10,0
/mnt/fscompute_shared/simulation_dataset/outputs/simulated_audio_d53fd919.wav,0,10,0
/mnt/fscompute_shared/simulation_dataset/outputs/simulated_audio_352eabdf.wav,0,10,0
/mnt/fscompute_shared/simulation_dataset/outputs/simulated_audio_94864dbf.wav,0,10,0
/mnt/fscompute_shared/simulation_dataset/outputs/simulated_audio_7175303f.wav,0,10,0
/mnt/fscompute_shared/simulation_dataset/outputs/simulated_audio_3544c89b.wav,0,10,0
/mnt/fscompute_shared/simulation_dataset/outputs/simulated_audio_b6d86a22.wav,0,10,0
/mnt/fscompute_shared/simulation_dataset/outputs/simulated_audio_d84ed75b.wav,0,10,0
/mnt/fscompute_shared/simulation_dataset/outputs/simulated_audio_02743260.wav,0,10,0
/mnt/fscompute_shared/simulation_dataset/outputs/simulated_audio_fdc1f720.wav,0,10,0
/mnt/fscompute_shared/simulation_dataset/outputs/simulated_audio_d3895916.wav,0,10,0
/mnt/fscompute_shared/simulation_dataset/outputs/simulated_audio_6f038d97.wav,0,10,0
/mnt/fscompute_shared/simulation_dataset/outputs/simulated_audio_cff93dd4.wav,0,10,0
/mnt/fscompute_shared/simulation_dataset/outputs/simulated_audio_4a7f8e40.wav,0,10,0
/mnt/fscompute_shared/simulation_dataset/outputs/simulated_audio_41c1cdbe.wav,0,10,0
/mnt/fscompute_shared/simulation_dataset/outputs/simulated_audio_123ca821.wav,0,10,0
/mnt/fscompute_shared/simulation_dataset/outputs/simulated_audio_0cafa6ff.wav,0,10,0
/mnt/fscompute_shared/simulation_dataset/outputs/simulated_audio_bbff6e23.wav,0,10,0
/mnt/fscompute_shared/simulation_dataset/outputs/simulated_audio_1eeae955.wav,0,10,0
/mnt/fscompute_shared/simulation_dataset/outputs/simulated_audio_8d71220b.wav,0,10,0
/mnt/fscompute_shared/simulation_dataset/outputs/simulated_audio_871e7276.wav,0,10,0
/mnt/fscompute_shared/simulation_dataset/outputs/simulated_audio_6f9a47ca.wav,0,10,0
/mnt/fscompute_shared/simulation_dataset/outputs/simulated_audio_ab06c141.wav,0,10,0
/mnt/fscompute_shared/simulation_dataset/outputs/simulated_audio_d21b3410.wav,0,10,0
/mnt/fscompute_shared/simulation_dataset/outputs/simulated_audio_870441ff.wav,0,10,0
/mnt/fscompute_shared/simulation_dataset/outputs/simulated_audio_07d3adc7.wav,0,10,0
/mnt/fscompute_shared/simulation_dataset/outputs/simulated_audio_91a3b1ca.wav,0,10,0
/mnt/fscompute_shared/simulation_dataset/outputs/simulated_audio_bb6ecf99.wav,0,10,0
/mnt/fscompute_shared/simulation_dataset/outputs/simulated_audio_b7f8d611.wav,0,10,0
/mnt/fscompute_shared/simulation_dataset/outputs/simulated_audio_a4193e56.wav,0,10,0
/mnt/fscompute_shared/simulation_dataset/outputs/simulated_audio_8d925e12.wav,0,10,0
/mnt/fscompute_shared/simulation_dataset/outputs/simulated_audio_cad40b79.wav,0,10,0
/mnt/fscompute_shared/simulation_dataset/outputs/simulated_audio_bd211c23.wav,0,10,0
/mnt/fscompute_shared/simulation_dataset/outputs/simulated_audio_05ac9f71.wav,0,10,0
/mnt/fscompute_shared/simulation_dataset/outputs/simulated_audio_0f48f2fe.wav,0,10,0
/mnt/fscompute_shared/simulation_dataset/outputs/simulated_audio_d05dd9a4.wav,0,10,0
/mnt/fscompute_shared/simulation_dataset/outputs/simulated_audio_29866bb2.wav,0,10,0
/mnt/fscompute_shared/simulation_dataset/outputs/simulated_audio_5a42f83d.wav,0,10,0
/mnt/fscompute_shared/simulation_dataset/outputs/simulated_audio_20a43275.wav,0,10,0
/mnt/fscompute_shared/simulation_dataset/outputs/simulated_audio_fe99203b.wav,0,10,0
/mnt/fscompute_shared/simulation_dataset/outputs/simulated_audio_1b61f8ad.wav,0,10,0
/mnt/fscompute_shared/simulation_dataset/outputs/simulated_audio_752c1114.wav,0,10,0
/mnt/fscompute_shared/simulation_dataset/outputs/simulated_audio_ea0a8f74.wav,0,10,0
/mnt/fscompute_shared/simulation_dataset/outputs/simulated_audio_adaa7119.wav,0,10,0
/mnt/fscompute_shared/simulation_dataset/outputs/simulated_audio_81884316.wav,0,10,0
/mnt/fscompute_shared/simulation_dataset/outputs/simulated_audio_fc4c5024.wav,0,10,0
/mnt/fscompute_shared/simulation_dataset/outputs/simulated_audio_0e8114fe.wav,0,10,0
/mnt/fscompute_shared/simulation_dataset/outputs/simulated_audio_1f1228bb.wav,0,10,0
/mnt/fscompute_shared/simulation_dataset/outputs/simulated_audio_d45e225b.wav,0,10,0
/mnt/fscompute_shared/simulation_dataset/outputs/simulated_audio_382a5fc2.wav,0,10,0
/mnt/fscompute_shared/simulation_dataset/outputs/simulated_audio_aeb4af4f.wav,0,10,0
/mnt/fscompute_shared/simulation_dataset/outputs/simulated_audio_e7b3b54f.wav,0,10,0
/mnt/fscompute_shared/simulation_dataset/outputs/simulated_audio_e2e10ca7.wav,0,10,0
/mnt/fscompute_shared/simulation_dataset/outputs/simulated_audio_1f4815d2.wav,0,10,0
/mnt/fscompute_shared/simulation_dataset/outputs/simulated_audio_330715d8.wav,0,10,0
/mnt/fscompute_shared/simulation_dataset/outputs/simulated_audio_e40f964b.wav,0,10,0
/mnt/fscompute_shared/simulation_dataset/outputs/simulated_audio_d4cbe1cc.wav,0,10,0
/mnt/fscompute_shared/simulation_dataset/outputs/simulated_audio_3cb75150.wav,0,10,0
/mnt/fscompute_shared/simulation_dataset/outputs/simulated_audio_a4b1e2a5.wav,0,10,0
/mnt/fscompute_shared/simulation_dataset/outputs/simulated_audio_7e5b7677.wav,0,10,0
/mnt/fscompute_shared/simulation_dataset/outputs/simulated_audio_62f4fc61.wav,0,10,0
/mnt/fscompute_shared/simulation_dataset/outputs/simulated_audio_9c887cd1.wav,0,10,0
/mnt/fscompute_shared/simulation_dataset/outputs/simulated_audio_5f9c8342.wav,0,10,0
/mnt/fscompute_shared/simulation_dataset/outputs/simulated_audio_eab75a6e.wav,0,10,0
/mnt/fscompute_shared/simulation_dataset/outputs/simulated_audio_7eac3324.wav,0,10,0
/mnt/fscompute_shared/simulation_dataset/outputs/simulated_audio_9993998a.wav,0,10,0
/mnt/fscompute_shared/simulation_dataset/outputs/simulated_audio_a9052e04.wav,0,10,0
/mnt/fscompute_shared/simulation_dataset/outputs/simulated_audio_26adcbbe.wav,0,10,0
/mnt/fscompute_shared/simulation_dataset/outputs/simulated_audio_ec92e49c.wav,0,10,0
/mnt/fscompute_shared/simulation_dataset/outputs/simulated_audio_920493ae.wav,0,10,0
/mnt/fscompute_shared/simulation_dataset/outputs/simulated_audio_b3c9b0c3.wav,0,10,0
/mnt/fscompute_shared/simulation_dataset/outputs/simulated_audio_404c5211.wav,0,10,0
/mnt/fscompute_shared/simulation_dataset/outputs/simulated_audio_c5de0736.wav,0,10,0
/mnt/fscompute_shared/simulation_dataset/outputs/simulated_audio_6abd46d2.wav,0,10,0
/mnt/fscompute_shared/simulation_dataset/outputs/simulated_audio_e3b92740.wav,0,10,0
/mnt/fscompute_shared/simulation_dataset/outputs/simulated_audio_47eaf527.wav,0,10,0
/mnt/fscompute_shared/simulation_dataset/outputs/simulated_audio_480a696a.wav,0,10,0
/mnt/fscompute_shared/simulation_dataset/outputs/simulated_audio_559d1640.wav,0,10,0
/mnt/fscompute_shared/simulation_dataset/outputs/simulated_audio_1921252a.wav,0,10,0
/mnt/fscompute_shared/simulation_dataset/outputs/simulated_audio_aa48ef9b.wav,0,10,0
/mnt/fscompute_shared/simulation_dataset/outputs/simulated_audio_ce0380f4.wav,0,10,0
/mnt/fscompute_shared/simulation_dataset/outputs/simulated_audio_5468a14a.wav,0,10,0
/mnt/fscompute_shared/simulation_dataset/outputs/simulated_audio_bfbab614.wav,0,10,0
/mnt/fscompute_shared/simulation_dataset/outputs/simulated_audio_6bc259c9.wav,0,10,0
/mnt/fscompute_shared/simulation_dataset/outputs/simulated_audio_0600e806.wav,0,10,0
/mnt/fscompute_shared/simulation_dataset/outputs/simulated_audio_8eafe0d3.wav,0,10,0
/mnt/fscompute_shared/simulation_dataset/outputs/simulated_audio_7facf6c2.wav,0,10,0
/mnt/fscompute_shared/simulation_dataset/outputs/simulated_audio_c6b3d77a.wav,0,10,0
/mnt/fscompute_shared/simulation_dataset/outputs/simulated_audio_b1214cee.wav,0,10,0
/mnt/fscompute_shared/simulation_dataset/outputs/simulated_audio_2933f262.wav,0,10,0
/mnt/fscompute_shared/simulation_dataset/outputs/simulated_audio_668d8ea8.wav,0,10,0
/mnt/fscompute_shared/simulation_dataset/outputs/simulated_audio_32388f08.wav,0,10,0
/mnt/fscompute_shared/simulation_dataset/outputs/simulated_audio_057d8273.wav,0,10,0
/mnt/fscompute_shared/simulation_dataset/outputs/simulated_audio_7f6a34d6.wav,0,10,0
/mnt/fscompute_shared/simulation_dataset/outputs/simulated_audio_92944672.wav,0,10,0
/mnt/fscompute_shared/simulation_dataset/outputs/simulated_audio_593b5138.wav,0,10,0
/mnt/fscompute_shared/simulation_dataset/outputs/simulated_audio_4c3725d9.wav,0,10,0
/mnt/fscompute_shared/simulation_dataset/outputs/simulated_audio_c0164e73.wav,0,10,0
/mnt/fscompute_shared/simulation_dataset/outputs/simulated_audio_f7d94e97.wav,0,10,0
/mnt/fscompute_shared/simulation_dataset/outputs/simulated_audio_030d4d13.wav,0,10,0
/mnt/fscompute_shared/simulation_dataset/outputs/simulated_audio_aff31756.wav,0,10,0
/mnt/fscompute_shared/simulation_dataset/outputs/simulated_audio_5a6d192a.wav,0,10,0
/mnt/fscompute_shared/simulation_dataset/outputs/simulated_audio_e45db6ce.wav,0,10,0
/mnt/fscompute_shared/simulation_dataset/outputs/simulated_audio_5eea11b2.wav,0,10,0
/mnt/fscompute_shared/simulation_dataset/outputs/simulated_audio_53b9470b.wav,0,10,0
/mnt/fscompute_shared/simulation_dataset/outputs/simulated_audio_53f23e8a.wav,0,10,0
/mnt/fscompute_shared/simulation_dataset/outputs/simulated_audio_0ba77232.wav,0,10,0
/mnt/fscompute_shared/simulation_dataset/outputs/simulated_audio_6e9ba480.wav,0,10,0
/mnt/fscompute_shared/simulation_dataset/outputs/simulated_audio_f8288efa.wav,0,10,0
/mnt/fscompute_shared/simulation_dataset/outputs/simulated_audio_20258fab.wav,0,10,0
/mnt/fscompute_shared/simulation_dataset/outputs/simulated_audio_938347f9.wav,0,10,0
/mnt/fscompute_shared/simulation_dataset/outputs/simulated_audio_ce214a8a.wav,0,10,0
/mnt/fscompute_shared/simulation_dataset/outputs/simulated_audio_a92a1a53.wav,0,10,0
/mnt/fscompute_shared/simulation_dataset/outputs/simulated_audio_a52da915.wav,0,10,0
/mnt/fscompute_shared/simulation_dataset/outputs/simulated_audio_3f0bba3e.wav,0,10,0
/mnt/fscompute_shared/simulation_dataset/outputs/simulated_audio_380f093b.wav,0,10,0
/mnt/fscompute_shared/simulation_dataset/outputs/simulated_audio_52d1ec8b.wav,0,10,0
/mnt/fscompute_shared/simulation_dataset/outputs/simulated_audio_b674ab39.wav,0,10,0
/mnt/fscompute_shared/simulation_dataset/outputs/simulated_audio_c33634ae.wav,0,10,0
/mnt/fscompute_shared/simulation_dataset/outputs/simulated_audio_a8bcc3a7.wav,0,10,0
/mnt/fscompute_shared/simulation_dataset/outputs/simulated_audio_22ce72cb.wav,0,10,0
/mnt/fscompute_shared/simulation_dataset/outputs/simulated_audio_08b96b99.wav,0,10,0
/mnt/fscompute_shared/simulation_dataset/outputs/simulated_audio_a6937605.wav,0,10,0
/mnt/fscompute_shared/simulation_dataset/outputs/simulated_audio_e00e9d06.wav,0,10,0
/mnt/fscompute_shared/simulation_dataset/outputs/simulated_audio_2955eddb.wav,0,10,0
/mnt/fscompute_shared/simulation_dataset/outputs/simulated_audio_8e4e8789.wav,0,10,0
/mnt/fscompute_shared/simulation_dataset/outputs/simulated_audio_512c19a5.wav,0,10,0
/mnt/fscompute_shared/simulation_dataset/outputs/simulated_audio_bc36b18d.wav,0,10,0
/mnt/fscompute_shared/simulation_dataset/outputs/simulated_audio_99d433ed.wav,0,10,0
/mnt/fscompute_shared/simulation_dataset/outputs/simulated_audio_110f7949.wav,0,10,0
/mnt/fscompute_shared/simulation_dataset/outputs/simulated_audio_b96c377d.wav,0,10,0
/mnt/fscompute_shared/simulation_dataset/outputs/simulated_audio_86e3d1b1.wav,0,10,0
/mnt/fscompute_shared/simulation_dataset/outputs/simulated_audio_f008fcf5.wav,0,10,0
/mnt/fscompute_shared/simulation_dataset/outputs/simulated_audio_6b2c70b3.wav,0,10,0
/mnt/fscompute_shared/simulation_dataset/outputs/simulated_audio_48fda188.wav,0,10,0
/mnt/fscompute_shared/simulation_dataset/outputs/simulated_audio_b49377ee.wav,0,10,0
/mnt/fscompute_shared/simulation_dataset/outputs/simulated_audio_c5400203.wav,0,10,0
/mnt/fscompute_shared/simulation_dataset/outputs/simulated_audio_4234dbd7.wav,0,10,0
/mnt/fscompute_shared/simulation_dataset/outputs/simulated_audio_7294a632.wav,0,10,0
/mnt/fscompute_shared/simulation_dataset/outputs/simulated_audio_6144421a.wav,0,10,0
/mnt/fscompute_shared/simulation_dataset/outputs/simulated_audio_0dc09b45.wav,0,10,0
/mnt/fscompute_shared/simulation_dataset/outputs/simulated_audio_93a4593c.wav,0,10,0
/mnt/fscompute_shared/simulation_dataset/outputs/simulated_audio_455934fe.wav,0,10,0
/mnt/fscompute_shared/simulation_dataset/outputs/simulated_audio_f9992e69.wav,0,10,0
/mnt/fscompute_shared/simulation_dataset/outputs/simulated_audio_1bef640c.wav,0,10,0
/mnt/fscompute_shared/simulation_dataset/outputs/simulated_audio_af0243c4.wav,0,10,0
/mnt/fscompute_shared/simulation_dataset/outputs/simulated_audio_0f9b7c20.wav,0,10,0
/mnt/fscompute_shared/simulation_dataset/outputs/simulated_audio_c1d31450.wav,0,10,0
/mnt/fscompute_shared/simulation_dataset/outputs/simulated_audio_f4f18a80.wav,0,10,0
/mnt/fscompute_shared/simulation_dataset/outputs/simulated_audio_893511a8.wav,0,10,0
/mnt/fscompute_shared/simulation_dataset/outputs/simulated_audio_b7931283.wav,0,10,0
/mnt/fscompute_shared/simulation_dataset/outputs/simulated_audio_2e4d3428.wav,0,10,0
/mnt/fscompute_shared/simulation_dataset/outputs/simulated_audio_43ee7c1a.wav,0,10,0
/mnt/fscompute_shared/simulation_dataset/outputs/simulated_audio_5b584a83.wav,0,10,0
/mnt/fscompute_shared/simulation_dataset/outputs/simulated_audio_40f591c4.wav,0,10,0
/mnt/fscompute_shared/simulation_dataset/outputs/simulated_audio_7fbae3dd.wav,0,10,0
/mnt/fscompute_shared/simulation_dataset/outputs/simulated_audio_974630c8.wav,0,10,0
/mnt/fscompute_shared/simulation_dataset/outputs/simulated_audio_c07ecd38.wav,0,10,0
/mnt/fscompute_shared/simulation_dataset/outputs/simulated_audio_910e5142.wav,0,10,0
/mnt/fscompute_shared/simulation_dataset/outputs/simulated_audio_f205aa89.wav,0,10,0
/mnt/fscompute_shared/simulation_dataset/outputs/simulated_audio_c9c0e9a3.wav,0,10,0
/mnt/fscompute_shared/simulation_dataset/outputs/simulated_audio_ed2306df.wav,0,10,0
/mnt/fscompute_shared/simulation_dataset/outputs/simulated_audio_c840f363.wav,0,10,0
/mnt/fscompute_shared/simulation_dataset/outputs/simulated_audio_cce61f57.wav,0,10,0
/mnt/fscompute_shared/simulation_dataset/outputs/simulated_audio_5bdf328f.wav,0,10,0
/mnt/fscompute_shared/simulation_dataset/outputs/simulated_audio_bd6b1015.wav,0,10,0
/mnt/fscompute_shared/simulation_dataset/outputs/simulated_audio_6313835f.wav,0,10,0
/mnt/fscompute_shared/simulation_dataset/outputs/simulated_audio_06738581.wav,0,10,0
/mnt/fscompute_shared/simulation_dataset/outputs/simulated_audio_b87ff98d.wav,0,10,0
/mnt/fscompute_shared/simulation_dataset/outputs/simulated_audio_81aab7e1.wav,0,10,0
/mnt/fscompute_shared/simulation_dataset/outputs/simulated_audio_c0dc1eaf.wav,0,10,0
/mnt/fscompute_shared/simulation_dataset/outputs/simulated_audio_27c3163f.wav,0,10,0
/mnt/fscompute_shared/simulation_dataset/outputs/simulated_audio_089922d1.wav,0,10,0
/mnt/fscompute_shared/simulation_dataset/outputs/simulated_audio_b4d69d76.wav,0,10,0
/mnt/fscompute_shared/simulation_dataset/outputs/simulated_audio_5c75c4c9.wav,0,10,0
/mnt/fscompute_shared/simulation_dataset/outputs/simulated_audio_4fa37154.wav,0,10,0
/mnt/fscompute_shared/simulation_dataset/outputs/simulated_audio_167b7b1f.wav,0,10,0
/mnt/fscompute_shared/simulation_dataset/outputs/simulated_audio_29122783.wav,0,10,0
/mnt/fscompute_shared/simulation_dataset/outputs/simulated_audio_bbfd6a96.wav,0,10,0
/mnt/fscompute_shared/simulation_dataset/outputs/simulated_audio_9e120249.wav,0,10,0
/mnt/fscompute_shared/simulation_dataset/outputs/simulated_audio_e80df7a6.wav,0,10,0
/mnt/fscompute_shared/simulation_dataset/outputs/simulated_audio_29b9e5b7.wav,0,10,0
/mnt/fscompute_shared/simulation_dataset/outputs/simulated_audio_6616aaaf.wav,0,10,0
/mnt/fscompute_shared/simulation_dataset/outputs/simulated_audio_adef483b.wav,0,10,0
/mnt/fscompute_shared/simulation_dataset/outputs/simulated_audio_f88c8c78.wav,0,10,0
/mnt/fscompute_shared/simulation_dataset/outputs/simulated_audio_73befa1a.wav,0,10,0
/mnt/fscompute_shared/simulation_dataset/outputs/simulated_audio_1eca9aa0.wav,0,10,0
/mnt/fscompute_shared/simulation_dataset/outputs/simulated_audio_cb006f66.wav,0,10,0
/mnt/fscompute_shared/simulation_dataset/outputs/simulated_audio_ce6ae924.wav,0,10,0
/mnt/fscompute_shared/simulation_dataset/outputs/simulated_audio_e763bc4c.wav,0,10,0
/mnt/fscompute_shared/simulation_dataset/outputs/simulated_audio_00855fcd.wav,0,10,0
/mnt/fscompute_shared/simulation_dataset/outputs/simulated_audio_475dcb4e.wav,0,10,0
/mnt/fscompute_shared/simulation_dataset/outputs/simulated_audio_6d6967c2.wav,0,10,0
/mnt/fscompute_shared/simulation_dataset/outputs/simulated_audio_12f419d9.wav,0,10,0
/mnt/fscompute_shared/simulation_dataset/outputs/simulated_audio_2da7d923.wav,0,10,0
/mnt/fscompute_shared/simulation_dataset/outputs/simulated_audio_9fb3860d.wav,0,10,0
/mnt/fscompute_shared/simulation_dataset/outputs/simulated_audio_6604c8b1.wav,0,10,0
/mnt/fscompute_shared/simulation_dataset/outputs/simulated_audio_fb8c365c.wav,0,10,0
/mnt/fscompute_shared/simulation_dataset/outputs/simulated_audio_3f267350.wav,0,10,0
/mnt/fscompute_shared/simulation_dataset/outputs/simulated_audio_f4bffcc6.wav,0,10,0
/mnt/fscompute_shared/simulation_dataset/outputs/simulated_audio_2d602d21.wav,0,10,0
/mnt/fscompute_shared/simulation_dataset/outputs/simulated_audio_dd69519a.wav,0,10,0
/mnt/fscompute_shared/simulation_dataset/outputs/simulated_audio_8127c6f4.wav,0,10,0
/mnt/fscompute_shared/simulation_dataset/outputs/simulated_audio_244b9207.wav,0,10,0
/mnt/fscompute_shared/simulation_dataset/outputs/simulated_audio_403ae0a3.wav,0,10,0
/mnt/fscompute_shared/simulation_dataset/outputs/simulated_audio_c615734f.wav,0,10,0
/mnt/fscompute_shared/simulation_dataset/outputs/simulated_audio_07ab1083.wav,0,10,0
/mnt/fscompute_shared/simulation_dataset/outputs/simulated_audio_8f8e550a.wav,0,10,0
/mnt/fscompute_shared/simulation_dataset/outputs/simulated_audio_8713bcdb.wav,0,10,0
/mnt/fscompute_shared/simulation_dataset/outputs/simulated_audio_f931f4ab.wav,0,10,0
/mnt/fscompute_shared/simulation_dataset/outputs/simulated_audio_c61640a8.wav,0,10,0
/mnt/fscompute_shared/simulation_dataset/outputs/simulated_audio_3089df62.wav,0,10,0
/mnt/fscompute_shared/simulation_dataset/outputs/simulated_audio_fd572f69.wav,0,10,0
/mnt/fscompute_shared/simulation_dataset/outputs/simulated_audio_325eaf5e.wav,0,10,0
/mnt/fscompute_shared/simulation_dataset/outputs/simulated_audio_a3e7374c.wav,0,10,0
/mnt/fscompute_shared/simulation_dataset/outputs/simulated_audio_37d74982.wav,0,10,0
/mnt/fscompute_shared/simulation_dataset/outputs/simulated_audio_4748ebad.wav,0,10,0
/mnt/fscompute_shared/simulation_dataset/outputs/simulated_audio_155b6212.wav,0,10,0
/mnt/fscompute_shared/simulation_dataset/outputs/simulated_audio_fba29764.wav,0,10,0
/mnt/fscompute_shared/simulation_dataset/outputs/simulated_audio_985a4f0c.wav,0,10,0
/mnt/fscompute_shared/simulation_dataset/outputs/simulated_audio_89138a41.wav,0,10,0
/mnt/fscompute_shared/simulation_dataset/outputs/simulated_audio_1c9f8cbb.wav,0,10,0
/mnt/fscompute_shared/simulation_dataset/outputs/simulated_audio_188ae92a.wav,0,10,0
/mnt/fscompute_shared/simulation_dataset/outputs/simulated_audio_0a6bad33.wav,0,10,0
/mnt/fscompute_shared/simulation_dataset/outputs/simulated_audio_3577efee.wav,0,10,0
/mnt/fscompute_shared/simulation_dataset/outputs/simulated_audio_3d209d16.wav,0,10,0
/mnt/fscompute_shared/simulation_dataset/outputs/simulated_audio_c00d8cdd.wav,0,10,0
/mnt/fscompute_shared/simulation_dataset/outputs/simulated_audio_b24b2c8a.wav,0,10,0
/mnt/fscompute_shared/simulation_dataset/outputs/simulated_audio_734d639f.wav,0,10,0
/mnt/fscompute_shared/simulation_dataset/outputs/simulated_audio_86b1fcd0.wav,0,10,0
/mnt/fscompute_shared/simulation_dataset/outputs/simulated_audio_d77fc5b1.wav,0,10,0
/mnt/fscompute_shared/simulation_dataset/outputs/simulated_audio_c09427b7.wav,0,10,0
/mnt/fscompute_shared/simulation_dataset/outputs/simulated_audio_ee6f061c.wav,0,10,0
/mnt/fscompute_shared/simulation_dataset/outputs/simulated_audio_ba223352.wav,0,10,0
/mnt/fscompute_shared/simulation_dataset/outputs/simulated_audio_a0427b92.wav,0,10,0
/mnt/fscompute_shared/simulation_dataset/outputs/simulated_audio_665f4b29.wav,0,10,0
/mnt/fscompute_shared/simulation_dataset/outputs/simulated_audio_407a4dc5.wav,0,10,0
/mnt/fscompute_shared/simulation_dataset/outputs/simulated_audio_52bf3088.wav,0,10,0
/mnt/fscompute_shared/simulation_dataset/outputs/simulated_audio_471cb464.wav,0,10,0
/mnt/fscompute_shared/simulation_dataset/outputs/simulated_audio_7dc96565.wav,0,10,0
/mnt/fscompute_shared/simulation_dataset/outputs/simulated_audio_c2b5180a.wav,0,10,0
/mnt/fscompute_shared/simulation_dataset/outputs/simulated_audio_5ef4051b.wav,0,10,0
/mnt/fscompute_shared/simulation_dataset/outputs/simulated_audio_a89d8e29.wav,0,10,0
/mnt/fscompute_shared/simulation_dataset/outputs/simulated_audio_08995e38.wav,0,10,0
/mnt/fscompute_shared/simulation_dataset/outputs/simulated_audio_b758a229.wav,0,10,0
/mnt/fscompute_shared/simulation_dataset/outputs/simulated_audio_b5d088ed.wav,0,10,0
/mnt/fscompute_shared/simulation_dataset/outputs/simulated_audio_596983b0.wav,0,10,0
/mnt/fscompute_shared/simulation_dataset/outputs/simulated_audio_d327baf1.wav,0,10,0
/mnt/fscompute_shared/simulation_dataset/outputs/simulated_audio_6398fa10.wav,0,10,0
/mnt/fscompute_shared/simulation_dataset/outputs/simulated_audio_ba5b86cc.wav,0,10,0
/mnt/fscompute_shared/simulation_dataset/outputs/simulated_audio_760b39f6.wav,0,10,0
/mnt/fscompute_shared/simulation_dataset/outputs/simulated_audio_37de0ca3.wav,0,10,0
/mnt/fscompute_shared/simulation_dataset/outputs/simulated_audio_bd071785.wav,0,10,0
/mnt/fscompute_shared/simulation_dataset/outputs/simulated_audio_77943a29.wav,0,10,0
/mnt/fscompute_shared/simulation_dataset/outputs/simulated_audio_ebb44759.wav,0,10,0
/mnt/fscompute_shared/simulation_dataset/outputs/simulated_audio_5575cfcb.wav,0,10,0
/mnt/fscompute_shared/simulation_dataset/outputs/simulated_audio_fee4a21e.wav,0,10,0
/mnt/fscompute_shared/simulation_dataset/outputs/simulated_audio_8faf4e66.wav,0,10,0
/mnt/fscompute_shared/simulation_dataset/outputs/simulated_audio_46d764a0.wav,0,10,0
/mnt/fscompute_shared/simulation_dataset/outputs/simulated_audio_5922fbf0.wav,0,10,0
/mnt/fscompute_shared/simulation_dataset/outputs/simulated_audio_87d0f41b.wav,0,10,0
/mnt/fscompute_shared/simulation_dataset/outputs/simulated_audio_e6e487de.wav,0,10,0
/mnt/fscompute_shared/simulation_dataset/outputs/simulated_audio_fda799d4.wav,0,10,0
/mnt/fscompute_shared/simulation_dataset/outputs/simulated_audio_bbcd8252.wav,0,10,0
/mnt/fscompute_shared/simulation_dataset/outputs/simulated_audio_7e7991ec.wav,0,10,0
/mnt/fscompute_shared/simulation_dataset/outputs/simulated_audio_cfd7c588.wav,0,10,0
/mnt/fscompute_shared/simulation_dataset/outputs/simulated_audio_7932f79a.wav,0,10,0
/mnt/fscompute_shared/simulation_dataset/outputs/simulated_audio_1f6d1acd.wav,0,10,0
/mnt/fscompute_shared/simulation_dataset/outputs/simulated_audio_cecf42d8.wav,0,10,0
/mnt/fscompute_shared/simulation_dataset/outputs/simulated_audio_bf577377.wav,0,10,0
/mnt/fscompute_shared/simulation_dataset/outputs/simulated_audio_061f92b1.wav,0,10,0
/mnt/fscompute_shared/simulation_dataset/outputs/simulated_audio_b856f655.wav,0,10,0
/mnt/fscompute_shared/simulation_dataset/outputs/simulated_audio_05ec651c.wav,0,10,0
/mnt/fscompute_shared/simulation_dataset/outputs/simulated_audio_88d3d3f1.wav,0,10,0
/mnt/fscompute_shared/simulation_dataset/outputs/simulated_audio_97780448.wav,0,10,0
/mnt/fscompute_shared/simulation_dataset/outputs/simulated_audio_4f49f13f.wav,0,10,0
/mnt/fscompute_shared/simulation_dataset/outputs/simulated_audio_dea22f01.wav,0,10,0
/mnt/fscompute_shared/simulation_dataset/outputs/simulated_audio_dfad73db.wav,0,10,0
/mnt/fscompute_shared/simulation_dataset/outputs/simulated_audio_29403cae.wav,0,10,0
/mnt/fscompute_shared/simulation_dataset/outputs/simulated_audio_16b65aa7.wav,0,10,0
/mnt/fscompute_shared/simulation_dataset/outputs/simulated_audio_0d36bb37.wav,0,10,0
/mnt/fscompute_shared/simulation_dataset/outputs/simulated_audio_32cb524b.wav,0,10,0
/mnt/fscompute_shared/simulation_dataset/outputs/simulated_audio_54a1d6f2.wav,0,10,0
/mnt/fscompute_shared/simulation_dataset/outputs/simulated_audio_e71f0975.wav,0,10,0
/mnt/fscompute_shared/simulation_dataset/outputs/simulated_audio_db007ebf.wav,0,10,0
/mnt/fscompute_shared/simulation_dataset/outputs/simulated_audio_a16530b5.wav,0,10,0
/mnt/fscompute_shared/simulation_dataset/outputs/simulated_audio_38f7ea7a.wav,0,10,0
/mnt/fscompute_shared/simulation_dataset/outputs/simulated_audio_0a6d2bc7.wav,0,10,0
/mnt/fscompute_shared/simulation_dataset/outputs/simulated_audio_699a8e23.wav,0,10,0
/mnt/fscompute_shared/simulation_dataset/outputs/simulated_audio_1ccd1f84.wav,0,10,0
/mnt/fscompute_shared/simulation_dataset/outputs/simulated_audio_2408681d.wav,0,10,0
/mnt/fscompute_shared/simulation_dataset/outputs/simulated_audio_20b3e37c.wav,0,10,0
/mnt/fscompute_shared/simulation_dataset/outputs/simulated_audio_0ac35824.wav,0,10,0
/mnt/fscompute_shared/simulation_dataset/outputs/simulated_audio_3daefc8c.wav,0,10,0
/mnt/fscompute_shared/simulation_dataset/outputs/simulated_audio_5ef34a42.wav,0,10,0
/mnt/fscompute_shared/simulation_dataset/outputs/simulated_audio_14171f7f.wav,0,10,0
/mnt/fscompute_shared/simulation_dataset/outputs/simulated_audio_b4058a1c.wav,0,10,0
/mnt/fscompute_shared/simulation_dataset/outputs/simulated_audio_7032d29b.wav,0,10,0
/mnt/fscompute_shared/simulation_dataset/outputs/simulated_audio_54881c43.wav,0,10,0
/mnt/fscompute_shared/simulation_dataset/outputs/simulated_audio_55e0e20d.wav,0,10,0
/mnt/fscompute_shared/simulation_dataset/outputs/simulated_audio_a7db9108.wav,0,10,0
/mnt/fscompute_shared/simulation_dataset/outputs/simulated_audio_06041eae.wav,0,10,0
/mnt/fscompute_shared/simulation_dataset/outputs/simulated_audio_17db3647.wav,0,10,0
/mnt/fscompute_shared/simulation_dataset/outputs/simulated_audio_a98fee68.wav,0,10,0
/mnt/fscompute_shared/simulation_dataset/outputs/simulated_audio_b1edf686.wav,0,10,0
/mnt/fscompute_shared/simulation_dataset/outputs/simulated_audio_1e2c23cc.wav,0,10,0
/mnt/fscompute_shared/simulation_dataset/outputs/simulated_audio_75b22a1d.wav,0,10,0
/mnt/fscompute_shared/simulation_dataset/outputs/simulated_audio_2f06ec20.wav,0,10,0
/mnt/fscompute_shared/simulation_dataset/outputs/simulated_audio_d85a237b.wav,0,10,0
/mnt/fscompute_shared/simulation_dataset/outputs/simulated_audio_4f17a1c0.wav,0,10,0
/mnt/fscompute_shared/simulation_dataset/outputs/simulated_audio_91e5fbdf.wav,0,10,0
/mnt/fscompute_shared/simulation_dataset/outputs/simulated_audio_204c2514.wav,0,10,0
/mnt/fscompute_shared/simulation_dataset/outputs/simulated_audio_ca8baeac.wav,0,10,0
/mnt/fscompute_shared/simulation_dataset/outputs/simulated_audio_c96cd83c.wav,0,10,0
/mnt/fscompute_shared/simulation_dataset/outputs/simulated_audio_01adb102.wav,0,10,0
/mnt/fscompute_shared/simulation_dataset/outputs/simulated_audio_745ad766.wav,0,10,0
/mnt/fscompute_shared/simulation_dataset/outputs/simulated_audio_b4acac61.wav,0,10,0
/mnt/fscompute_shared/simulation_dataset/outputs/simulated_audio_9a157539.wav,0,10,0
/mnt/fscompute_shared/simulation_dataset/outputs/simulated_audio_b00fec5f.wav,0,10,0
/mnt/fscompute_shared/simulation_dataset/outputs/simulated_audio_8fc43003.wav,0,10,0
/mnt/fscompute_shared/simulation_dataset/outputs/simulated_audio_fc0394a2.wav,0,10,0
/mnt/fscompute_shared/simulation_dataset/outputs/simulated_audio_54e4f78b.wav,0,10,0
/mnt/fscompute_shared/simulation_dataset/outputs/simulated_audio_ba1f8cef.wav,0,10,0
/mnt/fscompute_shared/simulation_dataset/outputs/simulated_audio_4091422c.wav,0,10,0
/mnt/fscompute_shared/simulation_dataset/outputs/simulated_audio_f9238f64.wav,0,10,0
/mnt/fscompute_shared/simulation_dataset/outputs/simulated_audio_f730a771.wav,0,10,0
/mnt/fscompute_shared/simulation_dataset/outputs/simulated_audio_82136016.wav,0,10,0
/mnt/fscompute_shared/simulation_dataset/outputs/simulated_audio_db4a285f.wav,0,10,0
/mnt/fscompute_shared/simulation_dataset/outputs/simulated_audio_afc26348.wav,0,10,0
/mnt/fscompute_shared/simulation_dataset/outputs/simulated_audio_84ff2dab.wav,0,10,0
/mnt/fscompute_shared/simulation_dataset/outputs/simulated_audio_5f075dc3.wav,0,10,0
/mnt/fscompute_shared/simulation_dataset/outputs/simulated_audio_0313c1ce.wav,0,10,0
/mnt/fscompute_shared/simulation_dataset/outputs/simulated_audio_87dd4e54.wav,0,10,0
/mnt/fscompute_shared/simulation_dataset/outputs/simulated_audio_71c4ddae.wav,0,10,0
/mnt/fscompute_shared/simulation_dataset/outputs/simulated_audio_90f610a9.wav,0,10,0
/mnt/fscompute_shared/simulation_dataset/outputs/simulated_audio_293556ab.wav,0,10,0
/mnt/fscompute_shared/simulation_dataset/outputs/simulated_audio_4d12d22d.wav,0,10,0
/mnt/fscompute_shared/simulation_dataset/outputs/simulated_audio_f9ee96e4.wav,0,10,0
/mnt/fscompute_shared/simulation_dataset/outputs/simulated_audio_4ccd5c80.wav,0,10,0
/mnt/fscompute_shared/simulation_dataset/outputs/simulated_audio_19aec589.wav,0,10,0
/mnt/fscompute_shared/simulation_dataset/outputs/simulated_audio_22ad94be.wav,0,10,0
/mnt/fscompute_shared/simulation_dataset/outputs/simulated_audio_61efbf13.wav,0,10,0
/mnt/fscompute_shared/simulation_dataset/outputs/simulated_audio_1ac08439.wav,0,10,0
/mnt/fscompute_shared/simulation_dataset/outputs/simulated_audio_213e64a0.wav,0,10,0
/mnt/fscompute_shared/simulation_dataset/outputs/simulated_audio_4c79300e.wav,0,10,0
/mnt/fscompute_shared/simulation_dataset/outputs/simulated_audio_9d8fe8ba.wav,0,10,0
/mnt/fscompute_shared/simulation_dataset/outputs/simulated_audio_9742095e.wav,0,10,0
/mnt/fscompute_shared/simulation_dataset/outputs/simulated_audio_e9a881f3.wav,0,10,0
/mnt/fscompute_shared/simulation_dataset/outputs/simulated_audio_46409611.wav,0,10,0
/mnt/fscompute_shared/simulation_dataset/outputs/simulated_audio_d3534870.wav,0,10,0
/mnt/fscompute_shared/simulation_dataset/outputs/simulated_audio_78805f08.wav,0,10,0
/mnt/fscompute_shared/simulation_dataset/outputs/simulated_audio_0e82f3b5.wav,0,10,0
/mnt/fscompute_shared/simulation_dataset/outputs/simulated_audio_a99ce974.wav,0,10,0
/mnt/fscompute_shared/simulation_dataset/outputs/simulated_audio_cc110d98.wav,0,10,0
/mnt/fscompute_shared/simulation_dataset/outputs/simulated_audio_14ca0f5c.wav,0,10,0
/mnt/fscompute_shared/simulation_dataset/outputs/simulated_audio_f790b26f.wav,0,10,0
/mnt/fscompute_shared/simulation_dataset/outputs/simulated_audio_22b10ab6.wav,0,10,0
/mnt/fscompute_shared/simulation_dataset/outputs/simulated_audio_d585c223.wav,0,10,0
/mnt/fscompute_shared/simulation_dataset/outputs/simulated_audio_81a14c78.wav,0,10,0
/mnt/fscompute_shared/simulation_dataset/outputs/simulated_audio_74c55e96.wav,0,10,0
/mnt/fscompute_shared/simulation_dataset/outputs/simulated_audio_b8495bf3.wav,0,10,0
/mnt/fscompute_shared/simulation_dataset/outputs/simulated_audio_0ea270de.wav,0,10,0
/mnt/fscompute_shared/simulation_dataset/outputs/simulated_audio_86eb2a1f.wav,0,10,0
/mnt/fscompute_shared/simulation_dataset/outputs/simulated_audio_83083124.wav,0,10,0
/mnt/fscompute_shared/simulation_dataset/outputs/simulated_audio_8ca1c9eb.wav,0,10,0
/mnt/fscompute_shared/simulation_dataset/outputs/simulated_audio_1bfe3ad3.wav,0,10,0
/mnt/fscompute_shared/simulation_dataset/outputs/simulated_audio_619cd589.wav,0,10,0
/mnt/fscompute_shared/simulation_dataset/outputs/simulated_audio_9a7a8fbc.wav,0,10,0
/mnt/fscompute_shared/simulation_dataset/outputs/simulated_audio_c3cec676.wav,0,10,0
/mnt/fscompute_shared/simulation_dataset/outputs/simulated_audio_7c94a35e.wav,0,10,0
/mnt/fscompute_shared/simulation_dataset/outputs/simulated_audio_8cbd82d1.wav,0,10,0
/mnt/fscompute_shared/simulation_dataset/outputs/simulated_audio_200ee1df.wav,0,10,0
/mnt/fscompute_shared/simulation_dataset/outputs/simulated_audio_f03f9c24.wav,0,10,0
/mnt/fscompute_shared/simulation_dataset/outputs/simulated_audio_83a55556.wav,0,10,0
/mnt/fscompute_shared/simulation_dataset/outputs/simulated_audio_8e27d627.wav,0,10,0
/mnt/fscompute_shared/simulation_dataset/outputs/simulated_audio_e88140af.wav,0,10,0
/mnt/fscompute_shared/simulation_dataset/outputs/simulated_audio_ec85d777.wav,0,10,0
/mnt/fscompute_shared/simulation_dataset/outputs/simulated_audio_fb31a8d0.wav,0,10,0
/mnt/fscompute_shared/simulation_dataset/outputs/simulated_audio_c6dfc961.wav,0,10,0
/mnt/fscompute_shared/simulation_dataset/outputs/simulated_audio_d7750945.wav,0,10,0
/mnt/fscompute_shared/simulation_dataset/outputs/simulated_audio_13184aa7.wav,0,10,0
/mnt/fscompute_shared/simulation_dataset/outputs/simulated_audio_53063d35.wav,0,10,0
/mnt/fscompute_shared/simulation_dataset/outputs/simulated_audio_5020d888.wav,0,10,0
/mnt/fscompute_shared/simulation_dataset/outputs/simulated_audio_0ed2fbe2.wav,0,10,0
/mnt/fscompute_shared/simulation_dataset/outputs/simulated_audio_1524a8a0.wav,0,10,0
/mnt/fscompute_shared/simulation_dataset/outputs/simulated_audio_374866cd.wav,0,10,0
/mnt/fscompute_shared/simulation_dataset/outputs/simulated_audio_41f841ae.wav,0,10,0
/mnt/fscompute_shared/simulation_dataset/outputs/simulated_audio_2996bdd4.wav,0,10,0
/mnt/fscompute_shared/simulation_dataset/outputs/simulated_audio_9b99ddad.wav,0,10,0
/mnt/fscompute_shared/simulation_dataset/outputs/simulated_audio_a180ade9.wav,0,10,0
/mnt/fscompute_shared/simulation_dataset/outputs/simulated_audio_7f0c9c30.wav,0,10,0
/mnt/fscompute_shared/simulation_dataset/outputs/simulated_audio_d958368f.wav,0,10,0
/mnt/fscompute_shared/simulation_dataset/outputs/simulated_audio_bb5f30ec.wav,0,10,0
/mnt/fscompute_shared/simulation_dataset/outputs/simulated_audio_7bb3613d.wav,0,10,0
/mnt/fscompute_shared/simulation_dataset/outputs/simulated_audio_1a8095db.wav,0,10,0
/mnt/fscompute_shared/simulation_dataset/outputs/simulated_audio_4b4ef5b8.wav,0,10,0
/mnt/fscompute_shared/simulation_dataset/outputs/simulated_audio_8430ecb9.wav,0,10,0
/mnt/fscompute_shared/simulation_dataset/outputs/simulated_audio_db5b2246.wav,0,10,0
/mnt/fscompute_shared/simulation_dataset/outputs/simulated_audio_64635eb2.wav,0,10,0
/mnt/fscompute_shared/simulation_dataset/outputs/simulated_audio_f2b7ffe1.wav,0,10,0
/mnt/fscompute_shared/simulation_dataset/outputs/simulated_audio_658ff270.wav,0,10,0
/mnt/fscompute_shared/simulation_dataset/outputs/simulated_audio_0db9f1e9.wav,0,10,0
/mnt/fscompute_shared/simulation_dataset/outputs/simulated_audio_af63690e.wav,0,10,0
/mnt/fscompute_shared/simulation_dataset/outputs/simulated_audio_8af0bfec.wav,0,10,0
/mnt/fscompute_shared/simulation_dataset/outputs/simulated_audio_c2fd413c.wav,0,10,0
/mnt/fscompute_shared/simulation_dataset/outputs/simulated_audio_31d96487.wav,0,10,0
/mnt/fscompute_shared/simulation_dataset/outputs/simulated_audio_6066e798.wav,0,10,0
/mnt/fscompute_shared/simulation_dataset/outputs/simulated_audio_f7091d8a.wav,0,10,0
/mnt/fscompute_shared/simulation_dataset/outputs/simulated_audio_49aee16e.wav,0,10,0
/mnt/fscompute_shared/simulation_dataset/outputs/simulated_audio_6ae8db68.wav,0,10,0
/mnt/fscompute_shared/simulation_dataset/outputs/simulated_audio_523228af.wav,0,10,0
/mnt/fscompute_shared/simulation_dataset/outputs/simulated_audio_aee1e98d.wav,0,8.219479166666666,0
/mnt/fscompute_shared/simulation_dataset/outputs/simulated_audio_aee1e98d.wav,8.219479166666666,8.2728125,1
/mnt/fscompute_shared/simulation_dataset/outputs/simulated_audio_1b856e3f.wav,0,7.7340625,0
/mnt/fscompute_shared/simulation_dataset/outputs/simulated_audio_1b856e3f.wav,7.7340625,7.944729166666667,1
/mnt/fscompute_shared/simulation_dataset/outputs/simulated_audio_bf90d6d7.wav,0,4.592604166666667,0
/mnt/fscompute_shared/simulation_dataset/outputs/simulated_audio_bf90d6d7.wav,4.592604166666667,5.443270833333333,1
/mnt/fscompute_shared/simulation_dataset/outputs/simulated_audio_bf90d6d7.wav,5.443270833333333,10,0
/mnt/fscompute_shared/simulation_dataset/outputs/simulated_audio_e5ef240a.wav,0,3.726395833333333,0
/mnt/fscompute_shared/simulation_dataset/outputs/simulated_audio_e5ef240a.wav,3.726395833333333,3.8010624999999996,1
/mnt/fscompute_shared/simulation_dataset/outputs/simulated_audio_e5ef240a.wav,3.8010624999999996,10,0
/mnt/fscompute_shared/simulation_dataset/outputs/simulated_audio_8694afba.wav,0,2.557125,0
/mnt/fscompute_shared/simulation_dataset/outputs/simulated_audio_8694afba.wav,2.557125,2.6264583333333333,1
/mnt/fscompute_shared/simulation_dataset/outputs/simulated_audio_8694afba.wav,2.6264583333333333,10,0
/mnt/fscompute_shared/simulation_dataset/outputs/simulated_audio_6ac7262b.wav,0,5.226708333333334,0
/mnt/fscompute_shared/simulation_dataset/outputs/simulated_audio_6ac7262b.wav,5.226708333333334,5.373375,1
/mnt/fscompute_shared/simulation_dataset/outputs/simulated_audio_6ac7262b.wav,5.373375,10,0
/mnt/fscompute_shared/simulation_dataset/outputs/simulated_audio_3370082b.wav,0,6.807270833333333,0
/mnt/fscompute_shared/simulation_dataset/outputs/simulated_audio_3370082b.wav,6.807270833333333,6.8819375,1
/mnt/fscompute_shared/simulation_dataset/outputs/simulated_audio_3370082b.wav,6.8819375,10,0
/mnt/fscompute_shared/simulation_dataset/outputs/simulated_audio_f07f3ee1.wav,0,5.1615416666666665,0
/mnt/fscompute_shared/simulation_dataset/outputs/simulated_audio_f07f3ee1.wav,5.1615416666666665,7.284208333333334,1
/mnt/fscompute_shared/simulation_dataset/outputs/simulated_audio_191c6c7d.wav,0,3.5291875,0
/mnt/fscompute_shared/simulation_dataset/outputs/simulated_audio_191c6c7d.wav,3.5291875,3.5745208333333336,1
/mnt/fscompute_shared/simulation_dataset/outputs/simulated_audio_191c6c7d.wav,3.5745208333333336,10,0
/mnt/fscompute_shared/simulation_dataset/outputs/simulated_audio_625b7030.wav,0,5.1905625,0
/mnt/fscompute_shared/simulation_dataset/outputs/simulated_audio_625b7030.wav,5.1905625,5.249229166666667,1
/mnt/fscompute_shared/simulation_dataset/outputs/simulated_audio_625b7030.wav,5.249229166666667,10,0
/mnt/fscompute_shared/simulation_dataset/outputs/simulated_audio_0023cab8.wav,0,3.6505833333333335,0
/mnt/fscompute_shared/simulation_dataset/outputs/simulated_audio_0023cab8.wav,3.6505833333333335,3.66925,1
/mnt/fscompute_shared/simulation_dataset/outputs/simulated_audio_0023cab8.wav,3.66925,10,0
/mnt/fscompute_shared/simulation_dataset/outputs/simulated_audio_208688c3.wav,0,7.271270833333333,0
/mnt/fscompute_shared/simulation_dataset/outputs/simulated_audio_208688c3.wav,7.271270833333333,7.3939375,1
/mnt/fscompute_shared/simulation_dataset/outputs/simulated_audio_71ea66ae.wav,0,6.431708333333333,0
/mnt/fscompute_shared/simulation_dataset/outputs/simulated_audio_71ea66ae.wav,6.431708333333333,6.479708333333333,1
/mnt/fscompute_shared/simulation_dataset/outputs/simulated_audio_71ea66ae.wav,6.479708333333333,10,0
/mnt/fscompute_shared/simulation_dataset/outputs/simulated_audio_8c191187.wav,0,2.2377083333333334,0
/mnt/fscompute_shared/simulation_dataset/outputs/simulated_audio_8c191187.wav,2.2377083333333334,4.360375,1
/mnt/fscompute_shared/simulation_dataset/outputs/simulated_audio_8c191187.wav,4.360375,10,0
/mnt/fscompute_shared/simulation_dataset/outputs/simulated_audio_20be826e.wav,0,4.443395833333334,0
/mnt/fscompute_shared/simulation_dataset/outputs/simulated_audio_20be826e.wav,4.443395833333334,4.496729166666666,1
/mnt/fscompute_shared/simulation_dataset/outputs/simulated_audio_20be826e.wav,4.496729166666666,10,0
/mnt/fscompute_shared/simulation_dataset/outputs/simulated_audio_2a8c38b3.wav,0,8.083833333333335,0
/mnt/fscompute_shared/simulation_dataset/outputs/simulated_audio_2a8c38b3.wav,8.083833333333335,8.619833333333334,1
/mnt/fscompute_shared/simulation_dataset/outputs/simulated_audio_6d7eab2f.wav,0,7.947020833333333,0
/mnt/fscompute_shared/simulation_dataset/outputs/simulated_audio_6d7eab2f.wav,7.947020833333333,7.9736875000000005,1
/mnt/fscompute_shared/simulation_dataset/outputs/simulated_audio_1cdba399.wav,0,6.3273125,0
/mnt/fscompute_shared/simulation_dataset/outputs/simulated_audio_1cdba399.wav,6.3273125,6.649979166666666,1
/mnt/fscompute_shared/simulation_dataset/outputs/simulated_audio_1cdba399.wav,6.649979166666666,10,0
/mnt/fscompute_shared/simulation_dataset/outputs/simulated_audio_6db784eb.wav,1.1986041666666667,4.862604166666666,1
/mnt/fscompute_shared/simulation_dataset/outputs/simulated_audio_6db784eb.wav,4.862604166666666,10,0
/mnt/fscompute_shared/simulation_dataset/outputs/simulated_audio_4f7c9be4.wav,0,3.018666666666667,0
/mnt/fscompute_shared/simulation_dataset/outputs/simulated_audio_4f7c9be4.wav,3.018666666666667,3.056,1
/mnt/fscompute_shared/simulation_dataset/outputs/simulated_audio_4f7c9be4.wav,3.056,10,0
/mnt/fscompute_shared/simulation_dataset/outputs/simulated_audio_b95ac3ff.wav,0,5.836270833333334,0
/mnt/fscompute_shared/simulation_dataset/outputs/simulated_audio_b95ac3ff.wav,5.836270833333334,5.964270833333333,1
/mnt/fscompute_shared/simulation_dataset/outputs/simulated_audio_b95ac3ff.wav,5.964270833333333,10,0
/mnt/fscompute_shared/simulation_dataset/outputs/simulated_audio_44b0ce36.wav,0,5.87075,0
/mnt/fscompute_shared/simulation_dataset/outputs/simulated_audio_44b0ce36.wav,5.87075,6.8174166666666665,1
/mnt/fscompute_shared/simulation_dataset/outputs/simulated_audio_44b0ce36.wav,6.8174166666666665,10,0
/mnt/fscompute_shared/simulation_dataset/outputs/simulated_audio_9d5f0d7a.wav,0,3.0591458333333335,0
/mnt/fscompute_shared/simulation_dataset/outputs/simulated_audio_9d5f0d7a.wav,3.0591458333333335,3.1338125000000003,1
/mnt/fscompute_shared/simulation_dataset/outputs/simulated_audio_9d5f0d7a.wav,3.1338125000000003,10,0
/mnt/fscompute_shared/simulation_dataset/outputs/simulated_audio_cddebad5.wav,1.1561875,1.1935208333333334,1
/mnt/fscompute_shared/simulation_dataset/outputs/simulated_audio_cddebad5.wav,1.1935208333333334,10,0
/mnt/fscompute_shared/simulation_dataset/outputs/simulated_audio_60e352ee.wav,1.5129375,3.9476041666666664,1
/mnt/fscompute_shared/simulation_dataset/outputs/simulated_audio_60e352ee.wav,3.9476041666666664,10,0
/mnt/fscompute_shared/simulation_dataset/outputs/simulated_audio_d73fdc60.wav,0,2.107625,0
/mnt/fscompute_shared/simulation_dataset/outputs/simulated_audio_d73fdc60.wav,2.107625,2.483625,1
/mnt/fscompute_shared/simulation_dataset/outputs/simulated_audio_d73fdc60.wav,2.483625,10,0
/mnt/fscompute_shared/simulation_dataset/outputs/simulated_audio_f1e7ed19.wav,0,7.0094375,0
/mnt/fscompute_shared/simulation_dataset/outputs/simulated_audio_f1e7ed19.wav,7.0094375,7.486770833333333,1
/mnt/fscompute_shared/simulation_dataset/outputs/simulated_audio_02ab6b54.wav,0,5.063583333333334,0
/mnt/fscompute_shared/simulation_dataset/outputs/simulated_audio_02ab6b54.wav,5.063583333333334,8.26625,1
/mnt/fscompute_shared/simulation_dataset/outputs/simulated_audio_22a02714.wav,0,7.9504166666666665,0
/mnt/fscompute_shared/simulation_dataset/outputs/simulated_audio_22a02714.wav,7.9504166666666665,8.022416666666667,1
/mnt/fscompute_shared/simulation_dataset/outputs/simulated_audio_1791dabe.wav,0,8.497791666666668,0
/mnt/fscompute_shared/simulation_dataset/outputs/simulated_audio_1791dabe.wav,8.497791666666668,8.708458333333333,1
/mnt/fscompute_shared/simulation_dataset/outputs/simulated_audio_56eed949.wav,0,4.518229166666666,0
/mnt/fscompute_shared/simulation_dataset/outputs/simulated_audio_56eed949.wav,4.518229166666666,4.904895833333334,1
/mnt/fscompute_shared/simulation_dataset/outputs/simulated_audio_56eed949.wav,4.904895833333334,10,0
/mnt/fscompute_shared/simulation_dataset/outputs/simulated_audio_7d701a48.wav,1.6592708333333333,4.9259375,1
/mnt/fscompute_shared/simulation_dataset/outputs/simulated_audio_7d701a48.wav,4.9259375,10,0
/mnt/fscompute_shared/simulation_dataset/outputs/simulated_audio_ccfb02af.wav,0,5.5475208333333335,0
/mnt/fscompute_shared/simulation_dataset/outputs/simulated_audio_ccfb02af.wav,5.5475208333333335,5.667520833333334,1
/mnt/fscompute_shared/simulation_dataset/outputs/simulated_audio_ccfb02af.wav,5.667520833333334,10,0
/mnt/fscompute_shared/simulation_dataset/outputs/simulated_audio_6cc10f1b.wav,0,4.5531041666666665,0
/mnt/fscompute_shared/simulation_dataset/outputs/simulated_audio_6cc10f1b.wav,4.5531041666666665,4.6704375,1
/mnt/fscompute_shared/simulation_dataset/outputs/simulated_audio_6cc10f1b.wav,4.6704375,10,0
/mnt/fscompute_shared/simulation_dataset/outputs/simulated_audio_5e608203.wav,0,6.419854166666667,0
/mnt/fscompute_shared/simulation_dataset/outputs/simulated_audio_5e608203.wav,6.419854166666667,6.758520833333334,1
/mnt/fscompute_shared/simulation_dataset/outputs/simulated_audio_5e608203.wav,6.758520833333334,10,0
/mnt/fscompute_shared/simulation_dataset/outputs/simulated_audio_5c90be87.wav,0,8.571604166666667,0
/mnt/fscompute_shared/simulation_dataset/outputs/simulated_audio_5c90be87.wav,8.571604166666667,8.723604166666666,1
/mnt/fscompute_shared/simulation_dataset/outputs/simulated_audio_b60345a2.wav,0,8.804208333333333,0
/mnt/fscompute_shared/simulation_dataset/outputs/simulated_audio_b60345a2.wav,8.804208333333333,8.870875,1
/mnt/fscompute_shared/simulation_dataset/outputs/simulated_audio_e1869847.wav,0,5.544583333333334,0
/mnt/fscompute_shared/simulation_dataset/outputs/simulated_audio_e1869847.wav,5.544583333333334,5.75525,1
/mnt/fscompute_shared/simulation_dataset/outputs/simulated_audio_e1869847.wav,5.75525,10,0
/mnt/fscompute_shared/simulation_dataset/outputs/simulated_audio_eaf1ff34.wav,0,6.944583333333333,0
/mnt/fscompute_shared/simulation_dataset/outputs/simulated_audio_eaf1ff34.wav,6.944583333333333,7.000583333333333,1
/mnt/fscompute_shared/simulation_dataset/outputs/simulated_audio_ff53f5d0.wav,1.1255208333333333,1.1708541666666665,1
/mnt/fscompute_shared/simulation_dataset/outputs/simulated_audio_ff53f5d0.wav,1.1708541666666665,10,0
/mnt/fscompute_shared/simulation_dataset/outputs/simulated_audio_36c8c3e6.wav,0,3.9646041666666667,0
/mnt/fscompute_shared/simulation_dataset/outputs/simulated_audio_36c8c3e6.wav,3.9646041666666667,4.116604166666667,1
/mnt/fscompute_shared/simulation_dataset/outputs/simulated_audio_36c8c3e6.wav,4.116604166666667,10,0
/mnt/fscompute_shared/simulation_dataset/outputs/simulated_audio_ac4f80cd.wav,0,8.293458333333334,0
/mnt/fscompute_shared/simulation_dataset/outputs/simulated_audio_ac4f80cd.wav,8.293458333333334,8.493458333333333,1
/mnt/fscompute_shared/simulation_dataset/outputs/simulated_audio_eba175eb.wav,1.4903958333333334,3.306395833333333,1
/mnt/fscompute_shared/simulation_dataset/outputs/simulated_audio_eba175eb.wav,3.306395833333333,10,0
/mnt/fscompute_shared/simulation_dataset/outputs/simulated_audio_ea4857e9.wav,0,2.02025,0
/mnt/fscompute_shared/simulation_dataset/outputs/simulated_audio_ea4857e9.wav,2.02025,5.98825,1
/mnt/fscompute_shared/simulation_dataset/outputs/simulated_audio_ea4857e9.wav,5.98825,10,0
/mnt/fscompute_shared/simulation_dataset/outputs/simulated_audio_afd769ad.wav,1.2918541666666667,1.3638541666666666,1
/mnt/fscompute_shared/simulation_dataset/outputs/simulated_audio_afd769ad.wav,1.3638541666666666,10,0
/mnt/fscompute_shared/simulation_dataset/outputs/simulated_audio_9e02929e.wav,0,7.424145833333333,0
/mnt/fscompute_shared/simulation_dataset/outputs/simulated_audio_9e02929e.wav,7.424145833333333,7.677479166666666,1
/mnt/fscompute_shared/simulation_dataset/outputs/simulated_audio_3bac0428.wav,0,5.272166666666666,0
/mnt/fscompute_shared/simulation_dataset/outputs/simulated_audio_3bac0428.wav,5.272166666666666,6.144166666666667,1
/mnt/fscompute_shared/simulation_dataset/outputs/simulated_audio_3bac0428.wav,6.144166666666667,10,0
/mnt/fscompute_shared/simulation_dataset/outputs/simulated_audio_656c7af6.wav,0,4.2693125,0
/mnt/fscompute_shared/simulation_dataset/outputs/simulated_audio_656c7af6.wav,4.2693125,4.375979166666666,1
/mnt/fscompute_shared/simulation_dataset/outputs/simulated_audio_656c7af6.wav,4.375979166666666,10,0
/mnt/fscompute_shared/simulation_dataset/outputs/simulated_audio_e47dc8e1.wav,0,6.597958333333334,0
/mnt/fscompute_shared/simulation_dataset/outputs/simulated_audio_e47dc8e1.wav,6.597958333333334,6.643291666666666,1
/mnt/fscompute_shared/simulation_dataset/outputs/simulated_audio_e47dc8e1.wav,6.643291666666666,10,0
/mnt/fscompute_shared/simulation_dataset/outputs/simulated_audio_0b7b4700.wav,0,3.5684791666666666,0
/mnt/fscompute_shared/simulation_dataset/outputs/simulated_audio_0b7b4700.wav,3.5684791666666666,3.6271458333333335,1
/mnt/fscompute_shared/simulation_dataset/outputs/simulated_audio_0b7b4700.wav,3.6271458333333335,10,0
/mnt/fscompute_shared/simulation_dataset/outputs/simulated_audio_ab2128e7.wav,0,2.1780625000000002,0
/mnt/fscompute_shared/simulation_dataset/outputs/simulated_audio_ab2128e7.wav,2.1780625000000002,3.199395833333333,1
/mnt/fscompute_shared/simulation_dataset/outputs/simulated_audio_ab2128e7.wav,3.199395833333333,10,0
/mnt/fscompute_shared/simulation_dataset/outputs/simulated_audio_b2f9bb9d.wav,0,7.709395833333334,0
/mnt/fscompute_shared/simulation_dataset/outputs/simulated_audio_b2f9bb9d.wav,7.709395833333334,7.749395833333333,1
/mnt/fscompute_shared/simulation_dataset/outputs/simulated_audio_09a4dfc9.wav,0,2.0876875,0
/mnt/fscompute_shared/simulation_dataset/outputs/simulated_audio_09a4dfc9.wav,2.0876875,2.1223541666666668,1
/mnt/fscompute_shared/simulation_dataset/outputs/simulated_audio_09a4dfc9.wav,2.1223541666666668,10,0
/mnt/fscompute_shared/simulation_dataset/outputs/simulated_audio_dec1789e.wav,0,4.308291666666667,0
/mnt/fscompute_shared/simulation_dataset/outputs/simulated_audio_dec1789e.wav,4.308291666666667,4.353625,1
/mnt/fscompute_shared/simulation_dataset/outputs/simulated_audio_dec1789e.wav,4.353625,10,0
/mnt/fscompute_shared/simulation_dataset/outputs/simulated_audio_d5f17614.wav,1.7918541666666665,2.2558541666666665,1
/mnt/fscompute_shared/simulation_dataset/outputs/simulated_audio_d5f17614.wav,2.2558541666666665,10,0
/mnt/fscompute_shared/simulation_dataset/outputs/simulated_audio_ffec2456.wav,0,2.1731458333333333,0
/mnt/fscompute_shared/simulation_dataset/outputs/simulated_audio_ffec2456.wav,2.1731458333333333,6.3038125,1
/mnt/fscompute_shared/simulation_dataset/outputs/simulated_audio_ffec2456.wav,6.3038125,10,0
/mnt/fscompute_shared/simulation_dataset/outputs/simulated_audio_5028a317.wav,0,2.3309375,0
/mnt/fscompute_shared/simulation_dataset/outputs/simulated_audio_5028a317.wav,2.3309375,2.6296041666666667,1
/mnt/fscompute_shared/simulation_dataset/outputs/simulated_audio_5028a317.wav,2.6296041666666667,10,0
/mnt/fscompute_shared/simulation_dataset/outputs/simulated_audio_52bf90f6.wav,0,7.407395833333333,0
/mnt/fscompute_shared/simulation_dataset/outputs/simulated_audio_52bf90f6.wav,7.407395833333333,7.4420625000000005,1
/mnt/fscompute_shared/simulation_dataset/outputs/simulated_audio_7b4333db.wav,0,2.3347291666666665,0
/mnt/fscompute_shared/simulation_dataset/outputs/simulated_audio_7b4333db.wav,2.3347291666666665,2.4867291666666667,1
/mnt/fscompute_shared/simulation_dataset/outputs/simulated_audio_7b4333db.wav,2.4867291666666667,10,0
/mnt/fscompute_shared/simulation_dataset/outputs/simulated_audio_17e8d290.wav,0,7.814291666666667,0
/mnt/fscompute_shared/simulation_dataset/outputs/simulated_audio_17e8d290.wav,7.814291666666667,7.9716249999999995,1
/mnt/fscompute_shared/simulation_dataset/outputs/simulated_audio_0d00897a.wav,0,2.490895833333333,0
/mnt/fscompute_shared/simulation_dataset/outputs/simulated_audio_0d00897a.wav,2.490895833333333,2.8295625,1
/mnt/fscompute_shared/simulation_dataset/outputs/simulated_audio_0d00897a.wav,2.8295625,10,0
/mnt/fscompute_shared/simulation_dataset/outputs/simulated_audio_2c7b7c0b.wav,0,4.1549375,0
/mnt/fscompute_shared/simulation_dataset/outputs/simulated_audio_2c7b7c0b.wav,4.1549375,4.3736041666666665,1
/mnt/fscompute_shared/simulation_dataset/outputs/simulated_audio_2c7b7c0b.wav,4.3736041666666665,10,0
/mnt/fscompute_shared/simulation_dataset/outputs/simulated_audio_e882e718.wav,0,6.217145833333333,0
/mnt/fscompute_shared/simulation_dataset/outputs/simulated_audio_e882e718.wav,6.217145833333333,6.518479166666666,1
/mnt/fscompute_shared/simulation_dataset/outputs/simulated_audio_e882e718.wav,6.518479166666666,10,0
/mnt/fscompute_shared/simulation_dataset/outputs/simulated_audio_dc5413cf.wav,0,3.2671875,0
/mnt/fscompute_shared/simulation_dataset/outputs/simulated_audio_dc5413cf.wav,3.2671875,3.381854166666667,1
/mnt/fscompute_shared/simulation_dataset/outputs/simulated_audio_dc5413cf.wav,3.381854166666667,10,0
/mnt/fscompute_shared/simulation_dataset/outputs/simulated_audio_0dcf9e8b.wav,0,5.4031875,0
/mnt/fscompute_shared/simulation_dataset/outputs/simulated_audio_0dcf9e8b.wav,5.4031875,5.437854166666667,1
/mnt/fscompute_shared/simulation_dataset/outputs/simulated_audio_0dcf9e8b.wav,5.437854166666667,10,0
/mnt/fscompute_shared/simulation_dataset/outputs/simulated_audio_b7e49a2f.wav,0,6.378354166666667,0
/mnt/fscompute_shared/simulation_dataset/outputs/simulated_audio_b7e49a2f.wav,6.378354166666667,7.250354166666666,1
/mnt/fscompute_shared/simulation_dataset/outputs/simulated_audio_6cd45b13.wav,0,5.9314375,0
/mnt/fscompute_shared/simulation_dataset/outputs/simulated_audio_6cd45b13.wav,5.9314375,6.4674375,1
/mnt/fscompute_shared/simulation_dataset/outputs/simulated_audio_6cd45b13.wav,6.4674375,10,0
/mnt/fscompute_shared/simulation_dataset/outputs/simulated_audio_ef99dfa3.wav,0,7.802145833333333,0
/mnt/fscompute_shared/simulation_dataset/outputs/simulated_audio_ef99dfa3.wav,7.802145833333333,7.9408125,1
/mnt/fscompute_shared/simulation_dataset/outputs/simulated_audio_b5ce557a.wav,0,2.053354166666667,0
/mnt/fscompute_shared/simulation_dataset/outputs/simulated_audio_b5ce557a.wav,2.053354166666667,2.1066875,1
/mnt/fscompute_shared/simulation_dataset/outputs/simulated_audio_b5ce557a.wav,2.1066875,10,0
/mnt/fscompute_shared/simulation_dataset/outputs/simulated_audio_984bdeeb.wav,0,4.893395833333333,0
/mnt/fscompute_shared/simulation_dataset/outputs/simulated_audio_984bdeeb.wav,4.893395833333333,5.0080625,1
/mnt/fscompute_shared/simulation_dataset/outputs/simulated_audio_984bdeeb.wav,5.0080625,10,0
/mnt/fscompute_shared/simulation_dataset/outputs/simulated_audio_75b922d4.wav,0,3.3313333333333333,0
/mnt/fscompute_shared/simulation_dataset/outputs/simulated_audio_75b922d4.wav,3.3313333333333333,3.376666666666667,1
/mnt/fscompute_shared/simulation_dataset/outputs/simulated_audio_75b922d4.wav,3.376666666666667,10,0
/mnt/fscompute_shared/simulation_dataset/outputs/simulated_audio_01b90c98.wav,0,6.50225,0
/mnt/fscompute_shared/simulation_dataset/outputs/simulated_audio_01b90c98.wav,6.50225,6.611583333333333,1
/mnt/fscompute_shared/simulation_dataset/outputs/simulated_audio_01b90c98.wav,6.611583333333333,10,0
/mnt/fscompute_shared/simulation_dataset/outputs/simulated_audio_0c478722.wav,0,5.2955625,0
/mnt/fscompute_shared/simulation_dataset/outputs/simulated_audio_0c478722.wav,5.2955625,5.434229166666666,1
/mnt/fscompute_shared/simulation_dataset/outputs/simulated_audio_0c478722.wav,5.434229166666666,10,0
/mnt/fscompute_shared/simulation_dataset/outputs/simulated_audio_1f8e43c7.wav,0,6.237708333333333,0
/mnt/fscompute_shared/simulation_dataset/outputs/simulated_audio_1f8e43c7.wav,6.237708333333333,6.939041666666666,1
/mnt/fscompute_shared/simulation_dataset/outputs/simulated_audio_1f8e43c7.wav,6.939041666666666,10,0
/mnt/fscompute_shared/simulation_dataset/outputs/simulated_audio_1f900879.wav,0,4.897187499999999,0
/mnt/fscompute_shared/simulation_dataset/outputs/simulated_audio_1f900879.wav,4.897187499999999,4.9611875,1
/mnt/fscompute_shared/simulation_dataset/outputs/simulated_audio_1f900879.wav,4.9611875,10,0
/mnt/fscompute_shared/simulation_dataset/outputs/simulated_audio_205face8.wav,0,3.3212083333333333,0
/mnt/fscompute_shared/simulation_dataset/outputs/simulated_audio_205face8.wav,3.3212083333333333,5.225208333333334,1
/mnt/fscompute_shared/simulation_dataset/outputs/simulated_audio_205face8.wav,5.225208333333334,10,0
/mnt/fscompute_shared/simulation_dataset/outputs/simulated_audio_1598a640.wav,1.297375,1.3853749999999998,1
/mnt/fscompute_shared/simulation_dataset/outputs/simulated_audio_1598a640.wav,1.3853749999999998,10,0
/mnt/fscompute_shared/simulation_dataset/outputs/simulated_audio_ab524d6e.wav,0,3.5918125,0
/mnt/fscompute_shared/simulation_dataset/outputs/simulated_audio_ab524d6e.wav,3.5918125,8.237145833333333,1
/mnt/fscompute_shared/simulation_dataset/outputs/simulated_audio_1b66e335.wav,1.0266458333333333,1.0719791666666665,1
/mnt/fscompute_shared/simulation_dataset/outputs/simulated_audio_1b66e335.wav,1.0719791666666665,10,0
/mnt/fscompute_shared/simulation_dataset/outputs/simulated_audio_bc7b69e4.wav,0,4.0134791666666665,0
/mnt/fscompute_shared/simulation_dataset/outputs/simulated_audio_bc7b69e4.wav,4.0134791666666665,4.4908125,1
/mnt/fscompute_shared/simulation_dataset/outputs/simulated_audio_bc7b69e4.wav,4.4908125,10,0
/mnt/fscompute_shared/simulation_dataset/outputs/simulated_audio_6565cc60.wav,0,4.366875,0
/mnt/fscompute_shared/simulation_dataset/outputs/simulated_audio_6565cc60.wav,4.366875,4.473541666666667,1
/mnt/fscompute_shared/simulation_dataset/outputs/simulated_audio_6565cc60.wav,4.473541666666667,10,0
/mnt/fscompute_shared/simulation_dataset/outputs/simulated_audio_84d1d014.wav,0,5.364729166666667,0
/mnt/fscompute_shared/simulation_dataset/outputs/simulated_audio_84d1d014.wav,5.364729166666667,5.6660625,1
/mnt/fscompute_shared/simulation_dataset/outputs/simulated_audio_84d1d014.wav,5.6660625,10,0
/mnt/fscompute_shared/simulation_dataset/outputs/simulated_audio_c397e847.wav,0,4.121145833333333,0
/mnt/fscompute_shared/simulation_dataset/outputs/simulated_audio_c397e847.wav,4.121145833333333,4.5984791666666665,1
/mnt/fscompute_shared/simulation_dataset/outputs/simulated_audio_c397e847.wav,4.5984791666666665,10,0
/mnt/fscompute_shared/simulation_dataset/outputs/simulated_audio_d3c0fc4c.wav,0,4.785166666666667,0
/mnt/fscompute_shared/simulation_dataset/outputs/simulated_audio_d3c0fc4c.wav,4.785166666666667,8.355833333333333,1
/mnt/fscompute_shared/simulation_dataset/outputs/simulated_audio_b3b5d380.wav,0,2.052458333333333,0
/mnt/fscompute_shared/simulation_dataset/outputs/simulated_audio_b3b5d380.wav,2.052458333333333,2.247125,1
/mnt/fscompute_shared/simulation_dataset/outputs/simulated_audio_b3b5d380.wav,2.247125,10,0
/mnt/fscompute_shared/simulation_dataset/outputs/simulated_audio_88ad87cd.wav,0,7.50575,0
/mnt/fscompute_shared/simulation_dataset/outputs/simulated_audio_88ad87cd.wav,7.50575,7.551083333333333,1
/mnt/fscompute_shared/simulation_dataset/outputs/simulated_audio_b8f14a65.wav,0,6.183104166666666,0
/mnt/fscompute_shared/simulation_dataset/outputs/simulated_audio_b8f14a65.wav,6.183104166666666,6.215104166666666,1
/mnt/fscompute_shared/simulation_dataset/outputs/simulated_audio_b8f14a65.wav,6.215104166666666,10,0
/mnt/fscompute_shared/simulation_dataset/outputs/simulated_audio_cc799561.wav,0,4.548770833333333,0
/mnt/fscompute_shared/simulation_dataset/outputs/simulated_audio_cc799561.wav,4.548770833333333,4.588770833333333,1
/mnt/fscompute_shared/simulation_dataset/outputs/simulated_audio_cc799561.wav,4.588770833333333,10,0
/mnt/fscompute_shared/simulation_dataset/outputs/simulated_audio_44bfe278.wav,1.1833958333333334,1.3487291666666668,1
/mnt/fscompute_shared/simulation_dataset/outputs/simulated_audio_44bfe278.wav,1.3487291666666668,10,0
/mnt/fscompute_shared/simulation_dataset/outputs/simulated_audio_dbb73295.wav,0,4.2971875,0
/mnt/fscompute_shared/simulation_dataset/outputs/simulated_audio_dbb73295.wav,4.2971875,4.8331875,1
/mnt/fscompute_shared/simulation_dataset/outputs/simulated_audio_dbb73295.wav,4.8331875,10,0
/mnt/fscompute_shared/simulation_dataset/outputs/simulated_audio_03b5037f.wav,0,4.698270833333334,0
/mnt/fscompute_shared/simulation_dataset/outputs/simulated_audio_03b5037f.wav,4.698270833333334,4.8129375,1
/mnt/fscompute_shared/simulation_dataset/outputs/simulated_audio_03b5037f.wav,4.8129375,10,0
/mnt/fscompute_shared/simulation_dataset/outputs/simulated_audio_4ef062fe.wav,0,2.5785,0
/mnt/fscompute_shared/simulation_dataset/outputs/simulated_audio_4ef062fe.wav,2.5785,2.9731666666666667,1
/mnt/fscompute_shared/simulation_dataset/outputs/simulated_audio_4ef062fe.wav,2.9731666666666667,10,0
/mnt/fscompute_shared/simulation_dataset/outputs/simulated_audio_6c4ccf08.wav,0,2.7261249999999997,0
/mnt/fscompute_shared/simulation_dataset/outputs/simulated_audio_6c4ccf08.wav,2.7261249999999997,2.8834583333333335,1
/mnt/fscompute_shared/simulation_dataset/outputs/simulated_audio_6c4ccf08.wav,2.8834583333333335,10,0
/mnt/fscompute_shared/simulation_dataset/outputs/simulated_audio_3f4f40fd.wav,0,2.5432916666666667,0
/mnt/fscompute_shared/simulation_dataset/outputs/simulated_audio_3f4f40fd.wav,2.5432916666666667,2.671291666666667,1
/mnt/fscompute_shared/simulation_dataset/outputs/simulated_audio_3f4f40fd.wav,2.671291666666667,10,0
/mnt/fscompute_shared/simulation_dataset/outputs/simulated_audio_17d66a6b.wav,1.4105416666666666,1.4745416666666666,1
/mnt/fscompute_shared/simulation_dataset/outputs/simulated_audio_17d66a6b.wav,1.4745416666666666,10,0
/mnt/fscompute_shared/simulation_dataset/outputs/simulated_audio_53bb03f6.wav,0,7.200916666666667,0
/mnt/fscompute_shared/simulation_dataset/outputs/simulated_audio_53bb03f6.wav,7.200916666666667,8.22225,1
/mnt/fscompute_shared/simulation_dataset/outputs/simulated_audio_54275f2a.wav,0,7.793104166666667,0
/mnt/fscompute_shared/simulation_dataset/outputs/simulated_audio_54275f2a.wav,7.793104166666667,7.8784375,1
/mnt/fscompute_shared/simulation_dataset/outputs/simulated_audio_d3f669f3.wav,0,6.661270833333333,0
/mnt/fscompute_shared/simulation_dataset/outputs/simulated_audio_d3f669f3.wav,6.661270833333333,6.7119375,1
/mnt/fscompute_shared/simulation_dataset/outputs/simulated_audio_d3f669f3.wav,6.7119375,10,0
/mnt/fscompute_shared/simulation_dataset/outputs/simulated_audio_b92cd2f7.wav,1.1606666666666667,3.304666666666667,1
/mnt/fscompute_shared/simulation_dataset/outputs/simulated_audio_b92cd2f7.wav,3.304666666666667,10,0
/mnt/fscompute_shared/simulation_dataset/outputs/simulated_audio_7f13a148.wav,0,8.517333333333333,0
/mnt/fscompute_shared/simulation_dataset/outputs/simulated_audio_7f13a148.wav,8.517333333333333,8.565333333333333,1
/mnt/fscompute_shared/simulation_dataset/outputs/simulated_audio_f2f12c24.wav,0,2.3398541666666666,0
/mnt/fscompute_shared/simulation_dataset/outputs/simulated_audio_f2f12c24.wav,2.3398541666666666,6.163854166666667,1
/mnt/fscompute_shared/simulation_dataset/outputs/simulated_audio_f2f12c24.wav,6.163854166666667,10,0
/mnt/fscompute_shared/simulation_dataset/outputs/simulated_audio_75a122b6.wav,0,8.734416666666666,0
/mnt/fscompute_shared/simulation_dataset/outputs/simulated_audio_75a122b6.wav,8.734416666666666,8.90775,1
/mnt/fscompute_shared/simulation_dataset/outputs/simulated_audio_6003eb25.wav,0,6.9167708333333335,0
/mnt/fscompute_shared/simulation_dataset/outputs/simulated_audio_6003eb25.wav,6.9167708333333335,7.292770833333334,1
/mnt/fscompute_shared/simulation_dataset/outputs/simulated_audio_198fe0d4.wav,0,3.7484375,0
/mnt/fscompute_shared/simulation_dataset/outputs/simulated_audio_198fe0d4.wav,3.7484375,4.095104166666666,1
/mnt/fscompute_shared/simulation_dataset/outputs/simulated_audio_198fe0d4.wav,4.095104166666666,10,0
/mnt/fscompute_shared/simulation_dataset/outputs/simulated_audio_ec78a06f.wav,1.1998958333333334,1.6772291666666668,1
/mnt/fscompute_shared/simulation_dataset/outputs/simulated_audio_ec78a06f.wav,1.6772291666666668,10,0
/mnt/fscompute_shared/simulation_dataset/outputs/simulated_audio_ca1e47c0.wav,0,3.7743541666666665,0
/mnt/fscompute_shared/simulation_dataset/outputs/simulated_audio_ca1e47c0.wav,3.7743541666666665,3.9610208333333334,1
/mnt/fscompute_shared/simulation_dataset/outputs/simulated_audio_ca1e47c0.wav,3.9610208333333334,10,0
/mnt/fscompute_shared/simulation_dataset/outputs/simulated_audio_333af2da.wav,0,2.1722083333333333,0
/mnt/fscompute_shared/simulation_dataset/outputs/simulated_audio_333af2da.wav,2.1722083333333333,2.1962083333333333,1
/mnt/fscompute_shared/simulation_dataset/outputs/simulated_audio_333af2da.wav,2.1962083333333333,10,0
/mnt/fscompute_shared/simulation_dataset/outputs/simulated_audio_0d47430d.wav,1.7449375,1.7796041666666667,1
/mnt/fscompute_shared/simulation_dataset/outputs/simulated_audio_0d47430d.wav,1.7796041666666667,10,0
/mnt/fscompute_shared/simulation_dataset/outputs/simulated_audio_2c3831d8.wav,0,2.8723333333333336,0
/mnt/fscompute_shared/simulation_dataset/outputs/simulated_audio_2c3831d8.wav,2.8723333333333336,2.915,1
/mnt/fscompute_shared/simulation_dataset/outputs/simulated_audio_2c3831d8.wav,2.915,10,0
/mnt/fscompute_shared/simulation_dataset/outputs/simulated_audio_72c50fff.wav,0,4.974875,0
/mnt/fscompute_shared/simulation_dataset/outputs/simulated_audio_72c50fff.wav,4.974875,5.033541666666666,1
/mnt/fscompute_shared/simulation_dataset/outputs/simulated_audio_72c50fff.wav,5.033541666666666,10,0
/mnt/fscompute_shared/simulation_dataset/outputs/simulated_audio_1be1a24e.wav,0,5.917229166666667,0
/mnt/fscompute_shared/simulation_dataset/outputs/simulated_audio_1be1a24e.wav,5.917229166666667,6.335895833333334,1
/mnt/fscompute_shared/simulation_dataset/outputs/simulated_audio_1be1a24e.wav,6.335895833333334,10,0
/mnt/fscompute_shared/simulation_dataset/outputs/simulated_audio_3186b61a.wav,0,2.89325,0
/mnt/fscompute_shared/simulation_dataset/outputs/simulated_audio_3186b61a.wav,2.89325,2.94125,1
/mnt/fscompute_shared/simulation_dataset/outputs/simulated_audio_3186b61a.wav,2.94125,10,0
/mnt/fscompute_shared/simulation_dataset/outputs/simulated_audio_0031d13f.wav,0,5.416333333333333,0
/mnt/fscompute_shared/simulation_dataset/outputs/simulated_audio_0031d13f.wav,5.416333333333333,5.909666666666666,1
/mnt/fscompute_shared/simulation_dataset/outputs/simulated_audio_0031d13f.wav,5.909666666666666,10,0
/mnt/fscompute_shared/simulation_dataset/outputs/simulated_audio_0ba10c49.wav,0,8.824791666666666,0
/mnt/fscompute_shared/simulation_dataset/outputs/simulated_audio_0ba10c49.wav,8.824791666666666,8.952791666666666,1
/mnt/fscompute_shared/simulation_dataset/outputs/simulated_audio_fff6e1cc.wav,0,2.599145833333333,0
/mnt/fscompute_shared/simulation_dataset/outputs/simulated_audio_fff6e1cc.wav,2.599145833333333,5.964479166666667,1
/mnt/fscompute_shared/simulation_dataset/outputs/simulated_audio_fff6e1cc.wav,5.964479166666667,10,0
/mnt/fscompute_shared/simulation_dataset/outputs/simulated_audio_8b84fc64.wav,0,6.1739375,0
/mnt/fscompute_shared/simulation_dataset/outputs/simulated_audio_8b84fc64.wav,6.1739375,6.2939375,1
/mnt/fscompute_shared/simulation_dataset/outputs/simulated_audio_8b84fc64.wav,6.2939375,10,0
/mnt/fscompute_shared/simulation_dataset/outputs/simulated_audio_39d2c8e2.wav,0,6.8611458333333335,0
/mnt/fscompute_shared/simulation_dataset/outputs/simulated_audio_39d2c8e2.wav,6.8611458333333335,7.079812499999999,1
/mnt/fscompute_shared/simulation_dataset/outputs/simulated_audio_f7333f09.wav,0,2.3541875,0
/mnt/fscompute_shared/simulation_dataset/outputs/simulated_audio_f7333f09.wav,2.3541875,2.4101875,1
/mnt/fscompute_shared/simulation_dataset/outputs/simulated_audio_f7333f09.wav,2.4101875,10,0
/mnt/fscompute_shared/simulation_dataset/outputs/simulated_audio_77ed52d2.wav,0,3.019833333333333,0
/mnt/fscompute_shared/simulation_dataset/outputs/simulated_audio_77ed52d2.wav,3.019833333333333,3.0731666666666664,1
/mnt/fscompute_shared/simulation_dataset/outputs/simulated_audio_77ed52d2.wav,3.0731666666666664,10,0
/mnt/fscompute_shared/simulation_dataset/outputs/simulated_audio_5aedd998.wav,0,7.507916666666667,0
/mnt/fscompute_shared/simulation_dataset/outputs/simulated_audio_5aedd998.wav,7.507916666666667,7.766583333333333,1
/mnt/fscompute_shared/simulation_dataset/outputs/simulated_audio_9f8ea585.wav,0,6.550875,0
/mnt/fscompute_shared/simulation_dataset/outputs/simulated_audio_9f8ea585.wav,6.550875,6.660208333333333,1
/mnt/fscompute_shared/simulation_dataset/outputs/simulated_audio_9f8ea585.wav,6.660208333333333,10,0
/mnt/fscompute_shared/simulation_dataset/outputs/simulated_audio_4c5db32e.wav,0,3.8693541666666667,0
/mnt/fscompute_shared/simulation_dataset/outputs/simulated_audio_4c5db32e.wav,3.8693541666666667,7.072020833333333,1
/mnt/fscompute_shared/simulation_dataset/outputs/simulated_audio_0c38d317.wav,0,3.063833333333333,0
/mnt/fscompute_shared/simulation_dataset/outputs/simulated_audio_0c38d317.wav,3.063833333333333,3.079833333333333,1
/mnt/fscompute_shared/simulation_dataset/outputs/simulated_audio_0c38d317.wav,3.079833333333333,10,0
/mnt/fscompute_shared/simulation_dataset/outputs/simulated_audio_edc65087.wav,0,5.489833333333333,0
/mnt/fscompute_shared/simulation_dataset/outputs/simulated_audio_edc65087.wav,5.489833333333333,5.5165,1
/mnt/fscompute_shared/simulation_dataset/outputs/simulated_audio_edc65087.wav,5.5165,10,0
/mnt/fscompute_shared/simulation_dataset/outputs/simulated_audio_0c718b75.wav,0,3.4862291666666665,0
/mnt/fscompute_shared/simulation_dataset/outputs/simulated_audio_0c718b75.wav,3.4862291666666665,4.0115625,1
/mnt/fscompute_shared/simulation_dataset/outputs/simulated_audio_0c718b75.wav,4.0115625,10,0
/mnt/fscompute_shared/simulation_dataset/outputs/simulated_audio_19ae3f7f.wav,0,3.3031875,0
/mnt/fscompute_shared/simulation_dataset/outputs/simulated_audio_19ae3f7f.wav,3.3031875,3.780520833333333,1
/mnt/fscompute_shared/simulation_dataset/outputs/simulated_audio_19ae3f7f.wav,3.780520833333333,10,0
/mnt/fscompute_shared/simulation_dataset/outputs/simulated_audio_b081d8f1.wav,1.1390625,1.1657291666666665,1
/mnt/fscompute_shared/simulation_dataset/outputs/simulated_audio_b081d8f1.wav,1.1657291666666665,10,0
/mnt/fscompute_shared/simulation_dataset/outputs/simulated_audio_5110b237.wav,0,4.373395833333333,0
/mnt/fscompute_shared/simulation_dataset/outputs/simulated_audio_5110b237.wav,4.373395833333333,4.4693958333333335,1
/mnt/fscompute_shared/simulation_dataset/outputs/simulated_audio_5110b237.wav,4.4693958333333335,10,0
/mnt/fscompute_shared/simulation_dataset/outputs/simulated_audio_9d396955.wav,0,2.7155625,0
/mnt/fscompute_shared/simulation_dataset/outputs/simulated_audio_9d396955.wav,2.7155625,3.184895833333333,1
/mnt/fscompute_shared/simulation_dataset/outputs/simulated_audio_9d396955.wav,3.184895833333333,10,0
/mnt/fscompute_shared/simulation_dataset/outputs/simulated_audio_6b6e4e61.wav,0,2.0962708333333335,0
/mnt/fscompute_shared/simulation_dataset/outputs/simulated_audio_6b6e4e61.wav,2.0962708333333335,5.437604166666667,1
/mnt/fscompute_shared/simulation_dataset/outputs/simulated_audio_6b6e4e61.wav,5.437604166666667,10,0
/mnt/fscompute_shared/simulation_dataset/outputs/simulated_audio_c20e323f.wav,0,3.4223333333333334,0
/mnt/fscompute_shared/simulation_dataset/outputs/simulated_audio_c20e323f.wav,3.4223333333333334,3.649,1
/mnt/fscompute_shared/simulation_dataset/outputs/simulated_audio_c20e323f.wav,3.649,10,0
/mnt/fscompute_shared/simulation_dataset/outputs/simulated_audio_0d2f128c.wav,0,7.83175,0
/mnt/fscompute_shared/simulation_dataset/outputs/simulated_audio_0d2f128c.wav,7.83175,7.8557500000000005,1
/mnt/fscompute_shared/simulation_dataset/outputs/simulated_audio_9c797dd9.wav,0,2.0788124999999997,0
/mnt/fscompute_shared/simulation_dataset/outputs/simulated_audio_9c797dd9.wav,2.0788124999999997,6.5854791666666666,1
/mnt/fscompute_shared/simulation_dataset/outputs/simulated_audio_9c797dd9.wav,6.5854791666666666,10,0
/mnt/fscompute_shared/simulation_dataset/outputs/simulated_audio_89838bca.wav,1.1891666666666667,1.6531666666666665,1
/mnt/fscompute_shared/simulation_dataset/outputs/simulated_audio_89838bca.wav,1.6531666666666665,10,0
/mnt/fscompute_shared/simulation_dataset/outputs/simulated_audio_3392f1ad.wav,0,7.4548125,0
/mnt/fscompute_shared/simulation_dataset/outputs/simulated_audio_3392f1ad.wav,7.4548125,8.001479166666666,1
/mnt/fscompute_shared/simulation_dataset/outputs/simulated_audio_91380232.wav,0,3.607083333333333,0
/mnt/fscompute_shared/simulation_dataset/outputs/simulated_audio_91380232.wav,3.607083333333333,3.6684166666666664,1
/mnt/fscompute_shared/simulation_dataset/outputs/simulated_audio_91380232.wav,3.6684166666666664,10,0
/mnt/fscompute_shared/simulation_dataset/outputs/simulated_audio_4ad33da0.wav,0,6.302520833333333,0
/mnt/fscompute_shared/simulation_dataset/outputs/simulated_audio_4ad33da0.wav,6.302520833333333,6.7318541666666665,1
/mnt/fscompute_shared/simulation_dataset/outputs/simulated_audio_4ad33da0.wav,6.7318541666666665,10,0
/mnt/fscompute_shared/simulation_dataset/outputs/simulated_audio_df7919cf.wav,0,4.8445833333333335,0
/mnt/fscompute_shared/simulation_dataset/outputs/simulated_audio_df7919cf.wav,4.8445833333333335,4.993916666666666,1
/mnt/fscompute_shared/simulation_dataset/outputs/simulated_audio_df7919cf.wav,4.993916666666666,10,0
/mnt/fscompute_shared/simulation_dataset/outputs/simulated_audio_99b8256d.wav,1.696,8.072,1
/mnt/fscompute_shared/simulation_dataset/outputs/simulated_audio_42dc661d.wav,0,5.351541666666667,0
/mnt/fscompute_shared/simulation_dataset/outputs/simulated_audio_42dc661d.wav,5.351541666666667,5.498208333333333,1
/mnt/fscompute_shared/simulation_dataset/outputs/simulated_audio_42dc661d.wav,5.498208333333333,10,0
/mnt/fscompute_shared/simulation_dataset/outputs/simulated_audio_b3cc971e.wav,0,4.8405625,0
/mnt/fscompute_shared/simulation_dataset/outputs/simulated_audio_b3cc971e.wav,4.8405625,8.627229166666666,1
/mnt/fscompute_shared/simulation_dataset/outputs/simulated_audio_5348197d.wav,1.13025,1.6262500000000002,1
/mnt/fscompute_shared/simulation_dataset/outputs/simulated_audio_5348197d.wav,1.6262500000000002,10,0
/mnt/fscompute_shared/simulation_dataset/outputs/simulated_audio_4ca0d0b3.wav,0,2.0774583333333334,0
/mnt/fscompute_shared/simulation_dataset/outputs/simulated_audio_4ca0d0b3.wav,2.0774583333333334,2.365458333333333,1
/mnt/fscompute_shared/simulation_dataset/outputs/simulated_audio_4ca0d0b3.wav,2.365458333333333,10,0
/mnt/fscompute_shared/simulation_dataset/outputs/simulated_audio_4525e600.wav,0,5.854166666666667,0
/mnt/fscompute_shared/simulation_dataset/outputs/simulated_audio_4525e600.wav,5.854166666666667,5.982166666666667,1
/mnt/fscompute_shared/simulation_dataset/outputs/simulated_audio_4525e600.wav,5.982166666666667,10,0
/mnt/fscompute_shared/simulation_dataset/outputs/simulated_audio_6f3b1fd2.wav,0,2.6182083333333335,0
/mnt/fscompute_shared/simulation_dataset/outputs/simulated_audio_6f3b1fd2.wav,2.6182083333333335,2.791541666666667,1
/mnt/fscompute_shared/simulation_dataset/outputs/simulated_audio_6f3b1fd2.wav,2.791541666666667,10,0
/mnt/fscompute_shared/simulation_dataset/outputs/simulated_audio_e88f2e0f.wav,0,3.7645208333333335,0
/mnt/fscompute_shared/simulation_dataset/outputs/simulated_audio_e88f2e0f.wav,3.7645208333333335,4.1111875,1
/mnt/fscompute_shared/simulation_dataset/outputs/simulated_audio_e88f2e0f.wav,4.1111875,10,0
/mnt/fscompute_shared/simulation_dataset/outputs/simulated_audio_3db9253b.wav,0,2.0505416666666667,0
/mnt/fscompute_shared/simulation_dataset/outputs/simulated_audio_3db9253b.wav,2.0505416666666667,5.077208333333333,1
/mnt/fscompute_shared/simulation_dataset/outputs/simulated_audio_3db9253b.wav,5.077208333333333,10,0
/mnt/fscompute_shared/simulation_dataset/outputs/simulated_audio_b533517b.wav,0,3.7924583333333333,0
/mnt/fscompute_shared/simulation_dataset/outputs/simulated_audio_b533517b.wav,3.7924583333333333,3.8644583333333333,1
/mnt/fscompute_shared/simulation_dataset/outputs/simulated_audio_b533517b.wav,3.8644583333333333,10,0
/mnt/fscompute_shared/simulation_dataset/outputs/simulated_audio_2f6db4cc.wav,0,2.2513125,0
/mnt/fscompute_shared/simulation_dataset/outputs/simulated_audio_2f6db4cc.wav,2.2513125,2.3793125,1
/mnt/fscompute_shared/simulation_dataset/outputs/simulated_audio_2f6db4cc.wav,2.3793125,10,0
/mnt/fscompute_shared/simulation_dataset/outputs/simulated_audio_a052a6e8.wav,0,4.6303125000000005,0
/mnt/fscompute_shared/simulation_dataset/outputs/simulated_audio_a052a6e8.wav,4.6303125000000005,4.648979166666667,1
/mnt/fscompute_shared/simulation_dataset/outputs/simulated_audio_a052a6e8.wav,4.648979166666667,10,0
/mnt/fscompute_shared/simulation_dataset/outputs/simulated_audio_874c4e02.wav,0,2.8583541666666665,0
/mnt/fscompute_shared/simulation_dataset/outputs/simulated_audio_874c4e02.wav,2.8583541666666665,3.205020833333333,1
/mnt/fscompute_shared/simulation_dataset/outputs/simulated_audio_874c4e02.wav,3.205020833333333,10,0
/mnt/fscompute_shared/simulation_dataset/outputs/simulated_audio_3b635423.wav,0,7.0100625,0
/mnt/fscompute_shared/simulation_dataset/outputs/simulated_audio_3b635423.wav,7.0100625,7.220729166666667,1
/mnt/fscompute_shared/simulation_dataset/outputs/simulated_audio_5d88b6bb.wav,0,6.425020833333333,0
/mnt/fscompute_shared/simulation_dataset/outputs/simulated_audio_5d88b6bb.wav,6.425020833333333,6.470354166666667,1
/mnt/fscompute_shared/simulation_dataset/outputs/simulated_audio_5d88b6bb.wav,6.470354166666667,10,0
/mnt/fscompute_shared/simulation_dataset/outputs/simulated_audio_ae9f3e20.wav,0,3.4245,0
/mnt/fscompute_shared/simulation_dataset/outputs/simulated_audio_ae9f3e20.wav,3.4245,3.5525,1
/mnt/fscompute_shared/simulation_dataset/outputs/simulated_audio_ae9f3e20.wav,3.5525,10,0
/mnt/fscompute_shared/simulation_dataset/outputs/simulated_audio_fd1c490f.wav,0,8.650979166666666,0
/mnt/fscompute_shared/simulation_dataset/outputs/simulated_audio_fd1c490f.wav,8.650979166666666,8.738979166666667,1
/mnt/fscompute_shared/simulation_dataset/outputs/simulated_audio_d1ac7a09.wav,0,3.268854166666667,0
/mnt/fscompute_shared/simulation_dataset/outputs/simulated_audio_d1ac7a09.wav,3.268854166666667,3.2901875,1
/mnt/fscompute_shared/simulation_dataset/outputs/simulated_audio_d1ac7a09.wav,3.2901875,10,0
/mnt/fscompute_shared/simulation_dataset/outputs/simulated_audio_99455fd5.wav,0,6.875583333333333,0
/mnt/fscompute_shared/simulation_dataset/outputs/simulated_audio_99455fd5.wav,6.875583333333333,6.90225,1
/mnt/fscompute_shared/simulation_dataset/outputs/simulated_audio_99455fd5.wav,6.90225,10,0
/mnt/fscompute_shared/simulation_dataset/outputs/simulated_audio_86b6eba5.wav,0,7.143416666666667,0
/mnt/fscompute_shared/simulation_dataset/outputs/simulated_audio_86b6eba5.wav,7.143416666666667,7.22875,1
/mnt/fscompute_shared/simulation_dataset/outputs/simulated_audio_a06888db.wav,0,2.7179166666666665,0
/mnt/fscompute_shared/simulation_dataset/outputs/simulated_audio_a06888db.wav,2.7179166666666665,6.365916666666666,1
/mnt/fscompute_shared/simulation_dataset/outputs/simulated_audio_a06888db.wav,6.365916666666666,10,0
/mnt/fscompute_shared/simulation_dataset/outputs/simulated_audio_264dbdd3.wav,0,4.171791666666667,0
/mnt/fscompute_shared/simulation_dataset/outputs/simulated_audio_264dbdd3.wav,4.171791666666667,4.270458333333333,1
/mnt/fscompute_shared/simulation_dataset/outputs/simulated_audio_264dbdd3.wav,4.270458333333333,10,0
/mnt/fscompute_shared/simulation_dataset/outputs/simulated_audio_e7b8b506.wav,0,4.52325,0
/mnt/fscompute_shared/simulation_dataset/outputs/simulated_audio_e7b8b506.wav,4.52325,4.57925,1
/mnt/fscompute_shared/simulation_dataset/outputs/simulated_audio_e7b8b506.wav,4.57925,10,0
/mnt/fscompute_shared/simulation_dataset/outputs/simulated_audio_acc91472.wav,0,6.400854166666667,0
/mnt/fscompute_shared/simulation_dataset/outputs/simulated_audio_acc91472.wav,6.400854166666667,6.451520833333333,1
/mnt/fscompute_shared/simulation_dataset/outputs/simulated_audio_acc91472.wav,6.451520833333333,10,0
/mnt/fscompute_shared/simulation_dataset/outputs/simulated_audio_54b812de.wav,0,7.835770833333333,0
/mnt/fscompute_shared/simulation_dataset/outputs/simulated_audio_54b812de.wav,7.835770833333333,7.8944375,1
/mnt/fscompute_shared/simulation_dataset/outputs/simulated_audio_a5b4d2d0.wav,0,7.2543125,0
/mnt/fscompute_shared/simulation_dataset/outputs/simulated_audio_a5b4d2d0.wav,7.2543125,7.726312500000001,1
/mnt/fscompute_shared/simulation_dataset/outputs/simulated_audio_dec65063.wav,0,6.0683125,0
/mnt/fscompute_shared/simulation_dataset/outputs/simulated_audio_dec65063.wav,6.0683125,6.4443125,1
/mnt/fscompute_shared/simulation_dataset/outputs/simulated_audio_dec65063.wav,6.4443125,10,0
/mnt/fscompute_shared/simulation_dataset/outputs/simulated_audio_35be383d.wav,0,4.7357708333333335,0
/mnt/fscompute_shared/simulation_dataset/outputs/simulated_audio_35be383d.wav,4.7357708333333335,8.743770833333333,1
/mnt/fscompute_shared/simulation_dataset/outputs/simulated_audio_25c14799.wav,0,7.2179166666666665,0
/mnt/fscompute_shared/simulation_dataset/outputs/simulated_audio_25c14799.wav,7.2179166666666665,7.564583333333333,1
/mnt/fscompute_shared/simulation_dataset/outputs/simulated_audio_de94b26e.wav,0,4.598229166666666,0
/mnt/fscompute_shared/simulation_dataset/outputs/simulated_audio_de94b26e.wav,4.598229166666666,5.0755625,1
/mnt/fscompute_shared/simulation_dataset/outputs/simulated_audio_de94b26e.wav,5.0755625,10,0
/mnt/fscompute_shared/simulation_dataset/outputs/simulated_audio_aa09bf4f.wav,0,5.43375,0
/mnt/fscompute_shared/simulation_dataset/outputs/simulated_audio_aa09bf4f.wav,5.43375,5.60975,1
/mnt/fscompute_shared/simulation_dataset/outputs/simulated_audio_aa09bf4f.wav,5.60975,10,0
/mnt/fscompute_shared/simulation_dataset/outputs/simulated_audio_96990486.wav,0,3.069875,0
/mnt/fscompute_shared/simulation_dataset/outputs/simulated_audio_96990486.wav,3.069875,3.096541666666667,1
/mnt/fscompute_shared/simulation_dataset/outputs/simulated_audio_96990486.wav,3.096541666666667,10,0
/mnt/fscompute_shared/simulation_dataset/outputs/simulated_audio_5b29a0e0.wav,0,4.156729166666667,0
/mnt/fscompute_shared/simulation_dataset/outputs/simulated_audio_5b29a0e0.wav,4.156729166666667,4.2740625,1
/mnt/fscompute_shared/simulation_dataset/outputs/simulated_audio_5b29a0e0.wav,4.2740625,10,0
/mnt/fscompute_shared/simulation_dataset/outputs/simulated_audio_d2d66c62.wav,0,5.1713125,0
/mnt/fscompute_shared/simulation_dataset/outputs/simulated_audio_d2d66c62.wav,5.1713125,5.509979166666667,1
/mnt/fscompute_shared/simulation_dataset/outputs/simulated_audio_d2d66c62.wav,5.509979166666667,10,0
/mnt/fscompute_shared/simulation_dataset/outputs/simulated_audio_abf7276b.wav,0,5.147125,0
/mnt/fscompute_shared/simulation_dataset/outputs/simulated_audio_abf7276b.wav,5.147125,5.197791666666666,1
/mnt/fscompute_shared/simulation_dataset/outputs/simulated_audio_abf7276b.wav,5.197791666666666,10,0
/mnt/fscompute_shared/simulation_dataset/outputs/simulated_audio_5d36660d.wav,0,3.414833333333333,0
/mnt/fscompute_shared/simulation_dataset/outputs/simulated_audio_5d36660d.wav,3.414833333333333,3.4335000000000004,1
/mnt/fscompute_shared/simulation_dataset/outputs/simulated_audio_5d36660d.wav,3.4335000000000004,10,0
/mnt/fscompute_shared/simulation_dataset/outputs/simulated_audio_3c2e6472.wav,0,6.281979166666667,0
/mnt/fscompute_shared/simulation_dataset/outputs/simulated_audio_3c2e6472.wav,6.281979166666667,6.8073125,1
/mnt/fscompute_shared/simulation_dataset/outputs/simulated_audio_3c2e6472.wav,6.8073125,10,0
/mnt/fscompute_shared/simulation_dataset/outputs/simulated_audio_0f66bf16.wav,0,6.5250208333333335,0
/mnt/fscompute_shared/simulation_dataset/outputs/simulated_audio_0f66bf16.wav,6.5250208333333335,7.122354166666666,1
/mnt/fscompute_shared/simulation_dataset/outputs/simulated_audio_66eb6159.wav,0,4.7375625,0
/mnt/fscompute_shared/simulation_dataset/outputs/simulated_audio_66eb6159.wav,4.7375625,4.7962291666666665,1
/mnt/fscompute_shared/simulation_dataset/outputs/simulated_audio_66eb6159.wav,4.7962291666666665,10,0
/mnt/fscompute_shared/simulation_dataset/outputs/simulated_audio_077b6b24.wav,0,7.950958333333333,0
/mnt/fscompute_shared/simulation_dataset/outputs/simulated_audio_077b6b24.wav,7.950958333333333,8.524291666666667,1
/mnt/fscompute_shared/simulation_dataset/outputs/simulated_audio_8d4fc563.wav,0,2.8196666666666665,0
/mnt/fscompute_shared/simulation_dataset/outputs/simulated_audio_8d4fc563.wav,2.8196666666666665,3.3663333333333334,1
/mnt/fscompute_shared/simulation_dataset/outputs/simulated_audio_8d4fc563.wav,3.3663333333333334,10,0
/mnt/fscompute_shared/simulation_dataset/outputs/simulated_audio_6a9deb7c.wav,0,5.169479166666667,0
/mnt/fscompute_shared/simulation_dataset/outputs/simulated_audio_6a9deb7c.wav,5.169479166666667,5.2201458333333335,1
/mnt/fscompute_shared/simulation_dataset/outputs/simulated_audio_6a9deb7c.wav,5.2201458333333335,10,0
/mnt/fscompute_shared/simulation_dataset/outputs/simulated_audio_b34b30a8.wav,1.7159791666666666,1.9026458333333331,1
/mnt/fscompute_shared/simulation_dataset/outputs/simulated_audio_b34b30a8.wav,1.9026458333333331,10,0
/mnt/fscompute_shared/simulation_dataset/outputs/simulated_audio_9fe066bb.wav,0,3.843208333333333,0
/mnt/fscompute_shared/simulation_dataset/outputs/simulated_audio_9fe066bb.wav,3.843208333333333,4.008541666666667,1
/mnt/fscompute_shared/simulation_dataset/outputs/simulated_audio_9fe066bb.wav,4.008541666666667,10,0
/mnt/fscompute_shared/simulation_dataset/outputs/simulated_audio_0873f4d6.wav,1.263375,1.319375,1
/mnt/fscompute_shared/simulation_dataset/outputs/simulated_audio_0873f4d6.wav,1.319375,10,0
/mnt/fscompute_shared/simulation_dataset/outputs/simulated_audio_57caff3e.wav,0,4.91625,0
/mnt/fscompute_shared/simulation_dataset/outputs/simulated_audio_57caff3e.wav,4.91625,5.04425,1
/mnt/fscompute_shared/simulation_dataset/outputs/simulated_audio_57caff3e.wav,5.04425,10,0
/mnt/fscompute_shared/simulation_dataset/outputs/simulated_audio_3c88979c.wav,0,4.111375,0
/mnt/fscompute_shared/simulation_dataset/outputs/simulated_audio_3c88979c.wav,4.111375,7.378041666666666,1
/mnt/fscompute_shared/simulation_dataset/outputs/simulated_audio_0efab7d1.wav,0,6.949729166666667,0
/mnt/fscompute_shared/simulation_dataset/outputs/simulated_audio_0efab7d1.wav,6.949729166666667,7.4270625,1
/mnt/fscompute_shared/simulation_dataset/outputs/simulated_audio_8d55af6d.wav,0,5.193229166666667,0
/mnt/fscompute_shared/simulation_dataset/outputs/simulated_audio_8d55af6d.wav,5.193229166666667,5.219895833333333,1
/mnt/fscompute_shared/simulation_dataset/outputs/simulated_audio_8d55af6d.wav,5.219895833333333,10,0
/mnt/fscompute_shared/simulation_dataset/outputs/simulated_audio_20c65f8c.wav,0,2.5258958333333332,0
/mnt/fscompute_shared/simulation_dataset/outputs/simulated_audio_20c65f8c.wav,2.5258958333333332,2.5658958333333333,1
/mnt/fscompute_shared/simulation_dataset/outputs/simulated_audio_20c65f8c.wav,2.5658958333333333,10,0
/mnt/fscompute_shared/simulation_dataset/outputs/simulated_audio_336a5029.wav,0,3.610625,0
/mnt/fscompute_shared/simulation_dataset/outputs/simulated_audio_336a5029.wav,3.610625,3.698625,1
/mnt/fscompute_shared/simulation_dataset/outputs/simulated_audio_336a5029.wav,3.698625,10,0
/mnt/fscompute_shared/simulation_dataset/outputs/simulated_audio_dceae029.wav,0,4.268770833333333,0
/mnt/fscompute_shared/simulation_dataset/outputs/simulated_audio_dceae029.wav,4.268770833333333,8.540770833333333,1
/mnt/fscompute_shared/simulation_dataset/outputs/simulated_audio_3008c895.wav,0,2.4368749999999997,0
/mnt/fscompute_shared/simulation_dataset/outputs/simulated_audio_3008c895.wav,2.4368749999999997,2.9195416666666665,1
/mnt/fscompute_shared/simulation_dataset/outputs/simulated_audio_3008c895.wav,2.9195416666666665,10,0
/mnt/fscompute_shared/simulation_dataset/outputs/simulated_audio_0b55364f.wav,0,2.336125,0
/mnt/fscompute_shared/simulation_dataset/outputs/simulated_audio_0b55364f.wav,2.336125,2.3974583333333332,1
/mnt/fscompute_shared/simulation_dataset/outputs/simulated_audio_0b55364f.wav,2.3974583333333332,10,0
/mnt/fscompute_shared/simulation_dataset/outputs/simulated_audio_5cc9cfaa.wav,0,2.289458333333333,0
/mnt/fscompute_shared/simulation_dataset/outputs/simulated_audio_5cc9cfaa.wav,2.289458333333333,2.508125,1
/mnt/fscompute_shared/simulation_dataset/outputs/simulated_audio_5cc9cfaa.wav,2.508125,10,0
/mnt/fscompute_shared/simulation_dataset/outputs/simulated_audio_e066a652.wav,0,6.396166666666667,0
/mnt/fscompute_shared/simulation_dataset/outputs/simulated_audio_e066a652.wav,6.396166666666667,7.4175,1
/mnt/fscompute_shared/simulation_dataset/outputs/simulated_audio_67f778b9.wav,0,5.880958333333333,0
/mnt/fscompute_shared/simulation_dataset/outputs/simulated_audio_67f778b9.wav,5.880958333333333,5.942291666666667,1
/mnt/fscompute_shared/simulation_dataset/outputs/simulated_audio_67f778b9.wav,5.942291666666667,10,0
/mnt/fscompute_shared/simulation_dataset/outputs/simulated_audio_3a6dc14d.wav,0,7.966770833333333,0
/mnt/fscompute_shared/simulation_dataset/outputs/simulated_audio_3a6dc14d.wav,7.966770833333333,8.0414375,1
/mnt/fscompute_shared/simulation_dataset/outputs/simulated_audio_fc175ed8.wav,0,5.824416666666667,0
/mnt/fscompute_shared/simulation_dataset/outputs/simulated_audio_fc175ed8.wav,5.824416666666667,6.171083333333334,1
/mnt/fscompute_shared/simulation_dataset/outputs/simulated_audio_fc175ed8.wav,6.171083333333334,10,0
/mnt/fscompute_shared/simulation_dataset/outputs/simulated_audio_ea2b2f54.wav,0,4.2311875,0
/mnt/fscompute_shared/simulation_dataset/outputs/simulated_audio_ea2b2f54.wav,4.2311875,7.4978541666666665,1
/mnt/fscompute_shared/simulation_dataset/outputs/simulated_audio_23dca085.wav,0,2.022895833333333,0
/mnt/fscompute_shared/simulation_dataset/outputs/simulated_audio_23dca085.wav,2.022895833333333,4.1455625,1
/mnt/fscompute_shared/simulation_dataset/outputs/simulated_audio_23dca085.wav,4.1455625,10,0
/mnt/fscompute_shared/simulation_dataset/outputs/simulated_audio_b3795a7c.wav,0,7.474145833333333,0
/mnt/fscompute_shared/simulation_dataset/outputs/simulated_audio_b3795a7c.wav,7.474145833333333,7.943479166666666,1
/mnt/fscompute_shared/simulation_dataset/outputs/simulated_audio_46c55949.wav,0,3.420916666666667,0
/mnt/fscompute_shared/simulation_dataset/outputs/simulated_audio_46c55949.wav,3.420916666666667,3.4822499999999996,1
/mnt/fscompute_shared/simulation_dataset/outputs/simulated_audio_46c55949.wav,3.4822499999999996,10,0
/mnt/fscompute_shared/simulation_dataset/outputs/simulated_audio_baa07fd0.wav,0,5.276104166666666,0
/mnt/fscompute_shared/simulation_dataset/outputs/simulated_audio_baa07fd0.wav,5.276104166666666,5.3214375,1
/mnt/fscompute_shared/simulation_dataset/outputs/simulated_audio_baa07fd0.wav,5.3214375,10,0
/mnt/fscompute_shared/simulation_dataset/outputs/simulated_audio_a7b86875.wav,0,3.409875,0
/mnt/fscompute_shared/simulation_dataset/outputs/simulated_audio_a7b86875.wav,3.409875,3.596541666666667,1
/mnt/fscompute_shared/simulation_dataset/outputs/simulated_audio_a7b86875.wav,3.596541666666667,10,0
/mnt/fscompute_shared/simulation_dataset/outputs/simulated_audio_be561dee.wav,0,4.609958333333333,0
/mnt/fscompute_shared/simulation_dataset/outputs/simulated_audio_be561dee.wav,4.609958333333333,8.257958333333333,1
/mnt/fscompute_shared/simulation_dataset/outputs/simulated_audio_67ab67dd.wav,0,5.808416666666667,0
/mnt/fscompute_shared/simulation_dataset/outputs/simulated_audio_67ab67dd.wav,5.808416666666667,6.000416666666666,1
/mnt/fscompute_shared/simulation_dataset/outputs/simulated_audio_67ab67dd.wav,6.000416666666666,10,0
/mnt/fscompute_shared/simulation_dataset/outputs/simulated_audio_20a9ca05.wav,0,3.2602708333333332,0
/mnt/fscompute_shared/simulation_dataset/outputs/simulated_audio_20a9ca05.wav,3.2602708333333332,3.6042708333333335,1
/mnt/fscompute_shared/simulation_dataset/outputs/simulated_audio_20a9ca05.wav,3.6042708333333335,10,0
/mnt/fscompute_shared/simulation_dataset/outputs/simulated_audio_5092cb77.wav,0,7.023166666666667,0
/mnt/fscompute_shared/simulation_dataset/outputs/simulated_audio_5092cb77.wav,7.023166666666667,7.1111666666666675,1
/mnt/fscompute_shared/simulation_dataset/outputs/simulated_audio_ea8a2e25.wav,0,8.0744375,0
/mnt/fscompute_shared/simulation_dataset/outputs/simulated_audio_ea8a2e25.wav,8.0744375,8.543770833333333,1
/mnt/fscompute_shared/simulation_dataset/outputs/simulated_audio_4492dfb6.wav,0,7.211875,0
/mnt/fscompute_shared/simulation_dataset/outputs/simulated_audio_4492dfb6.wav,7.211875,7.3505416666666665,1
/mnt/fscompute_shared/simulation_dataset/outputs/simulated_audio_65b4324f.wav,0,8.599895833333333,0
/mnt/fscompute_shared/simulation_dataset/outputs/simulated_audio_65b4324f.wav,8.599895833333333,8.773229166666667,1
/mnt/fscompute_shared/simulation_dataset/outputs/simulated_audio_2d86bd7c.wav,0,4.823916666666667,0
/mnt/fscompute_shared/simulation_dataset/outputs/simulated_audio_2d86bd7c.wav,4.823916666666667,4.970583333333333,1
/mnt/fscompute_shared/simulation_dataset/outputs/simulated_audio_2d86bd7c.wav,4.970583333333333,10,0
/mnt/fscompute_shared/simulation_dataset/outputs/simulated_audio_0ab79345.wav,0,5.3525625,0
/mnt/fscompute_shared/simulation_dataset/outputs/simulated_audio_0ab79345.wav,5.3525625,8.597895833333334,1
/mnt/fscompute_shared/simulation_dataset/outputs/simulated_audio_86f744d6.wav,0,5.636479166666667,0
/mnt/fscompute_shared/simulation_dataset/outputs/simulated_audio_86f744d6.wav,5.636479166666667,6.295145833333334,1
/mnt/fscompute_shared/simulation_dataset/outputs/simulated_audio_86f744d6.wav,6.295145833333334,10,0
/mnt/fscompute_shared/simulation_dataset/outputs/simulated_audio_b7692197.wav,0,2.5382083333333334,0
/mnt/fscompute_shared/simulation_dataset/outputs/simulated_audio_b7692197.wav,2.5382083333333334,2.556875,1
/mnt/fscompute_shared/simulation_dataset/outputs/simulated_audio_b7692197.wav,2.556875,10,0
/mnt/fscompute_shared/simulation_dataset/outputs/simulated_audio_d10e5a5d.wav,0,3.7105208333333333,0
/mnt/fscompute_shared/simulation_dataset/outputs/simulated_audio_d10e5a5d.wav,3.7105208333333333,6.955854166666667,1
/mnt/fscompute_shared/simulation_dataset/outputs/simulated_audio_d10e5a5d.wav,6.955854166666667,10,0
/mnt/fscompute_shared/simulation_dataset/outputs/simulated_audio_6b31d678.wav,0,5.947416666666666,0
/mnt/fscompute_shared/simulation_dataset/outputs/simulated_audio_6b31d678.wav,5.947416666666666,5.982083333333334,1
/mnt/fscompute_shared/simulation_dataset/outputs/simulated_audio_6b31d678.wav,5.982083333333334,10,0
/mnt/fscompute_shared/simulation_dataset/outputs/simulated_audio_df5a9965.wav,1.8387291666666665,5.3267291666666665,1
/mnt/fscompute_shared/simulation_dataset/outputs/simulated_audio_df5a9965.wav,5.3267291666666665,10,0
/mnt/fscompute_shared/simulation_dataset/outputs/simulated_audio_866b816c.wav,0,4.44975,0
/mnt/fscompute_shared/simulation_dataset/outputs/simulated_audio_866b816c.wav,4.44975,4.524416666666666,1
/mnt/fscompute_shared/simulation_dataset/outputs/simulated_audio_866b816c.wav,4.524416666666666,10,0
/mnt/fscompute_shared/simulation_dataset/outputs/simulated_audio_97e2cea9.wav,1.4539166666666667,5.101916666666667,1
/mnt/fscompute_shared/simulation_dataset/outputs/simulated_audio_97e2cea9.wav,5.101916666666667,10,0
/mnt/fscompute_shared/simulation_dataset/outputs/simulated_audio_d1fe0ce0.wav,0,7.619270833333333,0
/mnt/fscompute_shared/simulation_dataset/outputs/simulated_audio_d1fe0ce0.wav,7.619270833333333,7.6619375000000005,1
/mnt/fscompute_shared/simulation_dataset/outputs/simulated_audio_5c283bd9.wav,0,2.2437708333333335,0
/mnt/fscompute_shared/simulation_dataset/outputs/simulated_audio_5c283bd9.wav,2.2437708333333335,6.2197708333333335,1
/mnt/fscompute_shared/simulation_dataset/outputs/simulated_audio_5c283bd9.wav,6.2197708333333335,10,0
/mnt/fscompute_shared/simulation_dataset/outputs/simulated_audio_223c6518.wav,0,3.3700208333333332,0
/mnt/fscompute_shared/simulation_dataset/outputs/simulated_audio_223c6518.wav,3.3700208333333332,3.4206874999999997,1
/mnt/fscompute_shared/simulation_dataset/outputs/simulated_audio_223c6518.wav,3.4206874999999997,10,0
/mnt/fscompute_shared/simulation_dataset/outputs/simulated_audio_bfa0eb94.wav,0,7.273291666666666,0
/mnt/fscompute_shared/simulation_dataset/outputs/simulated_audio_bfa0eb94.wav,7.273291666666666,8.014625,1
/mnt/fscompute_shared/simulation_dataset/outputs/simulated_audio_2fea5b35.wav,0,5.967645833333333,0
/mnt/fscompute_shared/simulation_dataset/outputs/simulated_audio_2fea5b35.wav,5.967645833333333,7.783645833333333,1
/mnt/fscompute_shared/simulation_dataset/outputs/simulated_audio_813adfca.wav,0,5.9467083333333335,0
/mnt/fscompute_shared/simulation_dataset/outputs/simulated_audio_813adfca.wav,5.9467083333333335,6.005375,1
/mnt/fscompute_shared/simulation_dataset/outputs/simulated_audio_813adfca.wav,6.005375,10,0
/mnt/fscompute_shared/simulation_dataset/outputs/simulated_audio_a9887f03.wav,0,8.179583333333333,0
/mnt/fscompute_shared/simulation_dataset/outputs/simulated_audio_a9887f03.wav,8.179583333333333,8.36625,1
/mnt/fscompute_shared/simulation_dataset/outputs/simulated_audio_84818e73.wav,0,5.420916666666667,0
/mnt/fscompute_shared/simulation_dataset/outputs/simulated_audio_84818e73.wav,5.420916666666667,5.647583333333333,1
/mnt/fscompute_shared/simulation_dataset/outputs/simulated_audio_84818e73.wav,5.647583333333333,10,0
/mnt/fscompute_shared/simulation_dataset/outputs/simulated_audio_fa11fc09.wav,0,7.174166666666666,0
/mnt/fscompute_shared/simulation_dataset/outputs/simulated_audio_fa11fc09.wav,7.174166666666666,7.6434999999999995,1
/mnt/fscompute_shared/simulation_dataset/outputs/simulated_audio_d9cf2006.wav,0,7.5864375,0
/mnt/fscompute_shared/simulation_dataset/outputs/simulated_audio_d9cf2006.wav,7.5864375,8.607770833333333,1
/mnt/fscompute_shared/simulation_dataset/outputs/simulated_audio_f6beaf67.wav,0,8.926041666666666,0
/mnt/fscompute_shared/simulation_dataset/outputs/simulated_audio_f6beaf67.wav,8.926041666666666,8.944708333333333,1
/mnt/fscompute_shared/simulation_dataset/outputs/simulated_audio_9c97da7e.wav,0,6.67675,0
/mnt/fscompute_shared/simulation_dataset/outputs/simulated_audio_9c97da7e.wav,6.67675,6.90875,1
/mnt/fscompute_shared/simulation_dataset/outputs/simulated_audio_9c97da7e.wav,6.90875,10,0
/mnt/fscompute_shared/simulation_dataset/outputs/simulated_audio_f51c9b8e.wav,0,6.800395833333333,0
/mnt/fscompute_shared/simulation_dataset/outputs/simulated_audio_f51c9b8e.wav,6.800395833333333,6.848395833333333,1
/mnt/fscompute_shared/simulation_dataset/outputs/simulated_audio_f51c9b8e.wav,6.848395833333333,10,0
/mnt/fscompute_shared/simulation_dataset/outputs/simulated_audio_996b5556.wav,0,7.2671875,0
/mnt/fscompute_shared/simulation_dataset/outputs/simulated_audio_996b5556.wav,7.2671875,7.309854166666666,1
/mnt/fscompute_shared/simulation_dataset/outputs/simulated_audio_85b9812b.wav,0,5.999520833333333,0
/mnt/fscompute_shared/simulation_dataset/outputs/simulated_audio_85b9812b.wav,5.999520833333333,6.044854166666667,1
/mnt/fscompute_shared/simulation_dataset/outputs/simulated_audio_85b9812b.wav,6.044854166666667,10,0
/mnt/fscompute_shared/simulation_dataset/outputs/simulated_audio_92e80cee.wav,0,5.283458333333333,0
/mnt/fscompute_shared/simulation_dataset/outputs/simulated_audio_92e80cee.wav,5.283458333333333,5.350125,1
/mnt/fscompute_shared/simulation_dataset/outputs/simulated_audio_92e80cee.wav,5.350125,10,0
/mnt/fscompute_shared/simulation_dataset/outputs/simulated_audio_f0e3db08.wav,0,5.416875,0
/mnt/fscompute_shared/simulation_dataset/outputs/simulated_audio_f0e3db08.wav,5.416875,5.792875,1
/mnt/fscompute_shared/simulation_dataset/outputs/simulated_audio_f0e3db08.wav,5.792875,10,0
/mnt/fscompute_shared/simulation_dataset/outputs/simulated_audio_dbc86ba7.wav,1.9190416666666668,2.812375,1
/mnt/fscompute_shared/simulation_dataset/outputs/simulated_audio_dbc86ba7.wav,2.812375,10,0
/mnt/fscompute_shared/simulation_dataset/outputs/simulated_audio_29dd76f7.wav,0,6.254395833333334,0
/mnt/fscompute_shared/simulation_dataset/outputs/simulated_audio_29dd76f7.wav,6.254395833333334,6.326395833333334,1
/mnt/fscompute_shared/simulation_dataset/outputs/simulated_audio_29dd76f7.wav,6.326395833333334,10,0
/mnt/fscompute_shared/simulation_dataset/outputs/simulated_audio_035b2463.wav,0,3.7455416666666665,0
/mnt/fscompute_shared/simulation_dataset/outputs/simulated_audio_035b2463.wav,3.7455416666666665,3.7722083333333334,1
/mnt/fscompute_shared/simulation_dataset/outputs/simulated_audio_035b2463.wav,3.7722083333333334,10,0
/mnt/fscompute_shared/simulation_dataset/outputs/simulated_audio_ee3fb70e.wav,0,5.216354166666667,0
/mnt/fscompute_shared/simulation_dataset/outputs/simulated_audio_ee3fb70e.wav,5.216354166666667,8.563020833333333,1
/mnt/fscompute_shared/simulation_dataset/outputs/simulated_audio_49f856d7.wav,0,4.000395833333333,0
/mnt/fscompute_shared/simulation_dataset/outputs/simulated_audio_49f856d7.wav,4.000395833333333,4.829729166666667,1
/mnt/fscompute_shared/simulation_dataset/outputs/simulated_audio_49f856d7.wav,4.829729166666667,10,0
/mnt/fscompute_shared/simulation_dataset/outputs/simulated_audio_48b8cd53.wav,0,7.766166666666667,0
/mnt/fscompute_shared/simulation_dataset/outputs/simulated_audio_48b8cd53.wav,7.766166666666667,7.798166666666667,1
/mnt/fscompute_shared/simulation_dataset/outputs/simulated_audio_952df263.wav,0,8.275875,0
/mnt/fscompute_shared/simulation_dataset/outputs/simulated_audio_952df263.wav,8.275875,8.441208333333334,1
/mnt/fscompute_shared/simulation_dataset/outputs/simulated_audio_df502a8a.wav,0,6.087395833333333,0
/mnt/fscompute_shared/simulation_dataset/outputs/simulated_audio_df502a8a.wav,6.087395833333333,6.103395833333333,1
/mnt/fscompute_shared/simulation_dataset/outputs/simulated_audio_df502a8a.wav,6.103395833333333,10,0
/mnt/fscompute_shared/simulation_dataset/outputs/simulated_audio_9b8d3696.wav,0,8.152041666666666,0
/mnt/fscompute_shared/simulation_dataset/outputs/simulated_audio_9b8d3696.wav,8.152041666666666,8.184041666666667,1
/mnt/fscompute_shared/simulation_dataset/outputs/simulated_audio_2700a627.wav,1.5668125000000002,5.2308125,1
/mnt/fscompute_shared/simulation_dataset/outputs/simulated_audio_2700a627.wav,5.2308125,10,0
/mnt/fscompute_shared/simulation_dataset/outputs/simulated_audio_30ba9fd9.wav,0,6.211229166666667,0
/mnt/fscompute_shared/simulation_dataset/outputs/simulated_audio_30ba9fd9.wav,6.211229166666667,6.275229166666667,1
/mnt/fscompute_shared/simulation_dataset/outputs/simulated_audio_30ba9fd9.wav,6.275229166666667,10,0
/mnt/fscompute_shared/simulation_dataset/outputs/simulated_audio_4ea3b2aa.wav,0,2.0273541666666666,0
/mnt/fscompute_shared/simulation_dataset/outputs/simulated_audio_4ea3b2aa.wav,2.0273541666666666,2.1500208333333335,1
/mnt/fscompute_shared/simulation_dataset/outputs/simulated_audio_4ea3b2aa.wav,2.1500208333333335,10,0
/mnt/fscompute_shared/simulation_dataset/outputs/simulated_audio_6efb3e7f.wav,0,3.244270833333333,0
/mnt/fscompute_shared/simulation_dataset/outputs/simulated_audio_6efb3e7f.wav,3.244270833333333,3.3002708333333333,1
/mnt/fscompute_shared/simulation_dataset/outputs/simulated_audio_6efb3e7f.wav,3.3002708333333333,10,0
/mnt/fscompute_shared/simulation_dataset/outputs/simulated_audio_3702107a.wav,0,2.252,0
/mnt/fscompute_shared/simulation_dataset/outputs/simulated_audio_3702107a.wav,2.252,3.4866666666666664,1
/mnt/fscompute_shared/simulation_dataset/outputs/simulated_audio_3702107a.wav,3.4866666666666664,10,0
/mnt/fscompute_shared/simulation_dataset/outputs/simulated_audio_f41f76c3.wav,0,4.803895833333334,0
/mnt/fscompute_shared/simulation_dataset/outputs/simulated_audio_f41f76c3.wav,4.803895833333334,5.1985625,1
/mnt/fscompute_shared/simulation_dataset/outputs/simulated_audio_f41f76c3.wav,5.1985625,10,0
/mnt/fscompute_shared/simulation_dataset/outputs/simulated_audio_afadeacc.wav,0,7.709375,0
/mnt/fscompute_shared/simulation_dataset/outputs/simulated_audio_afadeacc.wav,7.709375,7.744041666666666,1
/mnt/fscompute_shared/simulation_dataset/outputs/simulated_audio_c0506155.wav,0,4.150375,0
/mnt/fscompute_shared/simulation_dataset/outputs/simulated_audio_c0506155.wav,4.150375,6.273041666666667,1
/mnt/fscompute_shared/simulation_dataset/outputs/simulated_audio_c0506155.wav,6.273041666666667,10,0
/mnt/fscompute_shared/simulation_dataset/outputs/simulated_audio_1f1ad67b.wav,0,8.413666666666668,0
/mnt/fscompute_shared/simulation_dataset/outputs/simulated_audio_1f1ad67b.wav,8.413666666666668,8.531,1
/mnt/fscompute_shared/simulation_dataset/outputs/simulated_audio_68e3b5c0.wav,0,5.693958333333334,0
/mnt/fscompute_shared/simulation_dataset/outputs/simulated_audio_68e3b5c0.wav,5.693958333333334,5.7392916666666665,1
/mnt/fscompute_shared/simulation_dataset/outputs/simulated_audio_68e3b5c0.wav,5.7392916666666665,10,0
/mnt/fscompute_shared/simulation_dataset/outputs/simulated_audio_6cf2659f.wav,0,2.407,0
/mnt/fscompute_shared/simulation_dataset/outputs/simulated_audio_6cf2659f.wav,2.407,5.004333333333333,1
/mnt/fscompute_shared/simulation_dataset/outputs/simulated_audio_6cf2659f.wav,5.004333333333333,10,0
/mnt/fscompute_shared/simulation_dataset/outputs/simulated_audio_9ec5b682.wav,0,2.5278125,0
/mnt/fscompute_shared/simulation_dataset/outputs/simulated_audio_9ec5b682.wav,2.5278125,2.7811458333333334,1
/mnt/fscompute_shared/simulation_dataset/outputs/simulated_audio_9ec5b682.wav,2.7811458333333334,10,0
/mnt/fscompute_shared/simulation_dataset/outputs/simulated_audio_0a378d7a.wav,0,2.760041666666667,0
/mnt/fscompute_shared/simulation_dataset/outputs/simulated_audio_0a378d7a.wav,2.760041666666667,3.1067083333333336,1
/mnt/fscompute_shared/simulation_dataset/outputs/simulated_audio_0a378d7a.wav,3.1067083333333336,10,0
/mnt/fscompute_shared/simulation_dataset/outputs/simulated_audio_0ff46eab.wav,0,4.3624583333333335,0
/mnt/fscompute_shared/simulation_dataset/outputs/simulated_audio_0ff46eab.wav,4.3624583333333335,7.709125,1
/mnt/fscompute_shared/simulation_dataset/outputs/simulated_audio_fab2fd04.wav,0,4.561458333333333,0
/mnt/fscompute_shared/simulation_dataset/outputs/simulated_audio_fab2fd04.wav,4.561458333333333,4.606791666666667,1
/mnt/fscompute_shared/simulation_dataset/outputs/simulated_audio_fab2fd04.wav,4.606791666666667,10,0
/mnt/fscompute_shared/simulation_dataset/outputs/simulated_audio_f6addaea.wav,1.561125,2.025125,1
/mnt/fscompute_shared/simulation_dataset/outputs/simulated_audio_f6addaea.wav,2.025125,10,0
/mnt/fscompute_shared/simulation_dataset/outputs/simulated_audio_f9be05e5.wav,0,7.064666666666667,0
/mnt/fscompute_shared/simulation_dataset/outputs/simulated_audio_f9be05e5.wav,7.064666666666667,7.915333333333333,1
/mnt/fscompute_shared/simulation_dataset/outputs/simulated_audio_6b46ae7e.wav,1.4812708333333333,1.5559375000000002,1
/mnt/fscompute_shared/simulation_dataset/outputs/simulated_audio_6b46ae7e.wav,1.5559375000000002,10,0
/mnt/fscompute_shared/simulation_dataset/outputs/simulated_audio_589f512b.wav,1.5474791666666667,1.6141458333333332,1
/mnt/fscompute_shared/simulation_dataset/outputs/simulated_audio_589f512b.wav,1.6141458333333332,10,0
/mnt/fscompute_shared/simulation_dataset/outputs/simulated_audio_7a425112.wav,0,4.1062916666666665,0
/mnt/fscompute_shared/simulation_dataset/outputs/simulated_audio_7a425112.wav,4.1062916666666665,4.535625,1
/mnt/fscompute_shared/simulation_dataset/outputs/simulated_audio_7a425112.wav,4.535625,10,0
/mnt/fscompute_shared/simulation_dataset/outputs/simulated_audio_82fb0dfb.wav,0,8.47425,0
/mnt/fscompute_shared/simulation_dataset/outputs/simulated_audio_82fb0dfb.wav,8.47425,8.94625,1
/mnt/fscompute_shared/simulation_dataset/outputs/simulated_audio_3253e6e1.wav,0,2.6177916666666667,0
/mnt/fscompute_shared/simulation_dataset/outputs/simulated_audio_3253e6e1.wav,2.6177916666666667,2.687125,1
/mnt/fscompute_shared/simulation_dataset/outputs/simulated_audio_3253e6e1.wav,2.687125,10,0
/mnt/fscompute_shared/simulation_dataset/outputs/simulated_audio_96660900.wav,0,5.02225,0
/mnt/fscompute_shared/simulation_dataset/outputs/simulated_audio_96660900.wav,5.02225,5.152916666666667,1
/mnt/fscompute_shared/simulation_dataset/outputs/simulated_audio_96660900.wav,5.152916666666667,10,0
/mnt/fscompute_shared/simulation_dataset/outputs/simulated_audio_ca532803.wav,0,8.639145833333334,0
/mnt/fscompute_shared/simulation_dataset/outputs/simulated_audio_ca532803.wav,8.639145833333334,8.703145833333334,1
/mnt/fscompute_shared/simulation_dataset/outputs/simulated_audio_841734bc.wav,1.0270625,5.176395833333333,1
/mnt/fscompute_shared/simulation_dataset/outputs/simulated_audio_841734bc.wav,5.176395833333333,10,0
/mnt/fscompute_shared/simulation_dataset/outputs/simulated_audio_459f6e87.wav,0,4.417666666666667,0
/mnt/fscompute_shared/simulation_dataset/outputs/simulated_audio_459f6e87.wav,4.417666666666667,5.1883333333333335,1
/mnt/fscompute_shared/simulation_dataset/outputs/simulated_audio_459f6e87.wav,5.1883333333333335,10,0
/mnt/fscompute_shared/simulation_dataset/outputs/simulated_audio_43d7a3e1.wav,0,5.62675,0
/mnt/fscompute_shared/simulation_dataset/outputs/simulated_audio_43d7a3e1.wav,5.62675,5.880083333333333,1
/mnt/fscompute_shared/simulation_dataset/outputs/simulated_audio_43d7a3e1.wav,5.880083333333333,10,0
/mnt/fscompute_shared/simulation_dataset/outputs/simulated_audio_28ed39fa.wav,0,3.5189375,0
/mnt/fscompute_shared/simulation_dataset/outputs/simulated_audio_28ed39fa.wav,3.5189375,7.1829374999999995,1
/mnt/fscompute_shared/simulation_dataset/outputs/simulated_audio_65aefad4.wav,0,3.3970416666666665,0
/mnt/fscompute_shared/simulation_dataset/outputs/simulated_audio_65aefad4.wav,3.3970416666666665,3.583708333333333,1
/mnt/fscompute_shared/simulation_dataset/outputs/simulated_audio_65aefad4.wav,3.583708333333333,10,0
/mnt/fscompute_shared/simulation_dataset/outputs/simulated_audio_a6b6a7e3.wav,0,8.511291666666667,0
/mnt/fscompute_shared/simulation_dataset/outputs/simulated_audio_a6b6a7e3.wav,8.511291666666667,8.959291666666667,1
/mnt/fscompute_shared/simulation_dataset/outputs/simulated_audio_8b33e540.wav,0,2.074375,0
/mnt/fscompute_shared/simulation_dataset/outputs/simulated_audio_8b33e540.wav,2.074375,2.1010416666666667,1
/mnt/fscompute_shared/simulation_dataset/outputs/simulated_audio_8b33e540.wav,2.1010416666666667,10,0
/mnt/fscompute_shared/simulation_dataset/outputs/simulated_audio_51d87af4.wav,0,7.340416666666667,0
/mnt/fscompute_shared/simulation_dataset/outputs/simulated_audio_51d87af4.wav,7.340416666666667,7.457750000000001,1
/mnt/fscompute_shared/simulation_dataset/outputs/simulated_audio_2d65bce1.wav,0,6.2203333333333335,0
/mnt/fscompute_shared/simulation_dataset/outputs/simulated_audio_2d65bce1.wav,6.2203333333333335,6.281666666666666,1
/mnt/fscompute_shared/simulation_dataset/outputs/simulated_audio_2d65bce1.wav,6.281666666666666,10,0
/mnt/fscompute_shared/simulation_dataset/outputs/simulated_audio_cb09e9b9.wav,0,6.0071666666666665,0
/mnt/fscompute_shared/simulation_dataset/outputs/simulated_audio_cb09e9b9.wav,6.0071666666666665,6.8365,1
/mnt/fscompute_shared/simulation_dataset/outputs/simulated_audio_cb09e9b9.wav,6.8365,10,0
/mnt/fscompute_shared/simulation_dataset/outputs/simulated_audio_51f1bfd1.wav,0,4.680229166666667,0
/mnt/fscompute_shared/simulation_dataset/outputs/simulated_audio_51f1bfd1.wav,4.680229166666667,4.728229166666667,1
/mnt/fscompute_shared/simulation_dataset/outputs/simulated_audio_51f1bfd1.wav,4.728229166666667,10,0
/mnt/fscompute_shared/simulation_dataset/outputs/simulated_audio_aa10276d.wav,1.5393958333333333,1.7873958333333335,1
/mnt/fscompute_shared/simulation_dataset/outputs/simulated_audio_aa10276d.wav,1.7873958333333335,10,0
/mnt/fscompute_shared/simulation_dataset/outputs/simulated_audio_f37254d7.wav,0,8.089604166666668,0
/mnt/fscompute_shared/simulation_dataset/outputs/simulated_audio_f37254d7.wav,8.089604166666668,8.6869375,1
/mnt/fscompute_shared/simulation_dataset/outputs/simulated_audio_3201467a.wav,0,7.9229375,0
/mnt/fscompute_shared/simulation_dataset/outputs/simulated_audio_3201467a.wav,7.9229375,8.400270833333334,1
/mnt/fscompute_shared/simulation_dataset/outputs/simulated_audio_412612bf.wav,0,8.657229166666667,0
/mnt/fscompute_shared/simulation_dataset/outputs/simulated_audio_412612bf.wav,8.657229166666667,8.675895833333334,1
/mnt/fscompute_shared/simulation_dataset/outputs/simulated_audio_8640f9f7.wav,1.5573333333333332,1.584,1
/mnt/fscompute_shared/simulation_dataset/outputs/simulated_audio_8640f9f7.wav,1.584,10,0
/mnt/fscompute_shared/simulation_dataset/outputs/simulated_audio_21095f30.wav,0,3.4610625,0
/mnt/fscompute_shared/simulation_dataset/outputs/simulated_audio_21095f30.wav,3.4610625,6.802395833333334,1
/mnt/fscompute_shared/simulation_dataset/outputs/simulated_audio_21095f30.wav,6.802395833333334,10,0
/mnt/fscompute_shared/simulation_dataset/outputs/simulated_audio_bc2a5170.wav,0,4.4416875000000005,0
/mnt/fscompute_shared/simulation_dataset/outputs/simulated_audio_bc2a5170.wav,4.4416875000000005,7.644354166666666,1
/mnt/fscompute_shared/simulation_dataset/outputs/simulated_audio_cdb463af.wav,0,4.0415,0
/mnt/fscompute_shared/simulation_dataset/outputs/simulated_audio_cdb463af.wav,4.0415,4.286833333333333,1
/mnt/fscompute_shared/simulation_dataset/outputs/simulated_audio_cdb463af.wav,4.286833333333333,10,0
/mnt/fscompute_shared/simulation_dataset/outputs/simulated_audio_b7796726.wav,0,2.7658541666666667,0
/mnt/fscompute_shared/simulation_dataset/outputs/simulated_audio_b7796726.wav,2.7658541666666667,2.9765208333333333,1
/mnt/fscompute_shared/simulation_dataset/outputs/simulated_audio_b7796726.wav,2.9765208333333333,10,0
/mnt/fscompute_shared/simulation_dataset/outputs/simulated_audio_29d94a44.wav,0,4.32475,0
/mnt/fscompute_shared/simulation_dataset/outputs/simulated_audio_29d94a44.wav,4.32475,4.50875,1
/mnt/fscompute_shared/simulation_dataset/outputs/simulated_audio_29d94a44.wav,4.50875,10,0
/mnt/fscompute_shared/simulation_dataset/outputs/simulated_audio_d7d2d359.wav,0,6.833145833333333,0
/mnt/fscompute_shared/simulation_dataset/outputs/simulated_audio_d7d2d359.wav,6.833145833333333,6.9478125,1
/mnt/fscompute_shared/simulation_dataset/outputs/simulated_audio_d7d2d359.wav,6.9478125,10,0
/mnt/fscompute_shared/simulation_dataset/outputs/simulated_audio_af12ea85.wav,0,6.080625,0
/mnt/fscompute_shared/simulation_dataset/outputs/simulated_audio_af12ea85.wav,6.080625,6.264625,1
/mnt/fscompute_shared/simulation_dataset/outputs/simulated_audio_af12ea85.wav,6.264625,10,0
/mnt/fscompute_shared/simulation_dataset/outputs/simulated_audio_30b80063.wav,0,8.515625,0
/mnt/fscompute_shared/simulation_dataset/outputs/simulated_audio_30b80063.wav,8.515625,8.726291666666667,1
/mnt/fscompute_shared/simulation_dataset/outputs/simulated_audio_6f5834cc.wav,0,6.7104375,0
/mnt/fscompute_shared/simulation_dataset/outputs/simulated_audio_6f5834cc.wav,6.7104375,6.7824375,1
/mnt/fscompute_shared/simulation_dataset/outputs/simulated_audio_6f5834cc.wav,6.7824375,10,0
/mnt/fscompute_shared/simulation_dataset/outputs/simulated_audio_330bc2e0.wav,0,3.6920625,0
/mnt/fscompute_shared/simulation_dataset/outputs/simulated_audio_330bc2e0.wav,3.6920625,3.7213958333333332,1
/mnt/fscompute_shared/simulation_dataset/outputs/simulated_audio_330bc2e0.wav,3.7213958333333332,10,0
/mnt/fscompute_shared/simulation_dataset/outputs/simulated_audio_884afc88.wav,0,3.127083333333333,0
/mnt/fscompute_shared/simulation_dataset/outputs/simulated_audio_884afc88.wav,3.127083333333333,3.1617499999999996,1
/mnt/fscompute_shared/simulation_dataset/outputs/simulated_audio_884afc88.wav,3.1617499999999996,10,0
/mnt/fscompute_shared/simulation_dataset/outputs/simulated_audio_b94944ab.wav,0,8.657583333333333,0
/mnt/fscompute_shared/simulation_dataset/outputs/simulated_audio_b94944ab.wav,8.657583333333333,8.822916666666666,1
/mnt/fscompute_shared/simulation_dataset/outputs/simulated_audio_f08403d3.wav,0,2.8313125,0
/mnt/fscompute_shared/simulation_dataset/outputs/simulated_audio_f08403d3.wav,2.8313125,6.980645833333333,1
/mnt/fscompute_shared/simulation_dataset/outputs/simulated_audio_f08403d3.wav,6.980645833333333,10,0
/mnt/fscompute_shared/simulation_dataset/outputs/simulated_audio_43849684.wav,0,6.349958333333333,0
/mnt/fscompute_shared/simulation_dataset/outputs/simulated_audio_43849684.wav,6.349958333333333,6.400625,1
/mnt/fscompute_shared/simulation_dataset/outputs/simulated_audio_43849684.wav,6.400625,10,0
/mnt/fscompute_shared/simulation_dataset/outputs/simulated_audio_a2033971.wav,0,7.371833333333333,0
/mnt/fscompute_shared/simulation_dataset/outputs/simulated_audio_a2033971.wav,7.371833333333333,7.635833333333334,1
/mnt/fscompute_shared/simulation_dataset/outputs/simulated_audio_cef59ef0.wav,0,3.373270833333333,0
/mnt/fscompute_shared/simulation_dataset/outputs/simulated_audio_cef59ef0.wav,3.373270833333333,3.4959375,1
/mnt/fscompute_shared/simulation_dataset/outputs/simulated_audio_cef59ef0.wav,3.4959375,10,0
/mnt/fscompute_shared/simulation_dataset/outputs/simulated_audio_2725a4ac.wav,0,3.9672916666666667,0
/mnt/fscompute_shared/simulation_dataset/outputs/simulated_audio_2725a4ac.wav,3.9672916666666667,4.0099583333333335,1
/mnt/fscompute_shared/simulation_dataset/outputs/simulated_audio_2725a4ac.wav,4.0099583333333335,10,0
/mnt/fscompute_shared/simulation_dataset/outputs/simulated_audio_4a81a82c.wav,0,8.591729166666667,0
/mnt/fscompute_shared/simulation_dataset/outputs/simulated_audio_4a81a82c.wav,8.591729166666667,8.6450625,1
/mnt/fscompute_shared/simulation_dataset/outputs/simulated_audio_a735fea2.wav,1.5072083333333333,5.637875,1
/mnt/fscompute_shared/simulation_dataset/outputs/simulated_audio_a735fea2.wav,5.637875,10,0
/mnt/fscompute_shared/simulation_dataset/outputs/simulated_audio_d59c7077.wav,0,3.9171875,0
/mnt/fscompute_shared/simulation_dataset/outputs/simulated_audio_d59c7077.wav,3.9171875,4.082520833333334,1
/mnt/fscompute_shared/simulation_dataset/outputs/simulated_audio_d59c7077.wav,4.082520833333334,10,0
/mnt/fscompute_shared/simulation_dataset/outputs/simulated_audio_daffed30.wav,0,8.010770833333332,0
/mnt/fscompute_shared/simulation_dataset/outputs/simulated_audio_daffed30.wav,8.010770833333332,8.082770833333333,1
/mnt/fscompute_shared/simulation_dataset/outputs/simulated_audio_04bdb7df.wav,0,8.2444375,0
/mnt/fscompute_shared/simulation_dataset/outputs/simulated_audio_04bdb7df.wav,8.2444375,8.279104166666666,1
/mnt/fscompute_shared/simulation_dataset/outputs/simulated_audio_60b6442e.wav,0,3.2840625,0
/mnt/fscompute_shared/simulation_dataset/outputs/simulated_audio_60b6442e.wav,3.2840625,5.406729166666667,1
/mnt/fscompute_shared/simulation_dataset/outputs/simulated_audio_60b6442e.wav,5.406729166666667,10,0
/mnt/fscompute_shared/simulation_dataset/outputs/simulated_audio_92ab9a72.wav,0,5.6269375,0
/mnt/fscompute_shared/simulation_dataset/outputs/simulated_audio_92ab9a72.wav,5.6269375,6.520270833333333,1
/mnt/fscompute_shared/simulation_dataset/outputs/simulated_audio_92ab9a72.wav,6.520270833333333,10,0
/mnt/fscompute_shared/simulation_dataset/outputs/simulated_audio_db7728e1.wav,0,3.4289583333333336,0
/mnt/fscompute_shared/simulation_dataset/outputs/simulated_audio_db7728e1.wav,3.4289583333333336,3.532958333333333,1
/mnt/fscompute_shared/simulation_dataset/outputs/simulated_audio_db7728e1.wav,3.532958333333333,10,0
/mnt/fscompute_shared/simulation_dataset/outputs/simulated_audio_4e40ffe8.wav,0,3.729625,0
/mnt/fscompute_shared/simulation_dataset/outputs/simulated_audio_4e40ffe8.wav,3.729625,4.132291666666666,1
/mnt/fscompute_shared/simulation_dataset/outputs/simulated_audio_4e40ffe8.wav,4.132291666666666,10,0
/mnt/fscompute_shared/simulation_dataset/outputs/simulated_audio_e547db8b.wav,0,2.4604999999999997,0
/mnt/fscompute_shared/simulation_dataset/outputs/simulated_audio_e547db8b.wav,2.4604999999999997,5.487166666666667,1
/mnt/fscompute_shared/simulation_dataset/outputs/simulated_audio_e547db8b.wav,5.487166666666667,10,0
/mnt/fscompute_shared/simulation_dataset/outputs/simulated_audio_27e97af4.wav,0,4.5304375,0
/mnt/fscompute_shared/simulation_dataset/outputs/simulated_audio_27e97af4.wav,4.5304375,4.6024375,1
/mnt/fscompute_shared/simulation_dataset/outputs/simulated_audio_27e97af4.wav,4.6024375,10,0
/mnt/fscompute_shared/simulation_dataset/outputs/simulated_audio_5a32f83c.wav,0,6.915291666666667,0
/mnt/fscompute_shared/simulation_dataset/outputs/simulated_audio_5a32f83c.wav,6.915291666666667,7.408625000000001,1
/mnt/fscompute_shared/simulation_dataset/outputs/simulated_audio_9b8d4f71.wav,0,3.7104583333333334,0
/mnt/fscompute_shared/simulation_dataset/outputs/simulated_audio_9b8d4f71.wav,3.7104583333333334,3.755791666666667,1
/mnt/fscompute_shared/simulation_dataset/outputs/simulated_audio_9b8d4f71.wav,3.755791666666667,10,0
/mnt/fscompute_shared/simulation_dataset/outputs/simulated_audio_64548290.wav,0,4.568479166666666,0
/mnt/fscompute_shared/simulation_dataset/outputs/simulated_audio_64548290.wav,4.568479166666666,4.867145833333334,1
/mnt/fscompute_shared/simulation_dataset/outputs/simulated_audio_64548290.wav,4.867145833333334,10,0
/mnt/fscompute_shared/simulation_dataset/outputs/simulated_audio_12318980.wav,0,7.6950625,0
/mnt/fscompute_shared/simulation_dataset/outputs/simulated_audio_12318980.wav,7.6950625,7.7243958333333325,1
/mnt/fscompute_shared/simulation_dataset/outputs/simulated_audio_b4cc7536.wav,0,5.9304375,0
/mnt/fscompute_shared/simulation_dataset/outputs/simulated_audio_b4cc7536.wav,5.9304375,6.503770833333333,1
/mnt/fscompute_shared/simulation_dataset/outputs/simulated_audio_b4cc7536.wav,6.503770833333333,10,0
/mnt/fscompute_shared/simulation_dataset/outputs/simulated_audio_75efadc0.wav,0,6.472041666666667,0
/mnt/fscompute_shared/simulation_dataset/outputs/simulated_audio_75efadc0.wav,6.472041666666667,6.528041666666667,1
/mnt/fscompute_shared/simulation_dataset/outputs/simulated_audio_75efadc0.wav,6.528041666666667,10,0
/mnt/fscompute_shared/simulation_dataset/outputs/simulated_audio_4bc7bb26.wav,0,7.676229166666666,0
/mnt/fscompute_shared/simulation_dataset/outputs/simulated_audio_4bc7bb26.wav,7.676229166666666,7.886895833333334,1
/mnt/fscompute_shared/simulation_dataset/outputs/simulated_audio_5374215c.wav,0,2.6898333333333335,0
/mnt/fscompute_shared/simulation_dataset/outputs/simulated_audio_5374215c.wav,2.6898333333333335,2.7591666666666668,1
/mnt/fscompute_shared/simulation_dataset/outputs/simulated_audio_5374215c.wav,2.7591666666666668,10,0
/mnt/fscompute_shared/simulation_dataset/outputs/simulated_audio_350529d5.wav,0,6.155916666666666,0
/mnt/fscompute_shared/simulation_dataset/outputs/simulated_audio_350529d5.wav,6.155916666666666,6.347916666666666,1
/mnt/fscompute_shared/simulation_dataset/outputs/simulated_audio_350529d5.wav,6.347916666666666,10,0
/mnt/fscompute_shared/simulation_dataset/outputs/simulated_audio_f0e5c54f.wav,0,4.930875,0
/mnt/fscompute_shared/simulation_dataset/outputs/simulated_audio_f0e5c54f.wav,4.930875,5.4082083333333335,1
/mnt/fscompute_shared/simulation_dataset/outputs/simulated_audio_f0e5c54f.wav,5.4082083333333335,10,0
/mnt/fscompute_shared/simulation_dataset/outputs/simulated_audio_e727bcb8.wav,0,2.9879583333333333,0
/mnt/fscompute_shared/simulation_dataset/outputs/simulated_audio_e727bcb8.wav,2.9879583333333333,3.9346249999999996,1
/mnt/fscompute_shared/simulation_dataset/outputs/simulated_audio_e727bcb8.wav,3.9346249999999996,10,0
/mnt/fscompute_shared/simulation_dataset/outputs/simulated_audio_4e961995.wav,0,4.0863958333333334,0
/mnt/fscompute_shared/simulation_dataset/outputs/simulated_audio_4e961995.wav,4.0863958333333334,4.1183958333333335,1
/mnt/fscompute_shared/simulation_dataset/outputs/simulated_audio_4e961995.wav,4.1183958333333335,10,0
/mnt/fscompute_shared/simulation_dataset/outputs/simulated_audio_e7e82e3b.wav,0,7.34675,0
/mnt/fscompute_shared/simulation_dataset/outputs/simulated_audio_e7e82e3b.wav,7.34675,8.12275,1
/mnt/fscompute_shared/simulation_dataset/outputs/simulated_audio_8025bcf3.wav,0,7.643770833333333,0
/mnt/fscompute_shared/simulation_dataset/outputs/simulated_audio_8025bcf3.wav,7.643770833333333,7.678437499999999,1
/mnt/fscompute_shared/simulation_dataset/outputs/simulated_audio_59bbc2b1.wav,0,4.211270833333334,0
/mnt/fscompute_shared/simulation_dataset/outputs/simulated_audio_59bbc2b1.wav,4.211270833333334,4.283270833333333,1
/mnt/fscompute_shared/simulation_dataset/outputs/simulated_audio_59bbc2b1.wav,4.283270833333333,10,0
/mnt/fscompute_shared/simulation_dataset/outputs/simulated_audio_e489a2fc.wav,0,6.0674166666666665,0
/mnt/fscompute_shared/simulation_dataset/outputs/simulated_audio_e489a2fc.wav,6.0674166666666665,6.299416666666667,1
/mnt/fscompute_shared/simulation_dataset/outputs/simulated_audio_e489a2fc.wav,6.299416666666667,10,0
/mnt/fscompute_shared/simulation_dataset/outputs/simulated_audio_5ab0b44d.wav,0,5.538125,0
/mnt/fscompute_shared/simulation_dataset/outputs/simulated_audio_5ab0b44d.wav,5.538125,7.442125000000001,1
/mnt/fscompute_shared/simulation_dataset/outputs/simulated_audio_f93b2624.wav,0,2.01825,0
/mnt/fscompute_shared/simulation_dataset/outputs/simulated_audio_f93b2624.wav,2.01825,5.804916666666666,1
/mnt/fscompute_shared/simulation_dataset/outputs/simulated_audio_f93b2624.wav,5.804916666666666,10,0
/mnt/fscompute_shared/simulation_dataset/outputs/simulated_audio_a48fb662.wav,0,2.048208333333333,0
/mnt/fscompute_shared/simulation_dataset/outputs/simulated_audio_a48fb662.wav,2.048208333333333,2.2402083333333334,1
/mnt/fscompute_shared/simulation_dataset/outputs/simulated_audio_a48fb662.wav,2.2402083333333334,10,0
/mnt/fscompute_shared/simulation_dataset/outputs/simulated_audio_1ba62e9a.wav,0,3.2430625,0
/mnt/fscompute_shared/simulation_dataset/outputs/simulated_audio_1ba62e9a.wav,3.2430625,6.813729166666667,1
/mnt/fscompute_shared/simulation_dataset/outputs/simulated_audio_1ba62e9a.wav,6.813729166666667,10,0
/mnt/fscompute_shared/simulation_dataset/outputs/simulated_audio_f11671a2.wav,0,6.669854166666667,0
/mnt/fscompute_shared/simulation_dataset/outputs/simulated_audio_f11671a2.wav,6.669854166666667,7.216520833333334,1
/mnt/fscompute_shared/simulation_dataset/outputs/simulated_audio_f89f86f8.wav,0,2.9471875,0
/mnt/fscompute_shared/simulation_dataset/outputs/simulated_audio_f89f86f8.wav,2.9471875,3.605854166666667,1
/mnt/fscompute_shared/simulation_dataset/outputs/simulated_audio_f89f86f8.wav,3.605854166666667,10,0
/mnt/fscompute_shared/simulation_dataset/outputs/simulated_audio_594099a7.wav,0,5.41875,0
/mnt/fscompute_shared/simulation_dataset/outputs/simulated_audio_594099a7.wav,5.41875,5.765416666666667,1
/mnt/fscompute_shared/simulation_dataset/outputs/simulated_audio_594099a7.wav,5.765416666666667,10,0
/mnt/fscompute_shared/simulation_dataset/outputs/simulated_audio_3bc1e215.wav,0,4.534041666666667,0
/mnt/fscompute_shared/simulation_dataset/outputs/simulated_audio_3bc1e215.wav,4.534041666666667,4.608708333333333,1
/mnt/fscompute_shared/simulation_dataset/outputs/simulated_audio_3bc1e215.wav,4.608708333333333,10,0
/mnt/fscompute_shared/simulation_dataset/outputs/simulated_audio_bb2b9bf5.wav,1.5650208333333333,1.9170208333333334,1
/mnt/fscompute_shared/simulation_dataset/outputs/simulated_audio_bb2b9bf5.wav,1.9170208333333334,10,0
/mnt/fscompute_shared/simulation_dataset/outputs/simulated_audio_4558398e.wav,0,8.364541666666668,0
/mnt/fscompute_shared/simulation_dataset/outputs/simulated_audio_4558398e.wav,8.364541666666668,8.404541666666667,1
/mnt/fscompute_shared/simulation_dataset/outputs/simulated_audio_4ce5c431.wav,0,6.3019791666666665,0
/mnt/fscompute_shared/simulation_dataset/outputs/simulated_audio_4ce5c431.wav,6.3019791666666665,6.352645833333334,1
/mnt/fscompute_shared/simulation_dataset/outputs/simulated_audio_4ce5c431.wav,6.352645833333334,10,0
/mnt/fscompute_shared/simulation_dataset/outputs/simulated_audio_2b21d9b6.wav,0,3.0467708333333334,0
/mnt/fscompute_shared/simulation_dataset/outputs/simulated_audio_2b21d9b6.wav,3.0467708333333334,3.3987708333333337,1
/mnt/fscompute_shared/simulation_dataset/outputs/simulated_audio_2b21d9b6.wav,3.3987708333333337,10,0
/mnt/fscompute_shared/simulation_dataset/outputs/simulated_audio_ab17bd20.wav,0,6.178416666666666,0
/mnt/fscompute_shared/simulation_dataset/outputs/simulated_audio_ab17bd20.wav,6.178416666666666,6.373083333333334,1
/mnt/fscompute_shared/simulation_dataset/outputs/simulated_audio_ab17bd20.wav,6.373083333333334,10,0
/mnt/fscompute_shared/simulation_dataset/outputs/simulated_audio_60d66925.wav,0,5.5613125,0
/mnt/fscompute_shared/simulation_dataset/outputs/simulated_audio_60d66925.wav,5.5613125,5.606645833333333,1
/mnt/fscompute_shared/simulation_dataset/outputs/simulated_audio_60d66925.wav,5.606645833333333,10,0
/mnt/fscompute_shared/simulation_dataset/outputs/simulated_audio_4b00405a.wav,0,8.444749999999999,0
/mnt/fscompute_shared/simulation_dataset/outputs/simulated_audio_4b00405a.wav,8.444749999999999,8.50075,1
/mnt/fscompute_shared/simulation_dataset/outputs/simulated_audio_80bd9b0e.wav,0,3.7889166666666667,0
/mnt/fscompute_shared/simulation_dataset/outputs/simulated_audio_80bd9b0e.wav,3.7889166666666667,4.81025,1
/mnt/fscompute_shared/simulation_dataset/outputs/simulated_audio_80bd9b0e.wav,4.81025,10,0
/mnt/fscompute_shared/simulation_dataset/outputs/simulated_audio_23afca7b.wav,0,7.2435833333333335,0
/mnt/fscompute_shared/simulation_dataset/outputs/simulated_audio_23afca7b.wav,7.2435833333333335,7.350250000000001,1
/mnt/fscompute_shared/simulation_dataset/outputs/simulated_audio_96910e4b.wav,0,4.0436250000000005,0
/mnt/fscompute_shared/simulation_dataset/outputs/simulated_audio_96910e4b.wav,4.0436250000000005,4.075625,1
/mnt/fscompute_shared/simulation_dataset/outputs/simulated_audio_96910e4b.wav,4.075625,10,0
/mnt/fscompute_shared/simulation_dataset/outputs/simulated_audio_ac928f9a.wav,0,4.624083333333333,0
/mnt/fscompute_shared/simulation_dataset/outputs/simulated_audio_ac928f9a.wav,4.624083333333333,4.67475,1
/mnt/fscompute_shared/simulation_dataset/outputs/simulated_audio_ac928f9a.wav,4.67475,10,0
/mnt/fscompute_shared/simulation_dataset/outputs/simulated_audio_8d31563d.wav,0,7.332145833333334,0
/mnt/fscompute_shared/simulation_dataset/outputs/simulated_audio_8d31563d.wav,7.332145833333334,7.6548125,1
/mnt/fscompute_shared/simulation_dataset/outputs/simulated_audio_95666459.wav,0,4.4969375,0
/mnt/fscompute_shared/simulation_dataset/outputs/simulated_audio_95666459.wav,4.4969375,4.555604166666667,1
/mnt/fscompute_shared/simulation_dataset/outputs/simulated_audio_95666459.wav,4.555604166666667,10,0
/mnt/fscompute_shared/simulation_dataset/outputs/simulated_audio_62d611cd.wav,0,6.341104166666667,0
/mnt/fscompute_shared/simulation_dataset/outputs/simulated_audio_62d611cd.wav,6.341104166666667,6.381104166666667,1
/mnt/fscompute_shared/simulation_dataset/outputs/simulated_audio_62d611cd.wav,6.381104166666667,10,0
/mnt/fscompute_shared/simulation_dataset/outputs/simulated_audio_a30b1a37.wav,0,3.082104166666667,0
/mnt/fscompute_shared/simulation_dataset/outputs/simulated_audio_a30b1a37.wav,3.082104166666667,3.5754374999999996,1
/mnt/fscompute_shared/simulation_dataset/outputs/simulated_audio_a30b1a37.wav,3.5754374999999996,10,0
/mnt/fscompute_shared/simulation_dataset/outputs/simulated_audio_a83fb978.wav,0,6.01825,0
/mnt/fscompute_shared/simulation_dataset/outputs/simulated_audio_a83fb978.wav,6.01825,6.11425,1
/mnt/fscompute_shared/simulation_dataset/outputs/simulated_audio_a83fb978.wav,6.11425,10,0
/mnt/fscompute_shared/simulation_dataset/outputs/simulated_audio_e0c774be.wav,0,5.5313125,0
/mnt/fscompute_shared/simulation_dataset/outputs/simulated_audio_e0c774be.wav,5.5313125,5.581979166666667,1
/mnt/fscompute_shared/simulation_dataset/outputs/simulated_audio_e0c774be.wav,5.581979166666667,10,0
/mnt/fscompute_shared/simulation_dataset/outputs/simulated_audio_1d24945f.wav,0,2.4341041666666667,0
/mnt/fscompute_shared/simulation_dataset/outputs/simulated_audio_1d24945f.wav,2.4341041666666667,2.6181041666666665,1
/mnt/fscompute_shared/simulation_dataset/outputs/simulated_audio_1d24945f.wav,2.6181041666666665,10,0
/mnt/fscompute_shared/simulation_dataset/outputs/simulated_audio_3b4ecfc0.wav,0,6.8505625,0
/mnt/fscompute_shared/simulation_dataset/outputs/simulated_audio_3b4ecfc0.wav,6.8505625,6.887895833333333,1
/mnt/fscompute_shared/simulation_dataset/outputs/simulated_audio_3b4ecfc0.wav,6.887895833333333,10,0
/mnt/fscompute_shared/simulation_dataset/outputs/simulated_audio_27571581.wav,0,5.469645833333334,0
/mnt/fscompute_shared/simulation_dataset/outputs/simulated_audio_27571581.wav,5.469645833333334,5.557645833333333,1
/mnt/fscompute_shared/simulation_dataset/outputs/simulated_audio_27571581.wav,5.557645833333333,10,0
/mnt/fscompute_shared/simulation_dataset/outputs/simulated_audio_f2a3e766.wav,0,2.1789375,0
/mnt/fscompute_shared/simulation_dataset/outputs/simulated_audio_f2a3e766.wav,2.1789375,2.245604166666667,1
/mnt/fscompute_shared/simulation_dataset/outputs/simulated_audio_f2a3e766.wav,2.245604166666667,10,0
/mnt/fscompute_shared/simulation_dataset/outputs/simulated_audio_6788f276.wav,0,6.422270833333333,0
/mnt/fscompute_shared/simulation_dataset/outputs/simulated_audio_6788f276.wav,6.422270833333333,8.8569375,1
/mnt/fscompute_shared/simulation_dataset/outputs/simulated_audio_8197f2ba.wav,1.6851666666666667,3.807833333333333,1
/mnt/fscompute_shared/simulation_dataset/outputs/simulated_audio_8197f2ba.wav,3.807833333333333,10,0
/mnt/fscompute_shared/simulation_dataset/outputs/simulated_audio_3e2854a2.wav,0,2.1321458333333334,0
/mnt/fscompute_shared/simulation_dataset/outputs/simulated_audio_3e2854a2.wav,2.1321458333333334,2.361479166666667,1
/mnt/fscompute_shared/simulation_dataset/outputs/simulated_audio_3e2854a2.wav,2.361479166666667,10,0
/mnt/fscompute_shared/simulation_dataset/outputs/simulated_audio_302806d7.wav,0,3.8676666666666666,0
/mnt/fscompute_shared/simulation_dataset/outputs/simulated_audio_302806d7.wav,3.8676666666666666,7.214333333333334,1
/mnt/fscompute_shared/simulation_dataset/outputs/simulated_audio_31e03938.wav,0,5.934625,0
/mnt/fscompute_shared/simulation_dataset/outputs/simulated_audio_31e03938.wav,5.934625,6.403958333333334,1
/mnt/fscompute_shared/simulation_dataset/outputs/simulated_audio_31e03938.wav,6.403958333333334,10,0
/mnt/fscompute_shared/simulation_dataset/outputs/simulated_audio_687f90b9.wav,0,7.0318958333333335,0
/mnt/fscompute_shared/simulation_dataset/outputs/simulated_audio_687f90b9.wav,7.0318958333333335,7.119895833333333,1
/mnt/fscompute_shared/simulation_dataset/outputs/simulated_audio_63a0d803.wav,0,6.642104166666667,0
/mnt/fscompute_shared/simulation_dataset/outputs/simulated_audio_63a0d803.wav,6.642104166666667,7.0714375,1
/mnt/fscompute_shared/simulation_dataset/outputs/simulated_audio_bbff1254.wav,0,5.0966458333333335,0
/mnt/fscompute_shared/simulation_dataset/outputs/simulated_audio_bbff1254.wav,5.0966458333333335,5.144645833333334,1
/mnt/fscompute_shared/simulation_dataset/outputs/simulated_audio_bbff1254.wav,5.144645833333334,10,0
/mnt/fscompute_shared/simulation_dataset/outputs/simulated_audio_6dfa17a6.wav,1.9487083333333333,5.612708333333333,1
/mnt/fscompute_shared/simulation_dataset/outputs/simulated_audio_6dfa17a6.wav,5.612708333333333,10,0
/mnt/fscompute_shared/simulation_dataset/outputs/simulated_audio_147e8fb4.wav,0,8.341729166666667,0
/mnt/fscompute_shared/simulation_dataset/outputs/simulated_audio_147e8fb4.wav,8.341729166666667,8.376395833333333,1
/mnt/fscompute_shared/simulation_dataset/outputs/simulated_audio_2cbcec7e.wav,0,2.696458333333333,0
/mnt/fscompute_shared/simulation_dataset/outputs/simulated_audio_2cbcec7e.wav,2.696458333333333,3.091125,1
/mnt/fscompute_shared/simulation_dataset/outputs/simulated_audio_2cbcec7e.wav,3.091125,10,0
/mnt/fscompute_shared/simulation_dataset/outputs/simulated_audio_b1d16087.wav,0,7.288,0
/mnt/fscompute_shared/simulation_dataset/outputs/simulated_audio_b1d16087.wav,7.288,7.349333333333334,1
/mnt/fscompute_shared/simulation_dataset/outputs/simulated_audio_d361f02a.wav,0,3.5309375,0
/mnt/fscompute_shared/simulation_dataset/outputs/simulated_audio_d361f02a.wav,3.5309375,3.680270833333333,1
/mnt/fscompute_shared/simulation_dataset/outputs/simulated_audio_d361f02a.wav,3.680270833333333,10,0
/mnt/fscompute_shared/simulation_dataset/outputs/simulated_audio_6a91e1a5.wav,1.51925,1.5859166666666669,1
/mnt/fscompute_shared/simulation_dataset/outputs/simulated_audio_6a91e1a5.wav,1.5859166666666669,10,0
/mnt/fscompute_shared/simulation_dataset/outputs/simulated_audio_4778a885.wav,1.4607708333333334,1.9861041666666668,1
/mnt/fscompute_shared/simulation_dataset/outputs/simulated_audio_4778a885.wav,1.9861041666666668,10,0
/mnt/fscompute_shared/simulation_dataset/outputs/simulated_audio_e7a76a61.wav,0,5.277208333333333,0
/mnt/fscompute_shared/simulation_dataset/outputs/simulated_audio_e7a76a61.wav,5.277208333333333,5.978541666666667,1
/mnt/fscompute_shared/simulation_dataset/outputs/simulated_audio_e7a76a61.wav,5.978541666666667,10,0
/mnt/fscompute_shared/simulation_dataset/outputs/simulated_audio_1cd37fac.wav,0,6.910854166666667,0
/mnt/fscompute_shared/simulation_dataset/outputs/simulated_audio_1cd37fac.wav,6.910854166666667,6.9641875,1
/mnt/fscompute_shared/simulation_dataset/outputs/simulated_audio_1cd37fac.wav,6.9641875,10,0
/mnt/fscompute_shared/simulation_dataset/outputs/simulated_audio_7ef84358.wav,0,3.2412916666666667,0
/mnt/fscompute_shared/simulation_dataset/outputs/simulated_audio_7ef84358.wav,3.2412916666666667,3.406625,1
/mnt/fscompute_shared/simulation_dataset/outputs/simulated_audio_7ef84358.wav,3.406625,10,0
/mnt/fscompute_shared/simulation_dataset/outputs/simulated_audio_76e90e7d.wav,0,3.070125,0
/mnt/fscompute_shared/simulation_dataset/outputs/simulated_audio_76e90e7d.wav,3.070125,7.219458333333334,1
/mnt/fscompute_shared/simulation_dataset/outputs/simulated_audio_8f91f838.wav,0,3.8558958333333333,0
/mnt/fscompute_shared/simulation_dataset/outputs/simulated_audio_8f91f838.wav,3.8558958333333333,3.9118958333333333,1
/mnt/fscompute_shared/simulation_dataset/outputs/simulated_audio_8f91f838.wav,3.9118958333333333,10,0
/mnt/fscompute_shared/simulation_dataset/outputs/simulated_audio_1b4e1192.wav,0,4.809583333333333,0
/mnt/fscompute_shared/simulation_dataset/outputs/simulated_audio_1b4e1192.wav,4.809583333333333,5.0095833333333335,1
/mnt/fscompute_shared/simulation_dataset/outputs/simulated_audio_1b4e1192.wav,5.0095833333333335,10,0
/mnt/fscompute_shared/simulation_dataset/outputs/simulated_audio_ac30f93f.wav,0,2.244229166666667,0
/mnt/fscompute_shared/simulation_dataset/outputs/simulated_audio_ac30f93f.wav,2.244229166666667,4.366895833333333,1
/mnt/fscompute_shared/simulation_dataset/outputs/simulated_audio_ac30f93f.wav,4.366895833333333,10,0
/mnt/fscompute_shared/simulation_dataset/outputs/simulated_audio_f617804f.wav,0,2.3305208333333334,0
/mnt/fscompute_shared/simulation_dataset/outputs/simulated_audio_f617804f.wav,2.3305208333333334,2.4371875,1
/mnt/fscompute_shared/simulation_dataset/outputs/simulated_audio_f617804f.wav,2.4371875,10,0
/mnt/fscompute_shared/simulation_dataset/outputs/simulated_audio_ca7e110d.wav,0,8.010145833333333,0
/mnt/fscompute_shared/simulation_dataset/outputs/simulated_audio_ca7e110d.wav,8.010145833333333,8.0528125,1
/mnt/fscompute_shared/simulation_dataset/outputs/simulated_audio_08285e59.wav,0,6.5278125,0
/mnt/fscompute_shared/simulation_dataset/outputs/simulated_audio_08285e59.wav,6.5278125,6.578479166666667,1
/mnt/fscompute_shared/simulation_dataset/outputs/simulated_audio_08285e59.wav,6.578479166666667,10,0
/mnt/fscompute_shared/simulation_dataset/outputs/simulated_audio_3c765856.wav,0,4.953166666666666,0
/mnt/fscompute_shared/simulation_dataset/outputs/simulated_audio_3c765856.wav,4.953166666666666,5.723833333333333,1
/mnt/fscompute_shared/simulation_dataset/outputs/simulated_audio_3c765856.wav,5.723833333333333,10,0
/mnt/fscompute_shared/simulation_dataset/outputs/simulated_audio_df1e4e2b.wav,0,3.5650833333333334,0
/mnt/fscompute_shared/simulation_dataset/outputs/simulated_audio_df1e4e2b.wav,3.5650833333333334,5.68775,1
/mnt/fscompute_shared/simulation_dataset/outputs/simulated_audio_df1e4e2b.wav,5.68775,10,0
/mnt/fscompute_shared/simulation_dataset/outputs/simulated_audio_5fc46940.wav,0,6.6098125,0
/mnt/fscompute_shared/simulation_dataset/outputs/simulated_audio_5fc46940.wav,6.6098125,6.8978125,1
/mnt/fscompute_shared/simulation_dataset/outputs/simulated_audio_5fc46940.wav,6.8978125,10,0
/mnt/fscompute_shared/simulation_dataset/outputs/simulated_audio_981d9a0e.wav,0,7.911125,0
/mnt/fscompute_shared/simulation_dataset/outputs/simulated_audio_981d9a0e.wav,7.911125,7.956458333333334,1
/mnt/fscompute_shared/simulation_dataset/outputs/simulated_audio_9770125d.wav,0,5.934166666666667,0
/mnt/fscompute_shared/simulation_dataset/outputs/simulated_audio_9770125d.wav,5.934166666666667,6.2275,1
/mnt/fscompute_shared/simulation_dataset/outputs/simulated_audio_9770125d.wav,6.2275,10,0
/mnt/fscompute_shared/simulation_dataset/outputs/simulated_audio_f4304c81.wav,0,7.094083333333334,0
/mnt/fscompute_shared/simulation_dataset/outputs/simulated_audio_f4304c81.wav,7.094083333333334,7.20875,1
/mnt/fscompute_shared/simulation_dataset/outputs/simulated_audio_73f22ad5.wav,1.1627916666666667,1.416125,1
/mnt/fscompute_shared/simulation_dataset/outputs/simulated_audio_73f22ad5.wav,1.416125,10,0
/mnt/fscompute_shared/simulation_dataset/outputs/simulated_audio_90bf5dcd.wav,0,3.8071041666666665,0
/mnt/fscompute_shared/simulation_dataset/outputs/simulated_audio_90bf5dcd.wav,3.8071041666666665,4.095104166666666,1
/mnt/fscompute_shared/simulation_dataset/outputs/simulated_audio_90bf5dcd.wav,4.095104166666666,10,0
/mnt/fscompute_shared/simulation_dataset/outputs/simulated_audio_cd550c3b.wav,1.4580833333333334,3.58075,1
/mnt/fscompute_shared/simulation_dataset/outputs/simulated_audio_cd550c3b.wav,3.58075,10,0
/mnt/fscompute_shared/simulation_dataset/outputs/simulated_audio_99b44b4f.wav,0,3.0443541666666665,0
/mnt/fscompute_shared/simulation_dataset/outputs/simulated_audio_99b44b4f.wav,3.0443541666666665,3.1003541666666665,1
/mnt/fscompute_shared/simulation_dataset/outputs/simulated_audio_99b44b4f.wav,3.1003541666666665,10,0
/mnt/fscompute_shared/simulation_dataset/outputs/simulated_audio_5837780b.wav,0,4.040958333333333,0
/mnt/fscompute_shared/simulation_dataset/outputs/simulated_audio_5837780b.wav,4.040958333333333,4.235625,1
/mnt/fscompute_shared/simulation_dataset/outputs/simulated_audio_5837780b.wav,4.235625,10,0
/mnt/fscompute_shared/simulation_dataset/outputs/simulated_audio_0d44a634.wav,0,2.799145833333333,0
/mnt/fscompute_shared/simulation_dataset/outputs/simulated_audio_0d44a634.wav,2.799145833333333,3.052479166666667,1
/mnt/fscompute_shared/simulation_dataset/outputs/simulated_audio_0d44a634.wav,3.052479166666667,10,0
/mnt/fscompute_shared/simulation_dataset/outputs/simulated_audio_2e3d07c8.wav,0,4.614875,0
/mnt/fscompute_shared/simulation_dataset/outputs/simulated_audio_2e3d07c8.wav,4.614875,4.846875,1
/mnt/fscompute_shared/simulation_dataset/outputs/simulated_audio_2e3d07c8.wav,4.846875,10,0
/mnt/fscompute_shared/simulation_dataset/outputs/simulated_audio_b521ca02.wav,0,2.6893333333333334,0
/mnt/fscompute_shared/simulation_dataset/outputs/simulated_audio_b521ca02.wav,2.6893333333333334,3.9240000000000004,1
/mnt/fscompute_shared/simulation_dataset/outputs/simulated_audio_b521ca02.wav,3.9240000000000004,10,0
/mnt/fscompute_shared/simulation_dataset/outputs/simulated_audio_1bfb7a5f.wav,0,6.066333333333334,0
/mnt/fscompute_shared/simulation_dataset/outputs/simulated_audio_1bfb7a5f.wav,6.066333333333334,6.090333333333334,1
/mnt/fscompute_shared/simulation_dataset/outputs/simulated_audio_1bfb7a5f.wav,6.090333333333334,10,0
/mnt/fscompute_shared/simulation_dataset/outputs/simulated_audio_df4f9208.wav,0,5.511,0
/mnt/fscompute_shared/simulation_dataset/outputs/simulated_audio_df4f9208.wav,5.511,8.756333333333334,1
/mnt/fscompute_shared/simulation_dataset/outputs/simulated_audio_3bfcf09f.wav,0,5.4308958333333335,0
/mnt/fscompute_shared/simulation_dataset/outputs/simulated_audio_3bfcf09f.wav,5.4308958333333335,5.5775625,1
/mnt/fscompute_shared/simulation_dataset/outputs/simulated_audio_3bfcf09f.wav,5.5775625,10,0
/mnt/fscompute_shared/simulation_dataset/outputs/simulated_audio_a75dc439.wav,0,8.293229166666666,0
/mnt/fscompute_shared/simulation_dataset/outputs/simulated_audio_a75dc439.wav,8.293229166666666,8.7625625,1
/mnt/fscompute_shared/simulation_dataset/outputs/simulated_audio_ff193758.wav,0,4.0209166666666665,0
/mnt/fscompute_shared/simulation_dataset/outputs/simulated_audio_ff193758.wav,4.0209166666666665,4.127583333333333,1
/mnt/fscompute_shared/simulation_dataset/outputs/simulated_audio_ff193758.wav,4.127583333333333,10,0
/mnt/fscompute_shared/simulation_dataset/outputs/simulated_audio_8e3959aa.wav,0,5.196166666666667,0
/mnt/fscompute_shared/simulation_dataset/outputs/simulated_audio_8e3959aa.wav,5.196166666666667,5.598833333333333,1
/mnt/fscompute_shared/simulation_dataset/outputs/simulated_audio_8e3959aa.wav,5.598833333333333,10,0
/mnt/fscompute_shared/simulation_dataset/outputs/simulated_audio_81e8a5ec.wav,0,8.225312500000001,0
/mnt/fscompute_shared/simulation_dataset/outputs/simulated_audio_81e8a5ec.wav,8.225312500000001,8.3133125,1
/mnt/fscompute_shared/simulation_dataset/outputs/simulated_audio_8cd9506a.wav,0,5.147291666666667,0
/mnt/fscompute_shared/simulation_dataset/outputs/simulated_audio_8cd9506a.wav,5.147291666666667,5.320625,1
/mnt/fscompute_shared/simulation_dataset/outputs/simulated_audio_8cd9506a.wav,5.320625,10,0
/mnt/fscompute_shared/simulation_dataset/outputs/simulated_audio_fc1e1560.wav,0,7.413020833333333,0
/mnt/fscompute_shared/simulation_dataset/outputs/simulated_audio_fc1e1560.wav,7.413020833333333,7.458354166666666,1
/mnt/fscompute_shared/simulation_dataset/outputs/simulated_audio_3b17a828.wav,0,2.912375,0
/mnt/fscompute_shared/simulation_dataset/outputs/simulated_audio_3b17a828.wav,2.912375,2.968375,1
/mnt/fscompute_shared/simulation_dataset/outputs/simulated_audio_3b17a828.wav,2.968375,10,0
/mnt/fscompute_shared/simulation_dataset/outputs/simulated_audio_f226067d.wav,1.7461875,1.9461875000000002,1
/mnt/fscompute_shared/simulation_dataset/outputs/simulated_audio_f226067d.wav,1.9461875000000002,10,0
/mnt/fscompute_shared/simulation_dataset/outputs/simulated_audio_bce3276e.wav,0,5.170916666666667,0
/mnt/fscompute_shared/simulation_dataset/outputs/simulated_audio_bce3276e.wav,5.170916666666667,5.298916666666667,1
/mnt/fscompute_shared/simulation_dataset/outputs/simulated_audio_bce3276e.wav,5.298916666666667,10,0
/mnt/fscompute_shared/simulation_dataset/outputs/simulated_audio_f2495d2f.wav,0,2.6994166666666666,0
/mnt/fscompute_shared/simulation_dataset/outputs/simulated_audio_f2495d2f.wav,2.6994166666666666,2.86475,1
/mnt/fscompute_shared/simulation_dataset/outputs/simulated_audio_f2495d2f.wav,2.86475,10,0
/mnt/fscompute_shared/simulation_dataset/outputs/simulated_audio_45ab97f3.wav,0,7.5492083333333335,0
/mnt/fscompute_shared/simulation_dataset/outputs/simulated_audio_45ab97f3.wav,7.5492083333333335,8.570541666666667,1
/mnt/fscompute_shared/simulation_dataset/outputs/simulated_audio_d9122eef.wav,0,3.9112916666666666,0
/mnt/fscompute_shared/simulation_dataset/outputs/simulated_audio_d9122eef.wav,3.9112916666666666,3.935291666666667,1
/mnt/fscompute_shared/simulation_dataset/outputs/simulated_audio_d9122eef.wav,3.935291666666667,10,0
/mnt/fscompute_shared/simulation_dataset/outputs/simulated_audio_5ebd94ea.wav,0,7.819020833333333,0
/mnt/fscompute_shared/simulation_dataset/outputs/simulated_audio_5ebd94ea.wav,7.819020833333333,7.8936875,1
/mnt/fscompute_shared/simulation_dataset/outputs/simulated_audio_f170b7a2.wav,0,3.3608541666666665,0
/mnt/fscompute_shared/simulation_dataset/outputs/simulated_audio_f170b7a2.wav,3.3608541666666665,3.5715208333333335,1
/mnt/fscompute_shared/simulation_dataset/outputs/simulated_audio_f170b7a2.wav,3.5715208333333335,10,0
/mnt/fscompute_shared/simulation_dataset/outputs/simulated_audio_45f848ed.wav,1.6447916666666667,2.4207916666666667,1
/mnt/fscompute_shared/simulation_dataset/outputs/simulated_audio_45f848ed.wav,2.4207916666666667,10,0
/mnt/fscompute_shared/simulation_dataset/outputs/simulated_audio_204b8f65.wav,0,5.593083333333333,0
/mnt/fscompute_shared/simulation_dataset/outputs/simulated_audio_204b8f65.wav,5.593083333333333,7.497083333333334,1
/mnt/fscompute_shared/simulation_dataset/outputs/simulated_audio_9bb338d5.wav,0,3.2604375,0
/mnt/fscompute_shared/simulation_dataset/outputs/simulated_audio_9bb338d5.wav,3.2604375,3.3751041666666666,1
/mnt/fscompute_shared/simulation_dataset/outputs/simulated_audio_9bb338d5.wav,3.3751041666666666,10,0
/mnt/fscompute_shared/simulation_dataset/outputs/simulated_audio_7b007766.wav,0,2.990291666666667,0
/mnt/fscompute_shared/simulation_dataset/outputs/simulated_audio_7b007766.wav,2.990291666666667,3.118291666666667,1
/mnt/fscompute_shared/simulation_dataset/outputs/simulated_audio_7b007766.wav,3.118291666666667,10,0
/mnt/fscompute_shared/simulation_dataset/outputs/simulated_audio_0ae67089.wav,0,2.2102708333333334,0
/mnt/fscompute_shared/simulation_dataset/outputs/simulated_audio_0ae67089.wav,2.2102708333333334,5.874270833333333,1
/mnt/fscompute_shared/simulation_dataset/outputs/simulated_audio_0ae67089.wav,5.874270833333333,10,0
/mnt/fscompute_shared/simulation_dataset/outputs/simulated_audio_d161ac57.wav,0,8.7265625,0
/mnt/fscompute_shared/simulation_dataset/outputs/simulated_audio_d161ac57.wav,8.7265625,8.745229166666666,1
/mnt/fscompute_shared/simulation_dataset/outputs/simulated_audio_16728867.wav,1.7259375000000001,1.7659375000000002,1
/mnt/fscompute_shared/simulation_dataset/outputs/simulated_audio_16728867.wav,1.7659375000000002,10,0
/mnt/fscompute_shared/simulation_dataset/outputs/simulated_audio_82ca2795.wav,0,5.22725,0
/mnt/fscompute_shared/simulation_dataset/outputs/simulated_audio_82ca2795.wav,5.22725,5.60325,1
/mnt/fscompute_shared/simulation_dataset/outputs/simulated_audio_82ca2795.wav,5.60325,10,0
/mnt/fscompute_shared/simulation_dataset/outputs/simulated_audio_e739f2b7.wav,0,6.7295625,0
/mnt/fscompute_shared/simulation_dataset/outputs/simulated_audio_e739f2b7.wav,6.7295625,7.1775625000000005,1
/mnt/fscompute_shared/simulation_dataset/outputs/simulated_audio_36f3e333.wav,0,2.6325208333333334,0
/mnt/fscompute_shared/simulation_dataset/outputs/simulated_audio_36f3e333.wav,2.6325208333333334,2.896520833333333,1
/mnt/fscompute_shared/simulation_dataset/outputs/simulated_audio_36f3e333.wav,2.896520833333333,10,0
/mnt/fscompute_shared/simulation_dataset/outputs/simulated_audio_55e51054.wav,0,7.530333333333333,0
/mnt/fscompute_shared/simulation_dataset/outputs/simulated_audio_55e51054.wav,7.530333333333333,8.765,1
/mnt/fscompute_shared/simulation_dataset/outputs/simulated_audio_9ac5114a.wav,0,3.6808541666666668,0
/mnt/fscompute_shared/simulation_dataset/outputs/simulated_audio_9ac5114a.wav,3.6808541666666668,3.7075208333333336,1
/mnt/fscompute_shared/simulation_dataset/outputs/simulated_audio_9ac5114a.wav,3.7075208333333336,10,0
/mnt/fscompute_shared/simulation_dataset/outputs/simulated_audio_4c9f9011.wav,0,3.7668333333333335,0
/mnt/fscompute_shared/simulation_dataset/outputs/simulated_audio_4c9f9011.wav,3.7668333333333335,4.054833333333334,1
/mnt/fscompute_shared/simulation_dataset/outputs/simulated_audio_4c9f9011.wav,4.054833333333334,10,0
/mnt/fscompute_shared/simulation_dataset/outputs/simulated_audio_6c5dab43.wav,0,5.910645833333334,0
/mnt/fscompute_shared/simulation_dataset/outputs/simulated_audio_6c5dab43.wav,5.910645833333334,7.8813125,1
/mnt/fscompute_shared/simulation_dataset/outputs/simulated_audio_ab1b51ee.wav,0,7.811166666666667,0
/mnt/fscompute_shared/simulation_dataset/outputs/simulated_audio_ab1b51ee.wav,7.811166666666667,7.9765,1
/mnt/fscompute_shared/simulation_dataset/outputs/simulated_audio_207235f1.wav,0,6.510833333333333,0
/mnt/fscompute_shared/simulation_dataset/outputs/simulated_audio_207235f1.wav,6.510833333333333,6.5375,1
/mnt/fscompute_shared/simulation_dataset/outputs/simulated_audio_207235f1.wav,6.5375,10,0
/mnt/fscompute_shared/simulation_dataset/outputs/simulated_audio_fc63d20b.wav,0,3.6976458333333335,0
/mnt/fscompute_shared/simulation_dataset/outputs/simulated_audio_fc63d20b.wav,3.6976458333333335,7.9189791666666665,1
/mnt/fscompute_shared/simulation_dataset/outputs/simulated_audio_ad6914ba.wav,0,7.9779375,0
/mnt/fscompute_shared/simulation_dataset/outputs/simulated_audio_ad6914ba.wav,7.9779375,8.004604166666667,1
/mnt/fscompute_shared/simulation_dataset/outputs/simulated_audio_4707a454.wav,0,7.001708333333333,0
/mnt/fscompute_shared/simulation_dataset/outputs/simulated_audio_4707a454.wav,7.001708333333333,7.124375000000001,1
/mnt/fscompute_shared/simulation_dataset/outputs/simulated_audio_77f01401.wav,0,8.722645833333333,0
/mnt/fscompute_shared/simulation_dataset/outputs/simulated_audio_77f01401.wav,8.722645833333333,8.7733125,1
/mnt/fscompute_shared/simulation_dataset/outputs/simulated_audio_7830237f.wav,0,3.292291666666667,0
/mnt/fscompute_shared/simulation_dataset/outputs/simulated_audio_7830237f.wav,3.292291666666667,3.694958333333333,1
/mnt/fscompute_shared/simulation_dataset/outputs/simulated_audio_7830237f.wav,3.694958333333333,10,0
/mnt/fscompute_shared/simulation_dataset/outputs/simulated_audio_2b7e57fb.wav,1.2268958333333333,5.498895833333333,1
/mnt/fscompute_shared/simulation_dataset/outputs/simulated_audio_2b7e57fb.wav,5.498895833333333,10,0
/mnt/fscompute_shared/simulation_dataset/outputs/simulated_audio_553ac435.wav,0,6.911291666666667,0
/mnt/fscompute_shared/simulation_dataset/outputs/simulated_audio_553ac435.wav,6.911291666666667,7.076625,1
/mnt/fscompute_shared/simulation_dataset/outputs/simulated_audio_30cfbae5.wav,0,7.7982708333333335,0
/mnt/fscompute_shared/simulation_dataset/outputs/simulated_audio_30cfbae5.wav,7.7982708333333335,7.843604166666667,1
/mnt/fscompute_shared/simulation_dataset/outputs/simulated_audio_54a7adb9.wav,0,2.8360416666666666,0
/mnt/fscompute_shared/simulation_dataset/outputs/simulated_audio_54a7adb9.wav,2.8360416666666666,2.889375,1
/mnt/fscompute_shared/simulation_dataset/outputs/simulated_audio_54a7adb9.wav,2.889375,10,0
/mnt/fscompute_shared/simulation_dataset/outputs/simulated_audio_c6844358.wav,0,7.924625,0
/mnt/fscompute_shared/simulation_dataset/outputs/simulated_audio_c6844358.wav,7.924625,7.980625,1
/mnt/fscompute_shared/simulation_dataset/outputs/simulated_audio_f33b272d.wav,0,6.652125,0
/mnt/fscompute_shared/simulation_dataset/outputs/simulated_audio_f33b272d.wav,6.652125,7.428125,1
/mnt/fscompute_shared/simulation_dataset/outputs/simulated_audio_92525162.wav,0,8.226833333333333,0
/mnt/fscompute_shared/simulation_dataset/outputs/simulated_audio_92525162.wav,8.226833333333333,8.298833333333333,1
/mnt/fscompute_shared/simulation_dataset/outputs/simulated_audio_41602c1c.wav,1.1788333333333334,1.7148333333333334,1
/mnt/fscompute_shared/simulation_dataset/outputs/simulated_audio_41602c1c.wav,1.7148333333333334,10,0
/mnt/fscompute_shared/simulation_dataset/outputs/simulated_audio_99ae115c.wav,1.5355625000000002,1.5542291666666666,1
/mnt/fscompute_shared/simulation_dataset/outputs/simulated_audio_99ae115c.wav,1.5542291666666666,10,0
/mnt/fscompute_shared/simulation_dataset/outputs/simulated_audio_33703444.wav,0,6.953354166666666,0
/mnt/fscompute_shared/simulation_dataset/outputs/simulated_audio_33703444.wav,6.953354166666666,6.977354166666666,1
/mnt/fscompute_shared/simulation_dataset/outputs/simulated_audio_33703444.wav,6.977354166666666,10,0
/mnt/fscompute_shared/simulation_dataset/outputs/simulated_audio_24fc8b2e.wav,0,2.0598333333333336,0
/mnt/fscompute_shared/simulation_dataset/outputs/simulated_audio_24fc8b2e.wav,2.0598333333333336,8.435833333333333,1
/mnt/fscompute_shared/simulation_dataset/outputs/simulated_audio_14da38e9.wav,0,2.195125,0
/mnt/fscompute_shared/simulation_dataset/outputs/simulated_audio_14da38e9.wav,2.195125,2.5977916666666667,1
/mnt/fscompute_shared/simulation_dataset/outputs/simulated_audio_14da38e9.wav,2.5977916666666667,10,0
/mnt/fscompute_shared/simulation_dataset/outputs/simulated_audio_1287d3ec.wav,1.4291875,1.4478541666666667,1
/mnt/fscompute_shared/simulation_dataset/outputs/simulated_audio_1287d3ec.wav,1.4478541666666667,10,0
/mnt/fscompute_shared/simulation_dataset/outputs/simulated_audio_9ba69ff8.wav,0,4.613916666666666,0
/mnt/fscompute_shared/simulation_dataset/outputs/simulated_audio_9ba69ff8.wav,4.613916666666666,4.824583333333333,1
/mnt/fscompute_shared/simulation_dataset/outputs/simulated_audio_9ba69ff8.wav,4.824583333333333,10,0
/mnt/fscompute_shared/simulation_dataset/outputs/simulated_audio_cad185f0.wav,1.512,1.9946666666666668,1
/mnt/fscompute_shared/simulation_dataset/outputs/simulated_audio_cad185f0.wav,1.9946666666666668,10,0
/mnt/fscompute_shared/simulation_dataset/outputs/simulated_audio_ec34caea.wav,0,3.5283333333333333,0
/mnt/fscompute_shared/simulation_dataset/outputs/simulated_audio_ec34caea.wav,3.5283333333333333,3.827,1
/mnt/fscompute_shared/simulation_dataset/outputs/simulated_audio_ec34caea.wav,3.827,10,0
/mnt/fscompute_shared/simulation_dataset/outputs/simulated_audio_b36ccd37.wav,1.4443541666666666,1.5003541666666669,1
/mnt/fscompute_shared/simulation_dataset/outputs/simulated_audio_b36ccd37.wav,1.5003541666666669,10,0
/mnt/fscompute_shared/simulation_dataset/outputs/simulated_audio_9f3787ed.wav,1.2563125,7.632312499999999,1
/mnt/fscompute_shared/simulation_dataset/outputs/simulated_audio_01a9c24d.wav,0,3.037729166666667,0
/mnt/fscompute_shared/simulation_dataset/outputs/simulated_audio_01a9c24d.wav,3.037729166666667,3.1123958333333333,1
/mnt/fscompute_shared/simulation_dataset/outputs/simulated_audio_01a9c24d.wav,3.1123958333333333,10,0
/mnt/fscompute_shared/simulation_dataset/outputs/simulated_audio_0ab68cfd.wav,0,6.664395833333334,0
/mnt/fscompute_shared/simulation_dataset/outputs/simulated_audio_0ab68cfd.wav,6.664395833333334,6.7630625,1
/mnt/fscompute_shared/simulation_dataset/outputs/simulated_audio_0ab68cfd.wav,6.7630625,10,0
/mnt/fscompute_shared/simulation_dataset/outputs/simulated_audio_606eaca2.wav,0,2.9141458333333334,0
/mnt/fscompute_shared/simulation_dataset/outputs/simulated_audio_606eaca2.wav,2.9141458333333334,3.474145833333333,1
/mnt/fscompute_shared/simulation_dataset/outputs/simulated_audio_606eaca2.wav,3.474145833333333,10,0
/mnt/fscompute_shared/simulation_dataset/outputs/simulated_audio_128a306a.wav,0,7.7779375,0
/mnt/fscompute_shared/simulation_dataset/outputs/simulated_audio_128a306a.wav,7.7779375,7.8579375,1
/mnt/fscompute_shared/simulation_dataset/outputs/simulated_audio_96b5b426.wav,0,8.148833333333332,0
/mnt/fscompute_shared/simulation_dataset/outputs/simulated_audio_96b5b426.wav,8.148833333333332,8.276833333333334,1
/mnt/fscompute_shared/simulation_dataset/outputs/simulated_audio_1694e1c1.wav,1.6840833333333334,1.9294166666666666,1
/mnt/fscompute_shared/simulation_dataset/outputs/simulated_audio_1694e1c1.wav,1.9294166666666666,10,0
/mnt/fscompute_shared/simulation_dataset/outputs/simulated_audio_4f8b44db.wav,0,4.4215,0
/mnt/fscompute_shared/simulation_dataset/outputs/simulated_audio_4f8b44db.wav,4.4215,7.992166666666666,1
/mnt/fscompute_shared/simulation_dataset/outputs/simulated_audio_d7473b45.wav,0,6.761208333333333,0
/mnt/fscompute_shared/simulation_dataset/outputs/simulated_audio_d7473b45.wav,6.761208333333333,6.817208333333333,1
/mnt/fscompute_shared/simulation_dataset/outputs/simulated_audio_d7473b45.wav,6.817208333333333,10,0
/mnt/fscompute_shared/simulation_dataset/outputs/simulated_audio_66e9e79c.wav,0,5.451625,0
/mnt/fscompute_shared/simulation_dataset/outputs/simulated_audio_66e9e79c.wav,5.451625,6.227625,1
/mnt/fscompute_shared/simulation_dataset/outputs/simulated_audio_66e9e79c.wav,6.227625,10,0
/mnt/fscompute_shared/simulation_dataset/outputs/simulated_audio_7388a568.wav,1.9791666666666665,2.0938333333333334,1
/mnt/fscompute_shared/simulation_dataset/outputs/simulated_audio_7388a568.wav,2.0938333333333334,10,0
/mnt/fscompute_shared/simulation_dataset/outputs/simulated_audio_4414fd2e.wav,0,8.253208333333333,0
/mnt/fscompute_shared/simulation_dataset/outputs/simulated_audio_4414fd2e.wav,8.253208333333333,8.501208333333333,1
/mnt/fscompute_shared/simulation_dataset/outputs/simulated_audio_2c2d969a.wav,0,6.303541666666667,0
/mnt/fscompute_shared/simulation_dataset/outputs/simulated_audio_2c2d969a.wav,6.303541666666667,6.6902083333333335,1
/mnt/fscompute_shared/simulation_dataset/outputs/simulated_audio_2c2d969a.wav,6.6902083333333335,10,0
/mnt/fscompute_shared/simulation_dataset/outputs/simulated_audio_f24bc1ef.wav,1.4302083333333333,5.000875,1
/mnt/fscompute_shared/simulation_dataset/outputs/simulated_audio_f24bc1ef.wav,5.000875,10,0
/mnt/fscompute_shared/simulation_dataset/outputs/simulated_audio_df36005c.wav,0,4.2283333333333335,0
/mnt/fscompute_shared/simulation_dataset/outputs/simulated_audio_df36005c.wav,4.2283333333333335,7.494999999999999,1
/mnt/fscompute_shared/simulation_dataset/outputs/simulated_audio_9f65ef01.wav,0,5.781541666666667,0
/mnt/fscompute_shared/simulation_dataset/outputs/simulated_audio_9f65ef01.wav,5.781541666666667,5.800208333333333,1
/mnt/fscompute_shared/simulation_dataset/outputs/simulated_audio_9f65ef01.wav,5.800208333333333,10,0
/mnt/fscompute_shared/simulation_dataset/outputs/simulated_audio_0c29878c.wav,0,4.273916666666667,0
/mnt/fscompute_shared/simulation_dataset/outputs/simulated_audio_0c29878c.wav,4.273916666666667,4.345916666666667,1
/mnt/fscompute_shared/simulation_dataset/outputs/simulated_audio_0c29878c.wav,4.345916666666667,10,0
/mnt/fscompute_shared/simulation_dataset/outputs/simulated_audio_1e7b4d88.wav,0,8.8641875,0
/mnt/fscompute_shared/simulation_dataset/outputs/simulated_audio_1e7b4d88.wav,8.8641875,8.9921875,1
/mnt/fscompute_shared/simulation_dataset/outputs/simulated_audio_b1611e79.wav,0,6.220541666666667,0
/mnt/fscompute_shared/simulation_dataset/outputs/simulated_audio_b1611e79.wav,6.220541666666667,7.241875,1
/mnt/fscompute_shared/simulation_dataset/outputs/simulated_audio_aba9ee85.wav,0,8.031604166666668,0
/mnt/fscompute_shared/simulation_dataset/outputs/simulated_audio_aba9ee85.wav,8.031604166666668,8.1969375,1
/mnt/fscompute_shared/simulation_dataset/outputs/simulated_audio_53d4fede.wav,0,4.7921875,0
/mnt/fscompute_shared/simulation_dataset/outputs/simulated_audio_53d4fede.wav,4.7921875,8.138854166666667,1
/mnt/fscompute_shared/simulation_dataset/outputs/simulated_audio_4127e2ce.wav,0,5.115958333333333,0
/mnt/fscompute_shared/simulation_dataset/outputs/simulated_audio_4127e2ce.wav,5.115958333333333,5.150625,1
/mnt/fscompute_shared/simulation_dataset/outputs/simulated_audio_4127e2ce.wav,5.150625,10,0
/mnt/fscompute_shared/simulation_dataset/outputs/simulated_audio_33100342.wav,0,3.418645833333333,0
/mnt/fscompute_shared/simulation_dataset/outputs/simulated_audio_33100342.wav,3.418645833333333,3.4613125,1
/mnt/fscompute_shared/simulation_dataset/outputs/simulated_audio_33100342.wav,3.4613125,10,0
/mnt/fscompute_shared/simulation_dataset/outputs/simulated_audio_ea825b95.wav,0,3.4415833333333334,0
/mnt/fscompute_shared/simulation_dataset/outputs/simulated_audio_ea825b95.wav,3.4415833333333334,3.6069166666666668,1
/mnt/fscompute_shared/simulation_dataset/outputs/simulated_audio_ea825b95.wav,3.6069166666666668,10,0
/mnt/fscompute_shared/simulation_dataset/outputs/simulated_audio_1b8ccdfd.wav,0,4.445416666666667,0
/mnt/fscompute_shared/simulation_dataset/outputs/simulated_audio_1b8ccdfd.wav,4.445416666666667,8.413416666666667,1
/mnt/fscompute_shared/simulation_dataset/outputs/simulated_audio_204ea5dd.wav,0,6.225479166666666,0
/mnt/fscompute_shared/simulation_dataset/outputs/simulated_audio_204ea5dd.wav,6.225479166666666,6.2841458333333335,1
/mnt/fscompute_shared/simulation_dataset/outputs/simulated_audio_204ea5dd.wav,6.2841458333333335,10,0
/mnt/fscompute_shared/simulation_dataset/outputs/simulated_audio_08cec8c9.wav,0,7.9836875,0
/mnt/fscompute_shared/simulation_dataset/outputs/simulated_audio_08cec8c9.wav,7.9836875,8.1596875,1
/mnt/fscompute_shared/simulation_dataset/outputs/simulated_audio_c081226c.wav,1.1799375,4.425270833333333,1
/mnt/fscompute_shared/simulation_dataset/outputs/simulated_audio_c081226c.wav,4.425270833333333,10,0
/mnt/fscompute_shared/simulation_dataset/outputs/simulated_audio_f67b3868.wav,0,8.1716875,0
/mnt/fscompute_shared/simulation_dataset/outputs/simulated_audio_f67b3868.wav,8.1716875,8.217020833333333,1
/mnt/fscompute_shared/simulation_dataset/outputs/simulated_audio_a6107888.wav,1.5858750000000001,1.6472083333333334,1
/mnt/fscompute_shared/simulation_dataset/outputs/simulated_audio_a6107888.wav,1.6472083333333334,10,0
/mnt/fscompute_shared/simulation_dataset/outputs/simulated_audio_4f74e42f.wav,0,2.95775,0
/mnt/fscompute_shared/simulation_dataset/outputs/simulated_audio_4f74e42f.wav,2.95775,3.483083333333333,1
/mnt/fscompute_shared/simulation_dataset/outputs/simulated_audio_4f74e42f.wav,3.483083333333333,10,0
/mnt/fscompute_shared/simulation_dataset/outputs/simulated_audio_255514fa.wav,1.6115416666666667,1.856875,1
/mnt/fscompute_shared/simulation_dataset/outputs/simulated_audio_255514fa.wav,1.856875,10,0
/mnt/fscompute_shared/simulation_dataset/outputs/simulated_audio_05b30d9f.wav,0,2.22875,0
/mnt/fscompute_shared/simulation_dataset/outputs/simulated_audio_05b30d9f.wav,2.22875,6.20475,1
/mnt/fscompute_shared/simulation_dataset/outputs/simulated_audio_05b30d9f.wav,6.20475,10,0
/mnt/fscompute_shared/simulation_dataset/outputs/simulated_audio_839378ae.wav,0,4.7131875,0
/mnt/fscompute_shared/simulation_dataset/outputs/simulated_audio_839378ae.wav,4.7131875,4.878520833333333,1
/mnt/fscompute_shared/simulation_dataset/outputs/simulated_audio_839378ae.wav,4.878520833333333,10,0
/mnt/fscompute_shared/simulation_dataset/outputs/simulated_audio_5cd8df65.wav,0,7.8748125,0
/mnt/fscompute_shared/simulation_dataset/outputs/simulated_audio_5cd8df65.wav,7.8748125,7.920145833333333,1
/mnt/fscompute_shared/simulation_dataset/outputs/simulated_audio_cc66f45b.wav,0,6.968604166666666,0
/mnt/fscompute_shared/simulation_dataset/outputs/simulated_audio_cc66f45b.wav,6.968604166666666,7.2619375,1
/mnt/fscompute_shared/simulation_dataset/outputs/simulated_audio_8910afcf.wav,1.4681250000000001,5.9747916666666665,1
/mnt/fscompute_shared/simulation_dataset/outputs/simulated_audio_8910afcf.wav,5.9747916666666665,10,0
/mnt/fscompute_shared/simulation_dataset/outputs/simulated_audio_4780b57e.wav,1.226875,1.3335416666666666,1
/mnt/fscompute_shared/simulation_dataset/outputs/simulated_audio_4780b57e.wav,1.3335416666666666,10,0
/mnt/fscompute_shared/simulation_dataset/outputs/simulated_audio_bcc7b105.wav,0,8.011229166666666,0
/mnt/fscompute_shared/simulation_dataset/outputs/simulated_audio_bcc7b105.wav,8.011229166666666,8.0565625,1
/mnt/fscompute_shared/simulation_dataset/outputs/simulated_audio_f0d18a74.wav,0,3.8274166666666667,0
/mnt/fscompute_shared/simulation_dataset/outputs/simulated_audio_f0d18a74.wav,3.8274166666666667,3.8940833333333336,1
/mnt/fscompute_shared/simulation_dataset/outputs/simulated_audio_f0d18a74.wav,3.8940833333333336,10,0
/mnt/fscompute_shared/simulation_dataset/outputs/simulated_audio_01a0802a.wav,0,4.194645833333333,0
/mnt/fscompute_shared/simulation_dataset/outputs/simulated_audio_01a0802a.wav,4.194645833333333,4.367979166666666,1
/mnt/fscompute_shared/simulation_dataset/outputs/simulated_audio_01a0802a.wav,4.367979166666666,10,0
/mnt/fscompute_shared/simulation_dataset/outputs/simulated_audio_b1f1f1e1.wav,0,8.5745,0
/mnt/fscompute_shared/simulation_dataset/outputs/simulated_audio_b1f1f1e1.wav,8.5745,8.7585,1
/mnt/fscompute_shared/simulation_dataset/outputs/simulated_audio_f016b967.wav,0,4.284708333333333,0
/mnt/fscompute_shared/simulation_dataset/outputs/simulated_audio_f016b967.wav,4.284708333333333,4.391375,1
/mnt/fscompute_shared/simulation_dataset/outputs/simulated_audio_f016b967.wav,4.391375,10,0
/mnt/fscompute_shared/simulation_dataset/outputs/simulated_audio_ba581f6c.wav,0,5.8531458333333335,0
/mnt/fscompute_shared/simulation_dataset/outputs/simulated_audio_ba581f6c.wav,5.8531458333333335,5.946479166666666,1
/mnt/fscompute_shared/simulation_dataset/outputs/simulated_audio_ba581f6c.wav,5.946479166666666,10,0
/mnt/fscompute_shared/simulation_dataset/outputs/simulated_audio_62547697.wav,0,4.173208333333333,0
/mnt/fscompute_shared/simulation_dataset/outputs/simulated_audio_62547697.wav,4.173208333333333,4.247875,1
/mnt/fscompute_shared/simulation_dataset/outputs/simulated_audio_62547697.wav,4.247875,10,0
/mnt/fscompute_shared/simulation_dataset/outputs/simulated_audio_205dbbcf.wav,0,2.3407291666666667,0
/mnt/fscompute_shared/simulation_dataset/outputs/simulated_audio_205dbbcf.wav,2.3407291666666667,2.3940625,1
/mnt/fscompute_shared/simulation_dataset/outputs/simulated_audio_205dbbcf.wav,2.3940625,10,0
/mnt/fscompute_shared/simulation_dataset/outputs/simulated_audio_0e26be6c.wav,0,5.203083333333334,0
/mnt/fscompute_shared/simulation_dataset/outputs/simulated_audio_0e26be6c.wav,5.203083333333334,5.26975,1
/mnt/fscompute_shared/simulation_dataset/outputs/simulated_audio_0e26be6c.wav,5.26975,10,0
/mnt/fscompute_shared/simulation_dataset/outputs/simulated_audio_6b25b685.wav,1.3675416666666667,1.396875,1
/mnt/fscompute_shared/simulation_dataset/outputs/simulated_audio_6b25b685.wav,1.396875,10,0
/mnt/fscompute_shared/simulation_dataset/outputs/simulated_audio_8b2b4e27.wav,0,4.0169375,0
/mnt/fscompute_shared/simulation_dataset/outputs/simulated_audio_8b2b4e27.wav,4.0169375,7.840937500000001,1
/mnt/fscompute_shared/simulation_dataset/outputs/simulated_audio_cce8ab22.wav,0,7.517729166666666,0
/mnt/fscompute_shared/simulation_dataset/outputs/simulated_audio_cce8ab22.wav,7.517729166666666,7.557729166666666,1
/mnt/fscompute_shared/simulation_dataset/outputs/simulated_audio_f42299e3.wav,0,7.547729166666667,0
/mnt/fscompute_shared/simulation_dataset/outputs/simulated_audio_f42299e3.wav,7.547729166666667,7.667729166666666,1
/mnt/fscompute_shared/simulation_dataset/outputs/simulated_audio_dab5ef32.wav,0,2.04575,0
/mnt/fscompute_shared/simulation_dataset/outputs/simulated_audio_dab5ef32.wav,2.04575,2.12575,1
/mnt/fscompute_shared/simulation_dataset/outputs/simulated_audio_dab5ef32.wav,2.12575,10,0
/mnt/fscompute_shared/simulation_dataset/outputs/simulated_audio_52b06dc5.wav,0,7.475583333333334,0
/mnt/fscompute_shared/simulation_dataset/outputs/simulated_audio_52b06dc5.wav,7.475583333333334,7.8622499999999995,1
/mnt/fscompute_shared/simulation_dataset/outputs/simulated_audio_6fd5fbdf.wav,0,3.5383958333333334,0
/mnt/fscompute_shared/simulation_dataset/outputs/simulated_audio_6fd5fbdf.wav,3.5383958333333334,3.6957291666666663,1
/mnt/fscompute_shared/simulation_dataset/outputs/simulated_audio_6fd5fbdf.wav,3.6957291666666663,10,0
/mnt/fscompute_shared/simulation_dataset/outputs/simulated_audio_7e556dbf.wav,1.67875,1.8014166666666669,1
/mnt/fscompute_shared/simulation_dataset/outputs/simulated_audio_7e556dbf.wav,1.8014166666666669,10,0
/mnt/fscompute_shared/simulation_dataset/outputs/simulated_audio_f4393abc.wav,0,6.04425,0
/mnt/fscompute_shared/simulation_dataset/outputs/simulated_audio_f4393abc.wav,6.04425,6.49225,1
/mnt/fscompute_shared/simulation_dataset/outputs/simulated_audio_f4393abc.wav,6.49225,10,0
/mnt/fscompute_shared/simulation_dataset/outputs/simulated_audio_4c6c8b3f.wav,0,2.674104166666667,0
/mnt/fscompute_shared/simulation_dataset/outputs/simulated_audio_4c6c8b3f.wav,2.674104166666667,6.460770833333333,1
/mnt/fscompute_shared/simulation_dataset/outputs/simulated_audio_4c6c8b3f.wav,6.460770833333333,10,0
/mnt/fscompute_shared/simulation_dataset/outputs/simulated_audio_f8241b96.wav,1.2966875,1.3553541666666669,1
/mnt/fscompute_shared/simulation_dataset/outputs/simulated_audio_f8241b96.wav,1.3553541666666669,10,0
/mnt/fscompute_shared/simulation_dataset/outputs/simulated_audio_29a3099f.wav,0,4.810416666666667,0
/mnt/fscompute_shared/simulation_dataset/outputs/simulated_audio_29a3099f.wav,4.810416666666667,6.05575,1
/mnt/fscompute_shared/simulation_dataset/outputs/simulated_audio_29a3099f.wav,6.05575,10,0
/mnt/fscompute_shared/simulation_dataset/outputs/simulated_audio_dec56376.wav,0,2.894,0
/mnt/fscompute_shared/simulation_dataset/outputs/simulated_audio_dec56376.wav,2.894,3.1126666666666667,1
/mnt/fscompute_shared/simulation_dataset/outputs/simulated_audio_dec56376.wav,3.1126666666666667,10,0
/mnt/fscompute_shared/simulation_dataset/outputs/simulated_audio_72f8255d.wav,1.2005625,5.421895833333333,1
/mnt/fscompute_shared/simulation_dataset/outputs/simulated_audio_72f8255d.wav,5.421895833333333,10,0
/mnt/fscompute_shared/simulation_dataset/outputs/simulated_audio_8fc178dc.wav,0,2.6591875,0
/mnt/fscompute_shared/simulation_dataset/outputs/simulated_audio_8fc178dc.wav,2.6591875,4.5631875,1
/mnt/fscompute_shared/simulation_dataset/outputs/simulated_audio_8fc178dc.wav,4.5631875,10,0
/mnt/fscompute_shared/simulation_dataset/outputs/simulated_audio_70551af2.wav,0,4.794958333333334,0
/mnt/fscompute_shared/simulation_dataset/outputs/simulated_audio_70551af2.wav,4.794958333333334,5.624291666666666,1
/mnt/fscompute_shared/simulation_dataset/outputs/simulated_audio_70551af2.wav,5.624291666666666,10,0
/mnt/fscompute_shared/simulation_dataset/outputs/simulated_audio_3b7dd53c.wav,0,7.4266875,0
/mnt/fscompute_shared/simulation_dataset/outputs/simulated_audio_3b7dd53c.wav,7.4266875,7.472020833333334,1
/mnt/fscompute_shared/simulation_dataset/outputs/simulated_audio_690216a3.wav,0,2.261375,0
/mnt/fscompute_shared/simulation_dataset/outputs/simulated_audio_690216a3.wav,2.261375,2.3360416666666666,1
/mnt/fscompute_shared/simulation_dataset/outputs/simulated_audio_690216a3.wav,2.3360416666666666,10,0
/mnt/fscompute_shared/simulation_dataset/outputs/simulated_audio_7e641fb9.wav,0,7.24925,0
/mnt/fscompute_shared/simulation_dataset/outputs/simulated_audio_7e641fb9.wav,7.24925,7.37725,1
/mnt/fscompute_shared/simulation_dataset/outputs/simulated_audio_84ea1945.wav,0,2.2291041666666667,0
/mnt/fscompute_shared/simulation_dataset/outputs/simulated_audio_84ea1945.wav,2.2291041666666667,8.605104166666667,1
/mnt/fscompute_shared/simulation_dataset/outputs/simulated_audio_16e16103.wav,0,2.109958333333333,0
/mnt/fscompute_shared/simulation_dataset/outputs/simulated_audio_16e16103.wav,2.109958333333333,4.013958333333333,1
/mnt/fscompute_shared/simulation_dataset/outputs/simulated_audio_16e16103.wav,4.013958333333333,10,0
/mnt/fscompute_shared/simulation_dataset/outputs/simulated_audio_352aaf99.wav,0,2.5142083333333334,0
/mnt/fscompute_shared/simulation_dataset/outputs/simulated_audio_352aaf99.wav,2.5142083333333334,2.612875,1
/mnt/fscompute_shared/simulation_dataset/outputs/simulated_audio_352aaf99.wav,2.612875,10,0
/mnt/fscompute_shared/simulation_dataset/outputs/simulated_audio_d865d147.wav,0,3.9894166666666666,0
/mnt/fscompute_shared/simulation_dataset/outputs/simulated_audio_d865d147.wav,3.9894166666666666,7.965416666666666,1
/mnt/fscompute_shared/simulation_dataset/outputs/simulated_audio_5f41f355.wav,0,2.8620833333333335,0
/mnt/fscompute_shared/simulation_dataset/outputs/simulated_audio_5f41f355.wav,2.8620833333333335,6.43275,1
/mnt/fscompute_shared/simulation_dataset/outputs/simulated_audio_5f41f355.wav,6.43275,10,0
/mnt/fscompute_shared/simulation_dataset/outputs/simulated_audio_ef975c32.wav,0,4.3946875,0
/mnt/fscompute_shared/simulation_dataset/outputs/simulated_audio_ef975c32.wav,4.3946875,4.525354166666666,1
/mnt/fscompute_shared/simulation_dataset/outputs/simulated_audio_ef975c32.wav,4.525354166666666,10,0
/mnt/fscompute_shared/simulation_dataset/outputs/simulated_audio_5608dbbf.wav,0,3.6945208333333333,0
/mnt/fscompute_shared/simulation_dataset/outputs/simulated_audio_5608dbbf.wav,3.6945208333333333,3.7451875,1
/mnt/fscompute_shared/simulation_dataset/outputs/simulated_audio_5608dbbf.wav,3.7451875,10,0
/mnt/fscompute_shared/simulation_dataset/outputs/simulated_audio_65531873.wav,0,5.376875,0
/mnt/fscompute_shared/simulation_dataset/outputs/simulated_audio_65531873.wav,5.376875,5.728875,1
/mnt/fscompute_shared/simulation_dataset/outputs/simulated_audio_65531873.wav,5.728875,10,0
/mnt/fscompute_shared/simulation_dataset/outputs/simulated_audio_0417b8d9.wav,0,7.750541666666667,0
/mnt/fscompute_shared/simulation_dataset/outputs/simulated_audio_0417b8d9.wav,7.750541666666667,8.451875,1
/mnt/fscompute_shared/simulation_dataset/outputs/simulated_audio_c1ef7a4b.wav,0,6.4743125,0
/mnt/fscompute_shared/simulation_dataset/outputs/simulated_audio_c1ef7a4b.wav,6.4743125,7.324979166666667,1
/mnt/fscompute_shared/simulation_dataset/outputs/simulated_audio_f32611bc.wav,0,2.6539583333333336,0
/mnt/fscompute_shared/simulation_dataset/outputs/simulated_audio_f32611bc.wav,2.6539583333333336,2.699291666666667,1
/mnt/fscompute_shared/simulation_dataset/outputs/simulated_audio_f32611bc.wav,2.699291666666667,10,0
/mnt/fscompute_shared/simulation_dataset/outputs/simulated_audio_09c7188a.wav,0,4.42,0
/mnt/fscompute_shared/simulation_dataset/outputs/simulated_audio_09c7188a.wav,4.42,4.838666666666667,1
/mnt/fscompute_shared/simulation_dataset/outputs/simulated_audio_09c7188a.wav,4.838666666666667,10,0
/mnt/fscompute_shared/simulation_dataset/outputs/simulated_audio_4af6fa20.wav,0,4.567166666666667,0
/mnt/fscompute_shared/simulation_dataset/outputs/simulated_audio_4af6fa20.wav,4.567166666666667,8.231166666666667,1
/mnt/fscompute_shared/simulation_dataset/outputs/simulated_audio_892a31cd.wav,0,5.455291666666667,0
/mnt/fscompute_shared/simulation_dataset/outputs/simulated_audio_892a31cd.wav,5.455291666666667,5.473958333333333,1
/mnt/fscompute_shared/simulation_dataset/outputs/simulated_audio_892a31cd.wav,5.473958333333333,10,0
/mnt/fscompute_shared/simulation_dataset/outputs/simulated_audio_8da397e8.wav,0,3.3170625,0
/mnt/fscompute_shared/simulation_dataset/outputs/simulated_audio_8da397e8.wav,3.3170625,7.1410625,1
/mnt/fscompute_shared/simulation_dataset/outputs/simulated_audio_ab4336f5.wav,0,2.3412708333333336,0
/mnt/fscompute_shared/simulation_dataset/outputs/simulated_audio_ab4336f5.wav,2.3412708333333336,2.4399375,1
/mnt/fscompute_shared/simulation_dataset/outputs/simulated_audio_ab4336f5.wav,2.4399375,10,0
/mnt/fscompute_shared/simulation_dataset/outputs/simulated_audio_ac036196.wav,1.6530833333333335,3.7757500000000004,1
/mnt/fscompute_shared/simulation_dataset/outputs/simulated_audio_ac036196.wav,3.7757500000000004,10,0
/mnt/fscompute_shared/simulation_dataset/outputs/simulated_audio_030be496.wav,0,4.306666666666667,0
/mnt/fscompute_shared/simulation_dataset/outputs/simulated_audio_030be496.wav,4.306666666666667,4.437333333333333,1
/mnt/fscompute_shared/simulation_dataset/outputs/simulated_audio_030be496.wav,4.437333333333333,10,0
/mnt/fscompute_shared/simulation_dataset/outputs/simulated_audio_f0c86b94.wav,0,2.005625,0
/mnt/fscompute_shared/simulation_dataset/outputs/simulated_audio_f0c86b94.wav,2.005625,2.781625,1
/mnt/fscompute_shared/simulation_dataset/outputs/simulated_audio_f0c86b94.wav,2.781625,10,0
/mnt/fscompute_shared/simulation_dataset/outputs/simulated_audio_187d30ed.wav,0,6.902645833333334,0
/mnt/fscompute_shared/simulation_dataset/outputs/simulated_audio_187d30ed.wav,6.902645833333334,6.9213125,1
/mnt/fscompute_shared/simulation_dataset/outputs/simulated_audio_187d30ed.wav,6.9213125,10,0
/mnt/fscompute_shared/simulation_dataset/outputs/simulated_audio_7a2a772d.wav,0,4.9613125,0
/mnt/fscompute_shared/simulation_dataset/outputs/simulated_audio_7a2a772d.wav,4.9613125,5.307979166666667,1
/mnt/fscompute_shared/simulation_dataset/outputs/simulated_audio_7a2a772d.wav,5.307979166666667,10,0
/mnt/fscompute_shared/simulation_dataset/outputs/simulated_audio_f5b01df4.wav,0,7.460979166666666,0
/mnt/fscompute_shared/simulation_dataset/outputs/simulated_audio_f5b01df4.wav,7.460979166666666,7.879645833333333,1
/mnt/fscompute_shared/simulation_dataset/outputs/simulated_audio_640eaf69.wav,1.1518541666666666,1.1971875,1
/mnt/fscompute_shared/simulation_dataset/outputs/simulated_audio_640eaf69.wav,1.1971875,10,0
/mnt/fscompute_shared/simulation_dataset/outputs/simulated_audio_1d2653c4.wav,1.7091875,5.3731875,1
/mnt/fscompute_shared/simulation_dataset/outputs/simulated_audio_1d2653c4.wav,5.3731875,10,0
/mnt/fscompute_shared/simulation_dataset/outputs/simulated_audio_883f8e80.wav,0,5.6477916666666665,0
/mnt/fscompute_shared/simulation_dataset/outputs/simulated_audio_883f8e80.wav,5.6477916666666665,5.775791666666667,1
/mnt/fscompute_shared/simulation_dataset/outputs/simulated_audio_883f8e80.wav,5.775791666666667,10,0
/mnt/fscompute_shared/simulation_dataset/outputs/simulated_audio_34cd2c20.wav,1.8299375,5.3179375,1
/mnt/fscompute_shared/simulation_dataset/outputs/simulated_audio_34cd2c20.wav,5.3179375,10,0
/mnt/fscompute_shared/simulation_dataset/outputs/simulated_audio_5ff9495d.wav,0,6.5305625,0
/mnt/fscompute_shared/simulation_dataset/outputs/simulated_audio_5ff9495d.wav,6.5305625,6.575895833333333,1
/mnt/fscompute_shared/simulation_dataset/outputs/simulated_audio_5ff9495d.wav,6.575895833333333,10,0
/mnt/fscompute_shared/simulation_dataset/outputs/simulated_audio_a5641ef9.wav,0,6.210166666666667,0
/mnt/fscompute_shared/simulation_dataset/outputs/simulated_audio_a5641ef9.wav,6.210166666666667,6.5088333333333335,1
/mnt/fscompute_shared/simulation_dataset/outputs/simulated_audio_a5641ef9.wav,6.5088333333333335,10,0
/mnt/fscompute_shared/simulation_dataset/outputs/simulated_audio_dc5da397.wav,0,7.204958333333333,0
/mnt/fscompute_shared/simulation_dataset/outputs/simulated_audio_dc5da397.wav,7.204958333333333,7.506291666666666,1
/mnt/fscompute_shared/simulation_dataset/outputs/simulated_audio_ac56c113.wav,1.2848333333333333,5.930166666666667,1
/mnt/fscompute_shared/simulation_dataset/outputs/simulated_audio_ac56c113.wav,5.930166666666667,10,0
/mnt/fscompute_shared/simulation_dataset/outputs/simulated_audio_a88b53e1.wav,0,5.812145833333333,0
/mnt/fscompute_shared/simulation_dataset/outputs/simulated_audio_a88b53e1.wav,5.812145833333333,5.8468125,1
/mnt/fscompute_shared/simulation_dataset/outputs/simulated_audio_a88b53e1.wav,5.8468125,10,0
/mnt/fscompute_shared/simulation_dataset/outputs/simulated_audio_104b5be8.wav,0,5.049145833333333,0
/mnt/fscompute_shared/simulation_dataset/outputs/simulated_audio_104b5be8.wav,5.049145833333333,5.0758125,1
/mnt/fscompute_shared/simulation_dataset/outputs/simulated_audio_104b5be8.wav,5.0758125,10,0
/mnt/fscompute_shared/simulation_dataset/outputs/simulated_audio_ba2c964a.wav,0,4.47875,0
/mnt/fscompute_shared/simulation_dataset/outputs/simulated_audio_ba2c964a.wav,4.47875,5.220083333333333,1
/mnt/fscompute_shared/simulation_dataset/outputs/simulated_audio_ba2c964a.wav,5.220083333333333,10,0
/mnt/fscompute_shared/simulation_dataset/outputs/simulated_audio_c994d863.wav,1.5765,4.923166666666667,1
/mnt/fscompute_shared/simulation_dataset/outputs/simulated_audio_c994d863.wav,4.923166666666667,10,0
/mnt/fscompute_shared/simulation_dataset/outputs/simulated_audio_0f08c7b3.wav,0,8.558479166666666,0
/mnt/fscompute_shared/simulation_dataset/outputs/simulated_audio_0f08c7b3.wav,8.558479166666666,8.9878125,1
/mnt/fscompute_shared/simulation_dataset/outputs/simulated_audio_b2788b82.wav,0,5.257916666666667,0
/mnt/fscompute_shared/simulation_dataset/outputs/simulated_audio_b2788b82.wav,5.257916666666667,5.305916666666667,1
/mnt/fscompute_shared/simulation_dataset/outputs/simulated_audio_b2788b82.wav,5.305916666666667,10,0
/mnt/fscompute_shared/simulation_dataset/outputs/simulated_audio_c361a523.wav,1.1837083333333334,1.6610416666666667,1
/mnt/fscompute_shared/simulation_dataset/outputs/simulated_audio_c361a523.wav,1.6610416666666667,10,0
/mnt/fscompute_shared/simulation_dataset/outputs/simulated_audio_829dde98.wav,1.8513541666666666,3.1420208333333335,1
/mnt/fscompute_shared/simulation_dataset/outputs/simulated_audio_829dde98.wav,3.1420208333333335,10,0
/mnt/fscompute_shared/simulation_dataset/outputs/simulated_audio_314c48a9.wav,0,4.142458333333334,0
/mnt/fscompute_shared/simulation_dataset/outputs/simulated_audio_314c48a9.wav,4.142458333333334,7.630458333333333,1
/mnt/fscompute_shared/simulation_dataset/outputs/simulated_audio_a503643b.wav,0,3.1109375,0
/mnt/fscompute_shared/simulation_dataset/outputs/simulated_audio_a503643b.wav,3.1109375,6.356270833333333,1
/mnt/fscompute_shared/simulation_dataset/outputs/simulated_audio_a503643b.wav,6.356270833333333,10,0
/mnt/fscompute_shared/simulation_dataset/outputs/simulated_audio_fba324c6.wav,0,7.2091875,0
/mnt/fscompute_shared/simulation_dataset/outputs/simulated_audio_fba324c6.wav,7.2091875,7.243854166666667,1
/mnt/fscompute_shared/simulation_dataset/outputs/simulated_audio_db47930a.wav,0,3.0370416666666666,0
/mnt/fscompute_shared/simulation_dataset/outputs/simulated_audio_db47930a.wav,3.0370416666666666,7.186375,1
/mnt/fscompute_shared/simulation_dataset/outputs/simulated_audio_4a9da0c7.wav,0,4.671708333333333,0
/mnt/fscompute_shared/simulation_dataset/outputs/simulated_audio_4a9da0c7.wav,4.671708333333333,7.605041666666667,1
/mnt/fscompute_shared/simulation_dataset/outputs/simulated_audio_86098014.wav,0,3.897125,0
/mnt/fscompute_shared/simulation_dataset/outputs/simulated_audio_86098014.wav,3.897125,3.9717916666666664,1
/mnt/fscompute_shared/simulation_dataset/outputs/simulated_audio_86098014.wav,3.9717916666666664,10,0
/mnt/fscompute_shared/simulation_dataset/outputs/simulated_audio_39cb8acd.wav,0,2.3821458333333334,0
/mnt/fscompute_shared/simulation_dataset/outputs/simulated_audio_39cb8acd.wav,2.3821458333333334,2.4221458333333334,1
/mnt/fscompute_shared/simulation_dataset/outputs/simulated_audio_39cb8acd.wav,2.4221458333333334,10,0
/mnt/fscompute_shared/simulation_dataset/outputs/simulated_audio_e958e133.wav,0,4.1740208333333335,0
/mnt/fscompute_shared/simulation_dataset/outputs/simulated_audio_e958e133.wav,4.1740208333333335,5.195354166666666,1
/mnt/fscompute_shared/simulation_dataset/outputs/simulated_audio_e958e133.wav,5.195354166666666,10,0
/mnt/fscompute_shared/simulation_dataset/outputs/simulated_audio_013c2307.wav,0,5.186541666666667,0
/mnt/fscompute_shared/simulation_dataset/outputs/simulated_audio_013c2307.wav,5.186541666666667,5.314541666666667,1
/mnt/fscompute_shared/simulation_dataset/outputs/simulated_audio_013c2307.wav,5.314541666666667,10,0
/mnt/fscompute_shared/simulation_dataset/outputs/simulated_audio_e1a958cd.wav,1.5513958333333333,1.9993958333333333,1
/mnt/fscompute_shared/simulation_dataset/outputs/simulated_audio_e1a958cd.wav,1.9993958333333333,10,0
/mnt/fscompute_shared/simulation_dataset/outputs/simulated_audio_d1d01bc1.wav,0,2.39275,0
/mnt/fscompute_shared/simulation_dataset/outputs/simulated_audio_d1d01bc1.wav,2.39275,3.683416666666667,1
/mnt/fscompute_shared/simulation_dataset/outputs/simulated_audio_d1d01bc1.wav,3.683416666666667,10,0
/mnt/fscompute_shared/simulation_dataset/outputs/simulated_audio_24952941.wav,0,7.951895833333333,0
/mnt/fscompute_shared/simulation_dataset/outputs/simulated_audio_24952941.wav,7.951895833333333,8.0025625,1
/mnt/fscompute_shared/simulation_dataset/outputs/simulated_audio_3314de21.wav,0,2.4208125000000003,0
/mnt/fscompute_shared/simulation_dataset/outputs/simulated_audio_3314de21.wav,2.4208125000000003,5.767479166666667,1
/mnt/fscompute_shared/simulation_dataset/outputs/simulated_audio_3314de21.wav,5.767479166666667,10,0
/mnt/fscompute_shared/simulation_dataset/outputs/simulated_audio_e29382d3.wav,0,5.105145833333333,0
/mnt/fscompute_shared/simulation_dataset/outputs/simulated_audio_e29382d3.wav,5.105145833333333,5.3158125,1
/mnt/fscompute_shared/simulation_dataset/outputs/simulated_audio_e29382d3.wav,5.3158125,10,0
/mnt/fscompute_shared/simulation_dataset/outputs/simulated_audio_4c21f086.wav,0,6.451583333333334,0
/mnt/fscompute_shared/simulation_dataset/outputs/simulated_audio_4c21f086.wav,6.451583333333334,6.51025,1
/mnt/fscompute_shared/simulation_dataset/outputs/simulated_audio_4c21f086.wav,6.51025,10,0
/mnt/fscompute_shared/simulation_dataset/outputs/simulated_audio_add9dada.wav,0,5.883020833333333,0
/mnt/fscompute_shared/simulation_dataset/outputs/simulated_audio_add9dada.wav,5.883020833333333,6.2056875,1
/mnt/fscompute_shared/simulation_dataset/outputs/simulated_audio_add9dada.wav,6.2056875,10,0
/mnt/fscompute_shared/simulation_dataset/outputs/simulated_audio_234cedd8.wav,1.8962708333333333,2.2189375,1
/mnt/fscompute_shared/simulation_dataset/outputs/simulated_audio_234cedd8.wav,2.2189375,10,0
/mnt/fscompute_shared/simulation_dataset/outputs/simulated_audio_9c0ba427.wav,0,2.139125,0
/mnt/fscompute_shared/simulation_dataset/outputs/simulated_audio_9c0ba427.wav,2.139125,2.176458333333333,1
/mnt/fscompute_shared/simulation_dataset/outputs/simulated_audio_9c0ba427.wav,2.176458333333333,10,0
/mnt/fscompute_shared/simulation_dataset/outputs/simulated_audio_31c1db5e.wav,0,7.606208333333333,0
/mnt/fscompute_shared/simulation_dataset/outputs/simulated_audio_31c1db5e.wav,7.606208333333333,7.622208333333333,1
/mnt/fscompute_shared/simulation_dataset/outputs/simulated_audio_af6b6a09.wav,0,6.007541666666667,0
/mnt/fscompute_shared/simulation_dataset/outputs/simulated_audio_af6b6a09.wav,6.007541666666667,6.900875,1
/mnt/fscompute_shared/simulation_dataset/outputs/simulated_audio_af6b6a09.wav,6.900875,10,0
/mnt/fscompute_shared/simulation_dataset/outputs/simulated_audio_79f14e7a.wav,0,5.570791666666667,0
/mnt/fscompute_shared/simulation_dataset/outputs/simulated_audio_79f14e7a.wav,5.570791666666667,5.744125,1
/mnt/fscompute_shared/simulation_dataset/outputs/simulated_audio_79f14e7a.wav,5.744125,10,0
/mnt/fscompute_shared/simulation_dataset/outputs/simulated_audio_4eae2212.wav,0,8.304124999999999,0
/mnt/fscompute_shared/simulation_dataset/outputs/simulated_audio_4eae2212.wav,8.304124999999999,8.362791666666666,1
/mnt/fscompute_shared/simulation_dataset/outputs/simulated_audio_56ee0b9f.wav,0,2.739583333333333,0
/mnt/fscompute_shared/simulation_dataset/outputs/simulated_audio_56ee0b9f.wav,2.739583333333333,2.8249166666666667,1
/mnt/fscompute_shared/simulation_dataset/outputs/simulated_audio_56ee0b9f.wav,2.8249166666666667,10,0
/mnt/fscompute_shared/simulation_dataset/outputs/simulated_audio_5f9460cc.wav,0,4.1982083333333335,0
/mnt/fscompute_shared/simulation_dataset/outputs/simulated_audio_5f9460cc.wav,4.1982083333333335,4.355541666666666,1
/mnt/fscompute_shared/simulation_dataset/outputs/simulated_audio_5f9460cc.wav,4.355541666666666,10,0
/mnt/fscompute_shared/simulation_dataset/outputs/simulated_audio_9ce208bf.wav,1.1933333333333334,1.2093333333333334,1
/mnt/fscompute_shared/simulation_dataset/outputs/simulated_audio_9ce208bf.wav,1.2093333333333334,10,0
/mnt/fscompute_shared/simulation_dataset/outputs/simulated_audio_75795572.wav,0,4.578625000000001,0
/mnt/fscompute_shared/simulation_dataset/outputs/simulated_audio_75795572.wav,4.578625000000001,4.770625,1
/mnt/fscompute_shared/simulation_dataset/outputs/simulated_audio_75795572.wav,4.770625,10,0
/mnt/fscompute_shared/simulation_dataset/outputs/simulated_audio_976db2a3.wav,0,2.2798333333333334,0
/mnt/fscompute_shared/simulation_dataset/outputs/simulated_audio_976db2a3.wav,2.2798333333333334,2.7518333333333334,1
/mnt/fscompute_shared/simulation_dataset/outputs/simulated_audio_976db2a3.wav,2.7518333333333334,10,0
/mnt/fscompute_shared/simulation_dataset/outputs/simulated_audio_55d8f336.wav,0,5.669416666666667,0
/mnt/fscompute_shared/simulation_dataset/outputs/simulated_audio_55d8f336.wav,5.669416666666667,5.725416666666667,1
/mnt/fscompute_shared/simulation_dataset/outputs/simulated_audio_55d8f336.wav,5.725416666666667,10,0
/mnt/fscompute_shared/simulation_dataset/outputs/simulated_audio_7eed224e.wav,0,8.422125000000001,0
/mnt/fscompute_shared/simulation_dataset/outputs/simulated_audio_7eed224e.wav,8.422125000000001,8.568791666666666,1
/mnt/fscompute_shared/simulation_dataset/outputs/simulated_audio_045cb84e.wav,0,2.2811666666666666,0
/mnt/fscompute_shared/simulation_dataset/outputs/simulated_audio_045cb84e.wav,2.2811666666666666,5.945166666666666,1
/mnt/fscompute_shared/simulation_dataset/outputs/simulated_audio_045cb84e.wav,5.945166666666666,10,0
/mnt/fscompute_shared/simulation_dataset/outputs/simulated_audio_050f815a.wav,0,7.81875,0
/mnt/fscompute_shared/simulation_dataset/outputs/simulated_audio_050f815a.wav,7.81875,7.917416666666666,1
/mnt/fscompute_shared/simulation_dataset/outputs/simulated_audio_fb17231d.wav,0,2.7331041666666667,0
/mnt/fscompute_shared/simulation_dataset/outputs/simulated_audio_fb17231d.wav,2.7331041666666667,3.1811041666666666,1
/mnt/fscompute_shared/simulation_dataset/outputs/simulated_audio_fb17231d.wav,3.1811041666666666,10,0
/mnt/fscompute_shared/simulation_dataset/outputs/simulated_audio_5dca23e6.wav,1.5897083333333333,5.739041666666667,1
/mnt/fscompute_shared/simulation_dataset/outputs/simulated_audio_5dca23e6.wav,5.739041666666667,10,0
/mnt/fscompute_shared/simulation_dataset/outputs/simulated_audio_c7a6699b.wav,0,5.5074375,0
/mnt/fscompute_shared/simulation_dataset/outputs/simulated_audio_c7a6699b.wav,5.5074375,7.478104166666666,1
/mnt/fscompute_shared/simulation_dataset/outputs/simulated_audio_6d81486a.wav,1.1730625,1.5197291666666666,1
/mnt/fscompute_shared/simulation_dataset/outputs/simulated_audio_6d81486a.wav,1.5197291666666666,10,0
/mnt/fscompute_shared/simulation_dataset/outputs/simulated_audio_ca368ad1.wav,0,7.416458333333333,0
/mnt/fscompute_shared/simulation_dataset/outputs/simulated_audio_ca368ad1.wav,7.416458333333333,7.480458333333333,1
/mnt/fscompute_shared/simulation_dataset/outputs/simulated_audio_6fd70224.wav,0,7.351979166666666,0
/mnt/fscompute_shared/simulation_dataset/outputs/simulated_audio_6fd70224.wav,7.351979166666666,7.562645833333333,1
/mnt/fscompute_shared/simulation_dataset/outputs/simulated_audio_dbcf53ca.wav,0,7.649291666666667,0
/mnt/fscompute_shared/simulation_dataset/outputs/simulated_audio_dbcf53ca.wav,7.649291666666667,7.822625,1
/mnt/fscompute_shared/simulation_dataset/outputs/simulated_audio_5e1096cf.wav,0,4.104666666666667,0
/mnt/fscompute_shared/simulation_dataset/outputs/simulated_audio_5e1096cf.wav,4.104666666666667,4.15,1
/mnt/fscompute_shared/simulation_dataset/outputs/simulated_audio_5e1096cf.wav,4.15,10,0
/mnt/fscompute_shared/simulation_dataset/outputs/simulated_audio_28493145.wav,0,5.7571666666666665,0
/mnt/fscompute_shared/simulation_dataset/outputs/simulated_audio_28493145.wav,5.7571666666666665,5.9225,1
/mnt/fscompute_shared/simulation_dataset/outputs/simulated_audio_28493145.wav,5.9225,10,0
/mnt/fscompute_shared/simulation_dataset/outputs/simulated_audio_69a99d60.wav,1.2972916666666667,1.3319583333333331,1
/mnt/fscompute_shared/simulation_dataset/outputs/simulated_audio_69a99d60.wav,1.3319583333333331,10,0
/mnt/fscompute_shared/simulation_dataset/outputs/simulated_audio_296a07b5.wav,0,8.4389375,0
/mnt/fscompute_shared/simulation_dataset/outputs/simulated_audio_296a07b5.wav,8.4389375,8.481604166666667,1
/mnt/fscompute_shared/simulation_dataset/outputs/simulated_audio_394b7f35.wav,0,5.303229166666667,0
/mnt/fscompute_shared/simulation_dataset/outputs/simulated_audio_394b7f35.wav,5.303229166666667,5.9005625,1
/mnt/fscompute_shared/simulation_dataset/outputs/simulated_audio_394b7f35.wav,5.9005625,10,0
/mnt/fscompute_shared/simulation_dataset/outputs/simulated_audio_159b3861.wav,0,3.141020833333333,0
/mnt/fscompute_shared/simulation_dataset/outputs/simulated_audio_159b3861.wav,3.141020833333333,3.205020833333333,1
/mnt/fscompute_shared/simulation_dataset/outputs/simulated_audio_159b3861.wav,3.205020833333333,10,0
/mnt/fscompute_shared/simulation_dataset/outputs/simulated_audio_5f6fadbb.wav,0,6.2164375,0
/mnt/fscompute_shared/simulation_dataset/outputs/simulated_audio_5f6fadbb.wav,6.2164375,8.187104166666666,1
/mnt/fscompute_shared/simulation_dataset/outputs/simulated_audio_1fc3732b.wav,0,2.1157916666666665,0
/mnt/fscompute_shared/simulation_dataset/outputs/simulated_audio_1fc3732b.wav,2.1157916666666665,5.462458333333333,1
/mnt/fscompute_shared/simulation_dataset/outputs/simulated_audio_1fc3732b.wav,5.462458333333333,10,0
/mnt/fscompute_shared/simulation_dataset/outputs/simulated_audio_6b08e9b1.wav,1.4249791666666667,1.9023124999999999,1
/mnt/fscompute_shared/simulation_dataset/outputs/simulated_audio_6b08e9b1.wav,1.9023124999999999,10,0
/mnt/fscompute_shared/simulation_dataset/outputs/simulated_audio_9b70f340.wav,0,2.143791666666667,0
/mnt/fscompute_shared/simulation_dataset/outputs/simulated_audio_9b70f340.wav,2.143791666666667,2.2717916666666667,1
/mnt/fscompute_shared/simulation_dataset/outputs/simulated_audio_9b70f340.wav,2.2717916666666667,10,0
/mnt/fscompute_shared/simulation_dataset/outputs/simulated_audio_d5b1afd9.wav,0,3.9960625,0
/mnt/fscompute_shared/simulation_dataset/outputs/simulated_audio_d5b1afd9.wav,3.9960625,4.1240625,1
/mnt/fscompute_shared/simulation_dataset/outputs/simulated_audio_d5b1afd9.wav,4.1240625,10,0
/mnt/fscompute_shared/simulation_dataset/outputs/simulated_audio_67a22bec.wav,0,6.4015,0
/mnt/fscompute_shared/simulation_dataset/outputs/simulated_audio_67a22bec.wav,6.4015,6.5935,1
/mnt/fscompute_shared/simulation_dataset/outputs/simulated_audio_67a22bec.wav,6.5935,10,0
/mnt/fscompute_shared/simulation_dataset/outputs/simulated_audio_1092addf.wav,0,5.8088125,0
/mnt/fscompute_shared/simulation_dataset/outputs/simulated_audio_1092addf.wav,5.8088125,5.854145833333333,1
/mnt/fscompute_shared/simulation_dataset/outputs/simulated_audio_1092addf.wav,5.854145833333333,10,0
/mnt/fscompute_shared/simulation_dataset/outputs/simulated_audio_f08a357e.wav,0,6.8285833333333334,0
/mnt/fscompute_shared/simulation_dataset/outputs/simulated_audio_f08a357e.wav,6.8285833333333334,7.087249999999999,1
/mnt/fscompute_shared/simulation_dataset/outputs/simulated_audio_97b153f9.wav,0,4.183770833333334,0
/mnt/fscompute_shared/simulation_dataset/outputs/simulated_audio_97b153f9.wav,4.183770833333334,4.223770833333333,1
/mnt/fscompute_shared/simulation_dataset/outputs/simulated_audio_97b153f9.wav,4.223770833333333,10,0
/mnt/fscompute_shared/simulation_dataset/outputs/simulated_audio_ef6b8e9d.wav,0,7.572041666666666,0
/mnt/fscompute_shared/simulation_dataset/outputs/simulated_audio_ef6b8e9d.wav,7.572041666666666,7.8600416666666675,1
/mnt/fscompute_shared/simulation_dataset/outputs/simulated_audio_f451d4c8.wav,0,3.0520625,0
/mnt/fscompute_shared/simulation_dataset/outputs/simulated_audio_f451d4c8.wav,3.0520625,3.710729166666667,1
/mnt/fscompute_shared/simulation_dataset/outputs/simulated_audio_f451d4c8.wav,3.710729166666667,10,0
/mnt/fscompute_shared/simulation_dataset/outputs/simulated_audio_74d7bc71.wav,0,2.3996874999999998,0
/mnt/fscompute_shared/simulation_dataset/outputs/simulated_audio_74d7bc71.wav,2.3996874999999998,6.530354166666666,1
/mnt/fscompute_shared/simulation_dataset/outputs/simulated_audio_74d7bc71.wav,6.530354166666666,10,0
/mnt/fscompute_shared/simulation_dataset/outputs/simulated_audio_f5b35117.wav,0,4.951979166666667,0
/mnt/fscompute_shared/simulation_dataset/outputs/simulated_audio_f5b35117.wav,4.951979166666667,5.2053125,1
/mnt/fscompute_shared/simulation_dataset/outputs/simulated_audio_f5b35117.wav,5.2053125,10,0
/mnt/fscompute_shared/simulation_dataset/outputs/simulated_audio_495974d7.wav,0,2.6944166666666667,0
/mnt/fscompute_shared/simulation_dataset/outputs/simulated_audio_495974d7.wav,2.6944166666666667,2.9424166666666665,1
/mnt/fscompute_shared/simulation_dataset/outputs/simulated_audio_495974d7.wav,2.9424166666666665,10,0
/mnt/fscompute_shared/simulation_dataset/outputs/simulated_audio_52c2cbe7.wav,1.3379791666666667,1.4366458333333334,1
/mnt/fscompute_shared/simulation_dataset/outputs/simulated_audio_52c2cbe7.wav,1.4366458333333334,10,0
/mnt/fscompute_shared/simulation_dataset/outputs/simulated_audio_85702f76.wav,0,4.902166666666666,0
/mnt/fscompute_shared/simulation_dataset/outputs/simulated_audio_85702f76.wav,4.902166666666666,5.3795,1
/mnt/fscompute_shared/simulation_dataset/outputs/simulated_audio_85702f76.wav,5.3795,10,0
/mnt/fscompute_shared/simulation_dataset/outputs/simulated_audio_c6c51a6d.wav,0,4.458395833333333,0
/mnt/fscompute_shared/simulation_dataset/outputs/simulated_audio_c6c51a6d.wav,4.458395833333333,4.490395833333333,1
/mnt/fscompute_shared/simulation_dataset/outputs/simulated_audio_c6c51a6d.wav,4.490395833333333,10,0
/mnt/fscompute_shared/simulation_dataset/outputs/simulated_audio_c62106d8.wav,0,6.7337291666666665,0
/mnt/fscompute_shared/simulation_dataset/outputs/simulated_audio_c62106d8.wav,6.7337291666666665,6.749729166666667,1
/mnt/fscompute_shared/simulation_dataset/outputs/simulated_audio_c62106d8.wav,6.749729166666667,10,0
/mnt/fscompute_shared/simulation_dataset/outputs/simulated_audio_085dac98.wav,0,4.634791666666667,0
/mnt/fscompute_shared/simulation_dataset/outputs/simulated_audio_085dac98.wav,4.634791666666667,4.834791666666667,1
/mnt/fscompute_shared/simulation_dataset/outputs/simulated_audio_085dac98.wav,4.834791666666667,10,0
/mnt/fscompute_shared/simulation_dataset/outputs/simulated_audio_af05624c.wav,1.1141874999999999,1.2421875,1
/mnt/fscompute_shared/simulation_dataset/outputs/simulated_audio_af05624c.wav,1.2421875,10,0
/mnt/fscompute_shared/simulation_dataset/outputs/simulated_audio_8392dde9.wav,0,6.613583333333334,0
/mnt/fscompute_shared/simulation_dataset/outputs/simulated_audio_8392dde9.wav,6.613583333333334,7.077583333333333,1
/mnt/fscompute_shared/simulation_dataset/outputs/simulated_audio_5f946dfe.wav,0,6.499645833333333,0
/mnt/fscompute_shared/simulation_dataset/outputs/simulated_audio_5f946dfe.wav,6.499645833333333,6.5343125,1
/mnt/fscompute_shared/simulation_dataset/outputs/simulated_audio_5f946dfe.wav,6.5343125,10,0
/mnt/fscompute_shared/simulation_dataset/outputs/simulated_audio_53852ffa.wav,0,4.718375,0
/mnt/fscompute_shared/simulation_dataset/outputs/simulated_audio_53852ffa.wav,4.718375,8.382375,1
/mnt/fscompute_shared/simulation_dataset/outputs/simulated_audio_41f2262c.wav,0,4.885020833333334,0
/mnt/fscompute_shared/simulation_dataset/outputs/simulated_audio_41f2262c.wav,4.885020833333334,5.1036875,1
/mnt/fscompute_shared/simulation_dataset/outputs/simulated_audio_41f2262c.wav,5.1036875,10,0
/mnt/fscompute_shared/simulation_dataset/outputs/simulated_audio_f2be4608.wav,0,2.4824166666666665,0
/mnt/fscompute_shared/simulation_dataset/outputs/simulated_audio_f2be4608.wav,2.4824166666666665,8.858416666666667,1
/mnt/fscompute_shared/simulation_dataset/outputs/simulated_audio_7c7da9b3.wav,0,2.5576041666666667,0
/mnt/fscompute_shared/simulation_dataset/outputs/simulated_audio_7c7da9b3.wav,2.5576041666666667,3.2989375,1
/mnt/fscompute_shared/simulation_dataset/outputs/simulated_audio_7c7da9b3.wav,3.2989375,10,0
/mnt/fscompute_shared/simulation_dataset/outputs/simulated_audio_0722aba9.wav,0,5.556208333333333,0
/mnt/fscompute_shared/simulation_dataset/outputs/simulated_audio_0722aba9.wav,5.556208333333333,5.713541666666667,1
/mnt/fscompute_shared/simulation_dataset/outputs/simulated_audio_0722aba9.wav,5.713541666666667,10,0
/mnt/fscompute_shared/simulation_dataset/outputs/simulated_audio_06f9bbb7.wav,0,6.587541666666667,0
/mnt/fscompute_shared/simulation_dataset/outputs/simulated_audio_06f9bbb7.wav,6.587541666666667,6.939541666666667,1
/mnt/fscompute_shared/simulation_dataset/outputs/simulated_audio_06f9bbb7.wav,6.939541666666667,10,0
/mnt/fscompute_shared/simulation_dataset/outputs/simulated_audio_99e9f12d.wav,0,2.7146458333333334,0
/mnt/fscompute_shared/simulation_dataset/outputs/simulated_audio_99e9f12d.wav,2.7146458333333334,2.8426458333333335,1
/mnt/fscompute_shared/simulation_dataset/outputs/simulated_audio_99e9f12d.wav,2.8426458333333335,10,0
/mnt/fscompute_shared/simulation_dataset/outputs/simulated_audio_9098e13a.wav,0,3.1060833333333333,0
/mnt/fscompute_shared/simulation_dataset/outputs/simulated_audio_9098e13a.wav,3.1060833333333333,3.22875,1
/mnt/fscompute_shared/simulation_dataset/outputs/simulated_audio_9098e13a.wav,3.22875,10,0
/mnt/fscompute_shared/simulation_dataset/outputs/simulated_audio_a4a8ed4b.wav,0,4.469020833333333,0
/mnt/fscompute_shared/simulation_dataset/outputs/simulated_audio_a4a8ed4b.wav,4.469020833333333,8.9756875,1
/mnt/fscompute_shared/simulation_dataset/outputs/simulated_audio_816f7fe4.wav,0,4.579666666666666,0
/mnt/fscompute_shared/simulation_dataset/outputs/simulated_audio_816f7fe4.wav,4.579666666666666,5.051666666666667,1
/mnt/fscompute_shared/simulation_dataset/outputs/simulated_audio_816f7fe4.wav,5.051666666666667,10,0
/mnt/fscompute_shared/simulation_dataset/outputs/simulated_audio_8ae48cb0.wav,0,8.529875,0
/mnt/fscompute_shared/simulation_dataset/outputs/simulated_audio_8ae48cb0.wav,8.529875,8.703208333333333,1
/mnt/fscompute_shared/simulation_dataset/outputs/simulated_audio_ac672f85.wav,0,7.234125,0
/mnt/fscompute_shared/simulation_dataset/outputs/simulated_audio_ac672f85.wav,7.234125,7.663458333333333,1
/mnt/fscompute_shared/simulation_dataset/outputs/simulated_audio_5f3aa77c.wav,0,4.859500000000001,0
/mnt/fscompute_shared/simulation_dataset/outputs/simulated_audio_5f3aa77c.wav,4.859500000000001,4.910166666666667,1
/mnt/fscompute_shared/simulation_dataset/outputs/simulated_audio_5f3aa77c.wav,4.910166666666667,10,0
/mnt/fscompute_shared/simulation_dataset/outputs/simulated_audio_8cc34abe.wav,0,2.3969375,0
/mnt/fscompute_shared/simulation_dataset/outputs/simulated_audio_8cc34abe.wav,2.3969375,2.455604166666667,1
/mnt/fscompute_shared/simulation_dataset/outputs/simulated_audio_8cc34abe.wav,2.455604166666667,10,0
/mnt/fscompute_shared/simulation_dataset/outputs/simulated_audio_5d599583.wav,1.5150416666666666,1.7470416666666666,1
/mnt/fscompute_shared/simulation_dataset/outputs/simulated_audio_5d599583.wav,1.7470416666666666,10,0
/mnt/fscompute_shared/simulation_dataset/outputs/simulated_audio_9261a5fc.wav,0,3.246020833333333,0
/mnt/fscompute_shared/simulation_dataset/outputs/simulated_audio_9261a5fc.wav,3.246020833333333,7.214020833333333,1
/mnt/fscompute_shared/simulation_dataset/outputs/simulated_audio_99c08bb9.wav,0,5.1809375,0
/mnt/fscompute_shared/simulation_dataset/outputs/simulated_audio_99c08bb9.wav,5.1809375,5.287604166666667,1
/mnt/fscompute_shared/simulation_dataset/outputs/simulated_audio_99c08bb9.wav,5.287604166666667,10,0
/mnt/fscompute_shared/simulation_dataset/outputs/simulated_audio_695efd1e.wav,0,4.057104166666667,0
/mnt/fscompute_shared/simulation_dataset/outputs/simulated_audio_695efd1e.wav,4.057104166666667,7.3024375,1
/mnt/fscompute_shared/simulation_dataset/outputs/simulated_audio_4b336f9e.wav,0,2.2802083333333334,0
/mnt/fscompute_shared/simulation_dataset/outputs/simulated_audio_4b336f9e.wav,2.2802083333333334,2.3255416666666666,1
/mnt/fscompute_shared/simulation_dataset/outputs/simulated_audio_4b336f9e.wav,2.3255416666666666,10,0
/mnt/fscompute_shared/simulation_dataset/outputs/simulated_audio_09c1d7c5.wav,0,5.4108125,0
/mnt/fscompute_shared/simulation_dataset/outputs/simulated_audio_09c1d7c5.wav,5.4108125,5.456145833333333,1
/mnt/fscompute_shared/simulation_dataset/outputs/simulated_audio_09c1d7c5.wav,5.456145833333333,10,0
/mnt/fscompute_shared/simulation_dataset/outputs/simulated_audio_579a7aed.wav,1.4142916666666667,1.4782916666666668,1
/mnt/fscompute_shared/simulation_dataset/outputs/simulated_audio_579a7aed.wav,1.4782916666666668,10,0
/mnt/fscompute_shared/simulation_dataset/outputs/simulated_audio_7774fe4f.wav,1.4271875,1.4965208333333333,1
/mnt/fscompute_shared/simulation_dataset/outputs/simulated_audio_7774fe4f.wav,1.4965208333333333,10,0
/mnt/fscompute_shared/simulation_dataset/outputs/simulated_audio_9ddff388.wav,0,7.691541666666667,0
/mnt/fscompute_shared/simulation_dataset/outputs/simulated_audio_9ddff388.wav,7.691541666666667,8.288875,1
/mnt/fscompute_shared/simulation_dataset/outputs/simulated_audio_c0836b75.wav,0,2.562708333333333,0
/mnt/fscompute_shared/simulation_dataset/outputs/simulated_audio_c0836b75.wav,2.562708333333333,2.629375,1
/mnt/fscompute_shared/simulation_dataset/outputs/simulated_audio_c0836b75.wav,2.629375,10,0
/mnt/fscompute_shared/simulation_dataset/outputs/simulated_audio_c63944d1.wav,0,3.8925625,0
/mnt/fscompute_shared/simulation_dataset/outputs/simulated_audio_c63944d1.wav,3.8925625,7.463229166666666,1
/mnt/fscompute_shared/simulation_dataset/outputs/simulated_audio_017c019d.wav,0,4.943854166666666,0
/mnt/fscompute_shared/simulation_dataset/outputs/simulated_audio_017c019d.wav,4.943854166666666,5.1171875,1
/mnt/fscompute_shared/simulation_dataset/outputs/simulated_audio_017c019d.wav,5.1171875,10,0
/mnt/fscompute_shared/simulation_dataset/outputs/simulated_audio_85173e25.wav,1.3602708333333333,1.4482708333333334,1
/mnt/fscompute_shared/simulation_dataset/outputs/simulated_audio_85173e25.wav,1.4482708333333334,10,0
/mnt/fscompute_shared/simulation_dataset/outputs/simulated_audio_3a9eea87.wav,0,8.0219375,0
/mnt/fscompute_shared/simulation_dataset/outputs/simulated_audio_3a9eea87.wav,8.0219375,8.763270833333333,1
/mnt/fscompute_shared/simulation_dataset/outputs/simulated_audio_f2e6e139.wav,0,4.521145833333334,0
/mnt/fscompute_shared/simulation_dataset/outputs/simulated_audio_f2e6e139.wav,4.521145833333334,4.769145833333333,1
/mnt/fscompute_shared/simulation_dataset/outputs/simulated_audio_f2e6e139.wav,4.769145833333333,10,0
/mnt/fscompute_shared/simulation_dataset/outputs/simulated_audio_e6152e16.wav,0,8.757208333333335,0
/mnt/fscompute_shared/simulation_dataset/outputs/simulated_audio_e6152e16.wav,8.757208333333335,8.922541666666667,1
/mnt/fscompute_shared/simulation_dataset/outputs/simulated_audio_07ee7e1b.wav,0,5.667354166666667,0
/mnt/fscompute_shared/simulation_dataset/outputs/simulated_audio_07ee7e1b.wav,5.667354166666667,7.4833541666666665,1
/mnt/fscompute_shared/simulation_dataset/outputs/simulated_audio_eaf69722.wav,0,6.960520833333334,0
/mnt/fscompute_shared/simulation_dataset/outputs/simulated_audio_eaf69722.wav,6.960520833333334,7.125854166666667,1
/mnt/fscompute_shared/simulation_dataset/outputs/simulated_audio_8a24ae29.wav,0,7.073125,0
/mnt/fscompute_shared/simulation_dataset/outputs/simulated_audio_8a24ae29.wav,7.073125,7.246458333333333,1
/mnt/fscompute_shared/simulation_dataset/outputs/simulated_audio_58985d06.wav,0,2.461520833333333,0
/mnt/fscompute_shared/simulation_dataset/outputs/simulated_audio_58985d06.wav,2.461520833333333,2.485520833333333,1
/mnt/fscompute_shared/simulation_dataset/outputs/simulated_audio_58985d06.wav,2.485520833333333,10,0
/mnt/fscompute_shared/simulation_dataset/outputs/simulated_audio_fac26817.wav,0,5.405125,0
/mnt/fscompute_shared/simulation_dataset/outputs/simulated_audio_fac26817.wav,5.405125,5.493125,1
/mnt/fscompute_shared/simulation_dataset/outputs/simulated_audio_fac26817.wav,5.493125,10,0
/mnt/fscompute_shared/simulation_dataset/outputs/simulated_audio_047cb27e.wav,0,3.3413125,0
/mnt/fscompute_shared/simulation_dataset/outputs/simulated_audio_047cb27e.wav,3.3413125,5.311979166666666,1
/mnt/fscompute_shared/simulation_dataset/outputs/simulated_audio_047cb27e.wav,5.311979166666666,10,0
/mnt/fscompute_shared/simulation_dataset/outputs/simulated_audio_c7241dfc.wav,0,4.873374999999999,0
/mnt/fscompute_shared/simulation_dataset/outputs/simulated_audio_c7241dfc.wav,4.873374999999999,8.118708333333334,1
/mnt/fscompute_shared/simulation_dataset/outputs/simulated_audio_1e974fc5.wav,0,3.7314166666666666,0
/mnt/fscompute_shared/simulation_dataset/outputs/simulated_audio_1e974fc5.wav,3.7314166666666666,3.9074166666666663,1
/mnt/fscompute_shared/simulation_dataset/outputs/simulated_audio_1e974fc5.wav,3.9074166666666663,10,0
/mnt/fscompute_shared/simulation_dataset/outputs/simulated_audio_7f719b0f.wav,0,6.046395833333333,0
/mnt/fscompute_shared/simulation_dataset/outputs/simulated_audio_7f719b0f.wav,6.046395833333333,6.246395833333334,1
/mnt/fscompute_shared/simulation_dataset/outputs/simulated_audio_7f719b0f.wav,6.246395833333334,10,0
/mnt/fscompute_shared/simulation_dataset/outputs/simulated_audio_7d54760e.wav,0,6.6250625,0
/mnt/fscompute_shared/simulation_dataset/outputs/simulated_audio_7d54760e.wav,6.6250625,6.662395833333333,1
/mnt/fscompute_shared/simulation_dataset/outputs/simulated_audio_7d54760e.wav,6.662395833333333,10,0
/mnt/fscompute_shared/simulation_dataset/outputs/simulated_audio_100f32d2.wav,0,8.539916666666667,0
/mnt/fscompute_shared/simulation_dataset/outputs/simulated_audio_100f32d2.wav,8.539916666666667,8.598583333333334,1
/mnt/fscompute_shared/simulation_dataset/outputs/simulated_audio_2f8a6ddd.wav,1.623,5.895,1
/mnt/fscompute_shared/simulation_dataset/outputs/simulated_audio_2f8a6ddd.wav,5.895,10,0
/mnt/fscompute_shared/simulation_dataset/outputs/simulated_audio_c240bc0f.wav,1.5409791666666668,1.6583125,1
/mnt/fscompute_shared/simulation_dataset/outputs/simulated_audio_c240bc0f.wav,1.6583125,10,0
/mnt/fscompute_shared/simulation_dataset/outputs/simulated_audio_10fc4265.wav,0,7.199145833333334,0
/mnt/fscompute_shared/simulation_dataset/outputs/simulated_audio_10fc4265.wav,7.199145833333334,7.647145833333333,1
/mnt/fscompute_shared/simulation_dataset/outputs/simulated_audio_2a422e70.wav,0,3.169979166666667,0
/mnt/fscompute_shared/simulation_dataset/outputs/simulated_audio_2a422e70.wav,3.169979166666667,3.2926458333333333,1
/mnt/fscompute_shared/simulation_dataset/outputs/simulated_audio_2a422e70.wav,3.2926458333333333,10,0
/mnt/fscompute_shared/simulation_dataset/outputs/simulated_audio_74b9179c.wav,0,8.5155625,0
/mnt/fscompute_shared/simulation_dataset/outputs/simulated_audio_74b9179c.wav,8.5155625,8.574229166666667,1
/mnt/fscompute_shared/simulation_dataset/outputs/simulated_audio_e2c2a66f.wav,0,5.798791666666666,0
/mnt/fscompute_shared/simulation_dataset/outputs/simulated_audio_e2c2a66f.wav,5.798791666666666,8.732125,1
/mnt/fscompute_shared/simulation_dataset/outputs/simulated_audio_5e41971c.wav,0,2.1437083333333335,0
/mnt/fscompute_shared/simulation_dataset/outputs/simulated_audio_5e41971c.wav,2.1437083333333335,3.037041666666667,1
/mnt/fscompute_shared/simulation_dataset/outputs/simulated_audio_5e41971c.wav,3.037041666666667,10,0
/mnt/fscompute_shared/simulation_dataset/outputs/simulated_audio_58c790e6.wav,0,7.549333333333333,0
/mnt/fscompute_shared/simulation_dataset/outputs/simulated_audio_58c790e6.wav,7.549333333333333,8.026666666666667,1
/mnt/fscompute_shared/simulation_dataset/outputs/simulated_audio_1a83dfe5.wav,0,5.175604166666667,0
/mnt/fscompute_shared/simulation_dataset/outputs/simulated_audio_1a83dfe5.wav,5.175604166666667,5.4049375,1
/mnt/fscompute_shared/simulation_dataset/outputs/simulated_audio_1a83dfe5.wav,5.4049375,10,0
/mnt/fscompute_shared/simulation_dataset/outputs/simulated_audio_bce07a2d.wav,1.4898333333333333,1.6098333333333334,1
/mnt/fscompute_shared/simulation_dataset/outputs/simulated_audio_bce07a2d.wav,1.6098333333333334,10,0
/mnt/fscompute_shared/simulation_dataset/outputs/simulated_audio_04efb0e2.wav,0,7.2105625,0
/mnt/fscompute_shared/simulation_dataset/outputs/simulated_audio_04efb0e2.wav,7.2105625,7.231895833333333,1
/mnt/fscompute_shared/simulation_dataset/outputs/simulated_audio_3b37c2da.wav,0,8.60575,0
/mnt/fscompute_shared/simulation_dataset/outputs/simulated_audio_3b37c2da.wav,8.60575,8.952416666666666,1
/mnt/fscompute_shared/simulation_dataset/outputs/simulated_audio_4a434510.wav,0,6.2689375,0
/mnt/fscompute_shared/simulation_dataset/outputs/simulated_audio_4a434510.wav,6.2689375,6.311604166666666,1
/mnt/fscompute_shared/simulation_dataset/outputs/simulated_audio_4a434510.wav,6.311604166666666,10,0
/mnt/fscompute_shared/simulation_dataset/outputs/simulated_audio_4705b242.wav,1.8097916666666667,1.9297916666666666,1
/mnt/fscompute_shared/simulation_dataset/outputs/simulated_audio_4705b242.wav,1.9297916666666666,10,0
/mnt/fscompute_shared/simulation_dataset/outputs/simulated_audio_1bffd402.wav,0,8.8779375,0
/mnt/fscompute_shared/simulation_dataset/outputs/simulated_audio_1bffd402.wav,8.8779375,8.944604166666666,1
/mnt/fscompute_shared/simulation_dataset/outputs/simulated_audio_7d818178.wav,0,5.7355833333333335,0
/mnt/fscompute_shared/simulation_dataset/outputs/simulated_audio_7d818178.wav,5.7355833333333335,5.764916666666666,1
/mnt/fscompute_shared/simulation_dataset/outputs/simulated_audio_7d818178.wav,5.764916666666666,10,0
/mnt/fscompute_shared/simulation_dataset/outputs/simulated_audio_4b78c598.wav,0,8.522916666666667,0
/mnt/fscompute_shared/simulation_dataset/outputs/simulated_audio_4b78c598.wav,8.522916666666667,8.821583333333333,1
/mnt/fscompute_shared/simulation_dataset/outputs/simulated_audio_67dc9184.wav,0,3.4715,0
/mnt/fscompute_shared/simulation_dataset/outputs/simulated_audio_67dc9184.wav,3.4715,6.068833333333333,1
/mnt/fscompute_shared/simulation_dataset/outputs/simulated_audio_67dc9184.wav,6.068833333333333,10,0
/mnt/fscompute_shared/simulation_dataset/outputs/simulated_audio_e2e74b5f.wav,1.1321666666666665,1.2414999999999998,1
/mnt/fscompute_shared/simulation_dataset/outputs/simulated_audio_e2e74b5f.wav,1.2414999999999998,10,0
/mnt/fscompute_shared/simulation_dataset/outputs/simulated_audio_5fc1f684.wav,0,3.2205625,0
/mnt/fscompute_shared/simulation_dataset/outputs/simulated_audio_5fc1f684.wav,3.2205625,7.1885625,1
/mnt/fscompute_shared/simulation_dataset/outputs/simulated_audio_3945a772.wav,0,7.976083333333333,0
/mnt/fscompute_shared/simulation_dataset/outputs/simulated_audio_3945a772.wav,7.976083333333333,8.05075,1
/mnt/fscompute_shared/simulation_dataset/outputs/simulated_audio_38ec1b20.wav,0,3.2493958333333333,0
/mnt/fscompute_shared/simulation_dataset/outputs/simulated_audio_38ec1b20.wav,3.2493958333333333,7.217395833333333,1
/mnt/fscompute_shared/simulation_dataset/outputs/simulated_audio_8aa29761.wav,1.9980208333333334,6.147354166666666,1
/mnt/fscompute_shared/simulation_dataset/outputs/simulated_audio_8aa29761.wav,6.147354166666666,10,0
/mnt/fscompute_shared/simulation_dataset/outputs/simulated_audio_dc64cfae.wav,0,3.4990833333333335,0
/mnt/fscompute_shared/simulation_dataset/outputs/simulated_audio_dc64cfae.wav,3.4990833333333335,3.5444166666666668,1
/mnt/fscompute_shared/simulation_dataset/outputs/simulated_audio_dc64cfae.wav,3.5444166666666668,10,0
/mnt/fscompute_shared/simulation_dataset/outputs/simulated_audio_4d749472.wav,0,6.182291666666667,0
/mnt/fscompute_shared/simulation_dataset/outputs/simulated_audio_4d749472.wav,6.182291666666667,6.840958333333333,1
/mnt/fscompute_shared/simulation_dataset/outputs/simulated_audio_4d749472.wav,6.840958333333333,10,0
/mnt/fscompute_shared/simulation_dataset/outputs/simulated_audio_18287bd0.wav,0,8.880708333333335,0
/mnt/fscompute_shared/simulation_dataset/outputs/simulated_audio_18287bd0.wav,8.880708333333335,8.939375,1
/mnt/fscompute_shared/simulation_dataset/outputs/simulated_audio_136c9f46.wav,0,2.3243333333333336,0
/mnt/fscompute_shared/simulation_dataset/outputs/simulated_audio_136c9f46.wav,2.3243333333333336,3.129666666666667,1
/mnt/fscompute_shared/simulation_dataset/outputs/simulated_audio_136c9f46.wav,3.129666666666667,10,0
/mnt/fscompute_shared/simulation_dataset/outputs/simulated_audio_3e2ed58f.wav,0,3.009333333333333,0
/mnt/fscompute_shared/simulation_dataset/outputs/simulated_audio_3e2ed58f.wav,3.009333333333333,6.833333333333333,1
/mnt/fscompute_shared/simulation_dataset/outputs/simulated_audio_3e2ed58f.wav,6.833333333333333,10,0
/mnt/fscompute_shared/simulation_dataset/outputs/simulated_audio_c71936e0.wav,0,5.409458333333333,0
/mnt/fscompute_shared/simulation_dataset/outputs/simulated_audio_c71936e0.wav,5.409458333333333,5.838791666666666,1
/mnt/fscompute_shared/simulation_dataset/outputs/simulated_audio_c71936e0.wav,5.838791666666666,10,0
/mnt/fscompute_shared/simulation_dataset/outputs/simulated_audio_09e0eb35.wav,1.3221458333333334,5.298145833333334,1
/mnt/fscompute_shared/simulation_dataset/outputs/simulated_audio_09e0eb35.wav,5.298145833333334,10,0
/mnt/fscompute_shared/simulation_dataset/outputs/simulated_audio_82d11ede.wav,0,2.1100624999999997,0
/mnt/fscompute_shared/simulation_dataset/outputs/simulated_audio_82d11ede.wav,2.1100624999999997,2.456729166666667,1
/mnt/fscompute_shared/simulation_dataset/outputs/simulated_audio_82d11ede.wav,2.456729166666667,10,0
/mnt/fscompute_shared/simulation_dataset/outputs/simulated_audio_8025021b.wav,0,5.100104166666667,0
/mnt/fscompute_shared/simulation_dataset/outputs/simulated_audio_8025021b.wav,5.100104166666667,5.172104166666666,1
/mnt/fscompute_shared/simulation_dataset/outputs/simulated_audio_8025021b.wav,5.172104166666666,10,0
/mnt/fscompute_shared/simulation_dataset/outputs/simulated_audio_ebe23c4b.wav,0,3.6667916666666667,0
/mnt/fscompute_shared/simulation_dataset/outputs/simulated_audio_ebe23c4b.wav,3.6667916666666667,6.264125,1
/mnt/fscompute_shared/simulation_dataset/outputs/simulated_audio_ebe23c4b.wav,6.264125,10,0
/mnt/fscompute_shared/simulation_dataset/outputs/simulated_audio_c238d1ca.wav,0,2.591625,0
/mnt/fscompute_shared/simulation_dataset/outputs/simulated_audio_c238d1ca.wav,2.591625,3.127625,1
/mnt/fscompute_shared/simulation_dataset/outputs/simulated_audio_c238d1ca.wav,3.127625,10,0
/mnt/fscompute_shared/simulation_dataset/outputs/simulated_audio_08a5210d.wav,0,7.356041666666667,0
/mnt/fscompute_shared/simulation_dataset/outputs/simulated_audio_08a5210d.wav,7.356041666666667,7.417375,1
/mnt/fscompute_shared/simulation_dataset/outputs/simulated_audio_595b58a3.wav,0,7.88475,0
/mnt/fscompute_shared/simulation_dataset/outputs/simulated_audio_595b58a3.wav,7.88475,8.354083333333334,1
/mnt/fscompute_shared/simulation_dataset/outputs/simulated_audio_08355139.wav,0,6.054166666666666,0
/mnt/fscompute_shared/simulation_dataset/outputs/simulated_audio_08355139.wav,6.054166666666666,6.7955,1
/mnt/fscompute_shared/simulation_dataset/outputs/simulated_audio_08355139.wav,6.7955,10,0
/mnt/fscompute_shared/simulation_dataset/outputs/simulated_audio_5582cedc.wav,0,4.841104166666667,0
/mnt/fscompute_shared/simulation_dataset/outputs/simulated_audio_5582cedc.wav,4.841104166666667,5.017104166666667,1
/mnt/fscompute_shared/simulation_dataset/outputs/simulated_audio_5582cedc.wav,5.017104166666667,10,0
/mnt/fscompute_shared/simulation_dataset/outputs/simulated_audio_f651218b.wav,0,4.4314583333333335,0
/mnt/fscompute_shared/simulation_dataset/outputs/simulated_audio_f651218b.wav,4.4314583333333335,4.4874583333333335,1
/mnt/fscompute_shared/simulation_dataset/outputs/simulated_audio_f651218b.wav,4.4874583333333335,10,0
/mnt/fscompute_shared/simulation_dataset/outputs/simulated_audio_1e49064e.wav,0,8.511833333333334,0
/mnt/fscompute_shared/simulation_dataset/outputs/simulated_audio_1e49064e.wav,8.511833333333334,8.989166666666666,1
/mnt/fscompute_shared/simulation_dataset/outputs/simulated_audio_9ee997ad.wav,0,3.5952291666666665,0
/mnt/fscompute_shared/simulation_dataset/outputs/simulated_audio_9ee997ad.wav,3.5952291666666665,3.7018958333333334,1
/mnt/fscompute_shared/simulation_dataset/outputs/simulated_audio_9ee997ad.wav,3.7018958333333334,10,0
/mnt/fscompute_shared/simulation_dataset/outputs/simulated_audio_8dad69d8.wav,0,2.5661875,0
/mnt/fscompute_shared/simulation_dataset/outputs/simulated_audio_8dad69d8.wav,2.5661875,2.6968541666666668,1
/mnt/fscompute_shared/simulation_dataset/outputs/simulated_audio_8dad69d8.wav,2.6968541666666668,10,0
/mnt/fscompute_shared/simulation_dataset/outputs/simulated_audio_81c0ac99.wav,0,5.232958333333333,0
/mnt/fscompute_shared/simulation_dataset/outputs/simulated_audio_81c0ac99.wav,5.232958333333333,5.256958333333333,1
/mnt/fscompute_shared/simulation_dataset/outputs/simulated_audio_81c0ac99.wav,5.256958333333333,10,0
/mnt/fscompute_shared/simulation_dataset/outputs/simulated_audio_10db55f8.wav,0,3.5885,0
/mnt/fscompute_shared/simulation_dataset/outputs/simulated_audio_10db55f8.wav,3.5885,4.833833333333334,1
/mnt/fscompute_shared/simulation_dataset/outputs/simulated_audio_10db55f8.wav,4.833833333333334,10,0
/mnt/fscompute_shared/simulation_dataset/outputs/simulated_audio_e03039ef.wav,1.7267083333333333,4.972041666666667,1
/mnt/fscompute_shared/simulation_dataset/outputs/simulated_audio_e03039ef.wav,4.972041666666667,10,0
/mnt/fscompute_shared/simulation_dataset/outputs/simulated_audio_d1d9485f.wav,0,3.4614583333333333,0
/mnt/fscompute_shared/simulation_dataset/outputs/simulated_audio_d1d9485f.wav,3.4614583333333333,3.589458333333333,1
/mnt/fscompute_shared/simulation_dataset/outputs/simulated_audio_d1d9485f.wav,3.589458333333333,10,0
/mnt/fscompute_shared/simulation_dataset/outputs/simulated_audio_22f76970.wav,0,3.7147916666666667,0
/mnt/fscompute_shared/simulation_dataset/outputs/simulated_audio_22f76970.wav,3.7147916666666667,3.7601250000000004,1
/mnt/fscompute_shared/simulation_dataset/outputs/simulated_audio_22f76970.wav,3.7601250000000004,10,0
/mnt/fscompute_shared/simulation_dataset/outputs/simulated_audio_b43f7996.wav,0,3.4429166666666666,0
/mnt/fscompute_shared/simulation_dataset/outputs/simulated_audio_b43f7996.wav,3.4429166666666666,3.5655833333333335,1
/mnt/fscompute_shared/simulation_dataset/outputs/simulated_audio_b43f7996.wav,3.5655833333333335,10,0
/mnt/fscompute_shared/simulation_dataset/outputs/simulated_audio_2f24202f.wav,0,4.826874999999999,0
/mnt/fscompute_shared/simulation_dataset/outputs/simulated_audio_2f24202f.wav,4.826874999999999,4.954875,1
/mnt/fscompute_shared/simulation_dataset/outputs/simulated_audio_2f24202f.wav,4.954875,10,0
/mnt/fscompute_shared/simulation_dataset/outputs/simulated_audio_4a70c60e.wav,0,3.6813333333333333,0
/mnt/fscompute_shared/simulation_dataset/outputs/simulated_audio_4a70c60e.wav,3.6813333333333333,4.02,1
/mnt/fscompute_shared/simulation_dataset/outputs/simulated_audio_4a70c60e.wav,4.02,10,0
/mnt/fscompute_shared/simulation_dataset/outputs/simulated_audio_998e2188.wav,0,4.0605416666666665,0
/mnt/fscompute_shared/simulation_dataset/outputs/simulated_audio_998e2188.wav,4.0605416666666665,4.119208333333333,1
/mnt/fscompute_shared/simulation_dataset/outputs/simulated_audio_998e2188.wav,4.119208333333333,10,0
/mnt/fscompute_shared/simulation_dataset/outputs/simulated_audio_b1d744e4.wav,0,6.7461875,0
/mnt/fscompute_shared/simulation_dataset/outputs/simulated_audio_b1d744e4.wav,6.7461875,6.8101875,1
/mnt/fscompute_shared/simulation_dataset/outputs/simulated_audio_b1d744e4.wav,6.8101875,10,0
/mnt/fscompute_shared/simulation_dataset/outputs/simulated_audio_f17961da.wav,0,8.444041666666667,0
/mnt/fscompute_shared/simulation_dataset/outputs/simulated_audio_f17961da.wav,8.444041666666667,8.510708333333334,1
/mnt/fscompute_shared/simulation_dataset/outputs/simulated_audio_3ac4d657.wav,0,4.678895833333334,0
/mnt/fscompute_shared/simulation_dataset/outputs/simulated_audio_3ac4d657.wav,4.678895833333334,4.718895833333334,1
/mnt/fscompute_shared/simulation_dataset/outputs/simulated_audio_3ac4d657.wav,4.718895833333334,10,0
/mnt/fscompute_shared/simulation_dataset/outputs/simulated_audio_315f4126.wav,0,2.1979791666666664,0
/mnt/fscompute_shared/simulation_dataset/outputs/simulated_audio_315f4126.wav,2.1979791666666664,2.2433125,1
/mnt/fscompute_shared/simulation_dataset/outputs/simulated_audio_315f4126.wav,2.2433125,10,0
/mnt/fscompute_shared/simulation_dataset/outputs/simulated_audio_8828d30b.wav,0,3.0808958333333334,0
/mnt/fscompute_shared/simulation_dataset/outputs/simulated_audio_8828d30b.wav,3.0808958333333334,6.8675625,1
/mnt/fscompute_shared/simulation_dataset/outputs/simulated_audio_8828d30b.wav,6.8675625,10,0
/mnt/fscompute_shared/simulation_dataset/outputs/simulated_audio_f7ac3050.wav,0,6.3238125,0
/mnt/fscompute_shared/simulation_dataset/outputs/simulated_audio_f7ac3050.wav,6.3238125,6.3558125,1
/mnt/fscompute_shared/simulation_dataset/outputs/simulated_audio_f7ac3050.wav,6.3558125,10,0
/mnt/fscompute_shared/simulation_dataset/outputs/simulated_audio_f8b6dcce.wav,0,3.970458333333333,0
/mnt/fscompute_shared/simulation_dataset/outputs/simulated_audio_f8b6dcce.wav,3.970458333333333,4.029125,1
/mnt/fscompute_shared/simulation_dataset/outputs/simulated_audio_f8b6dcce.wav,4.029125,10,0
/mnt/fscompute_shared/simulation_dataset/outputs/simulated_audio_a02b7cad.wav,0,7.7519583333333335,0
/mnt/fscompute_shared/simulation_dataset/outputs/simulated_audio_a02b7cad.wav,7.7519583333333335,8.138625,1
/mnt/fscompute_shared/simulation_dataset/outputs/simulated_audio_13ad6fe7.wav,1.7496874999999998,1.8696875,1
/mnt/fscompute_shared/simulation_dataset/outputs/simulated_audio_13ad6fe7.wav,1.8696875,10,0
/mnt/fscompute_shared/simulation_dataset/outputs/simulated_audio_b9d1d8b9.wav,0,8.382145833333333,0
/mnt/fscompute_shared/simulation_dataset/outputs/simulated_audio_b9d1d8b9.wav,8.382145833333333,8.454145833333333,1
/mnt/fscompute_shared/simulation_dataset/outputs/simulated_audio_57d91920.wav,0,3.6270625,0
/mnt/fscompute_shared/simulation_dataset/outputs/simulated_audio_57d91920.wav,3.6270625,3.6510625,1
/mnt/fscompute_shared/simulation_dataset/outputs/simulated_audio_57d91920.wav,3.6510625,10,0
/mnt/fscompute_shared/simulation_dataset/outputs/simulated_audio_8d4b9d29.wav,0,2.6546458333333334,0
/mnt/fscompute_shared/simulation_dataset/outputs/simulated_audio_8d4b9d29.wav,2.6546458333333334,3.214645833333333,1
/mnt/fscompute_shared/simulation_dataset/outputs/simulated_audio_8d4b9d29.wav,3.214645833333333,10,0
/mnt/fscompute_shared/simulation_dataset/outputs/simulated_audio_9fc17880.wav,0,5.5750416666666665,0
/mnt/fscompute_shared/simulation_dataset/outputs/simulated_audio_9fc17880.wav,5.5750416666666665,5.721708333333333,1
/mnt/fscompute_shared/simulation_dataset/outputs/simulated_audio_9fc17880.wav,5.721708333333333,10,0
/mnt/fscompute_shared/simulation_dataset/outputs/simulated_audio_2081867e.wav,0,5.9173125,0
/mnt/fscompute_shared/simulation_dataset/outputs/simulated_audio_2081867e.wav,5.9173125,6.938645833333333,1
/mnt/fscompute_shared/simulation_dataset/outputs/simulated_audio_2081867e.wav,6.938645833333333,10,0
/mnt/fscompute_shared/simulation_dataset/outputs/simulated_audio_db3127bd.wav,0,5.029458333333333,0
/mnt/fscompute_shared/simulation_dataset/outputs/simulated_audio_db3127bd.wav,5.029458333333333,5.093458333333333,1
/mnt/fscompute_shared/simulation_dataset/outputs/simulated_audio_db3127bd.wav,5.093458333333333,10,0
/mnt/fscompute_shared/simulation_dataset/outputs/simulated_audio_0f8d00a4.wav,0,6.9288541666666665,0
/mnt/fscompute_shared/simulation_dataset/outputs/simulated_audio_0f8d00a4.wav,6.9288541666666665,7.734187500000001,1
/mnt/fscompute_shared/simulation_dataset/outputs/simulated_audio_0398fda5.wav,0,4.265854166666667,0
/mnt/fscompute_shared/simulation_dataset/outputs/simulated_audio_0398fda5.wav,4.265854166666667,4.2951875,1
/mnt/fscompute_shared/simulation_dataset/outputs/simulated_audio_0398fda5.wav,4.2951875,10,0
/mnt/fscompute_shared/simulation_dataset/outputs/simulated_audio_6eac5d94.wav,0,4.7638541666666665,0
/mnt/fscompute_shared/simulation_dataset/outputs/simulated_audio_6eac5d94.wav,4.7638541666666665,8.411854166666666,1
/mnt/fscompute_shared/simulation_dataset/outputs/simulated_audio_315a7b16.wav,0,7.5003125,0
/mnt/fscompute_shared/simulation_dataset/outputs/simulated_audio_315a7b16.wav,7.5003125,7.8523125,1
/mnt/fscompute_shared/simulation_dataset/outputs/simulated_audio_3b1ec786.wav,0,7.021333333333334,0
/mnt/fscompute_shared/simulation_dataset/outputs/simulated_audio_3b1ec786.wav,7.021333333333334,7.16,1
/mnt/fscompute_shared/simulation_dataset/outputs/simulated_audio_af134617.wav,0,8.134708333333332,0
/mnt/fscompute_shared/simulation_dataset/outputs/simulated_audio_af134617.wav,8.134708333333332,8.364041666666667,1
/mnt/fscompute_shared/simulation_dataset/outputs/simulated_audio_ae497a54.wav,0,5.822979166666666,0
/mnt/fscompute_shared/simulation_dataset/outputs/simulated_audio_ae497a54.wav,5.822979166666666,5.969645833333334,1
/mnt/fscompute_shared/simulation_dataset/outputs/simulated_audio_ae497a54.wav,5.969645833333334,10,0
/mnt/fscompute_shared/simulation_dataset/outputs/simulated_audio_403213cb.wav,0,4.276770833333334,0
/mnt/fscompute_shared/simulation_dataset/outputs/simulated_audio_403213cb.wav,4.276770833333334,8.426104166666667,1
/mnt/fscompute_shared/simulation_dataset/outputs/simulated_audio_50bead04.wav,0,3.5605625,0
/mnt/fscompute_shared/simulation_dataset/outputs/simulated_audio_50bead04.wav,3.5605625,3.579229166666667,1
/mnt/fscompute_shared/simulation_dataset/outputs/simulated_audio_50bead04.wav,3.579229166666667,10,0
/mnt/fscompute_shared/simulation_dataset/outputs/simulated_audio_e1e5ac29.wav,0,4.960312500000001,0
/mnt/fscompute_shared/simulation_dataset/outputs/simulated_audio_e1e5ac29.wav,4.960312500000001,5.106979166666667,1
/mnt/fscompute_shared/simulation_dataset/outputs/simulated_audio_e1e5ac29.wav,5.106979166666667,10,0
/mnt/fscompute_shared/simulation_dataset/outputs/simulated_audio_1578988c.wav,0,6.7843333333333335,0
/mnt/fscompute_shared/simulation_dataset/outputs/simulated_audio_1578988c.wav,6.7843333333333335,7.677666666666667,1
/mnt/fscompute_shared/simulation_dataset/outputs/simulated_audio_923d509e.wav,1.9178333333333333,1.9365,1
/mnt/fscompute_shared/simulation_dataset/outputs/simulated_audio_923d509e.wav,1.9365,10,0
/mnt/fscompute_shared/simulation_dataset/outputs/simulated_audio_db5609cf.wav,0,7.5187083333333335,0
/mnt/fscompute_shared/simulation_dataset/outputs/simulated_audio_db5609cf.wav,7.5187083333333335,7.948041666666667,1
/mnt/fscompute_shared/simulation_dataset/outputs/simulated_audio_62839101.wav,0,4.708145833333333,0
/mnt/fscompute_shared/simulation_dataset/outputs/simulated_audio_62839101.wav,4.708145833333333,5.0548125,1
/mnt/fscompute_shared/simulation_dataset/outputs/simulated_audio_62839101.wav,5.0548125,10,0
/mnt/fscompute_shared/simulation_dataset/outputs/simulated_audio_092d64b2.wav,1.3205833333333334,1.6592500000000001,1
/mnt/fscompute_shared/simulation_dataset/outputs/simulated_audio_092d64b2.wav,1.6592500000000001,10,0
/mnt/fscompute_shared/simulation_dataset/outputs/simulated_audio_7743e8f3.wav,0,2.8855833333333334,0
/mnt/fscompute_shared/simulation_dataset/outputs/simulated_audio_7743e8f3.wav,2.8855833333333334,2.9309166666666666,1
/mnt/fscompute_shared/simulation_dataset/outputs/simulated_audio_7743e8f3.wav,2.9309166666666666,10,0
/mnt/fscompute_shared/simulation_dataset/outputs/simulated_audio_f4276e80.wav,0,5.4958125,0
/mnt/fscompute_shared/simulation_dataset/outputs/simulated_audio_f4276e80.wav,5.4958125,8.861145833333333,1
/mnt/fscompute_shared/simulation_dataset/outputs/simulated_audio_a3c44c4a.wav,1.9568958333333333,2.4288958333333333,1
/mnt/fscompute_shared/simulation_dataset/outputs/simulated_audio_a3c44c4a.wav,2.4288958333333333,10,0
/mnt/fscompute_shared/simulation_dataset/outputs/simulated_audio_65b7d63f.wav,0,7.663,0
/mnt/fscompute_shared/simulation_dataset/outputs/simulated_audio_65b7d63f.wav,7.663,7.721666666666666,1
/mnt/fscompute_shared/simulation_dataset/outputs/simulated_audio_7611d984.wav,0,7.425645833333333,0
/mnt/fscompute_shared/simulation_dataset/outputs/simulated_audio_7611d984.wav,7.425645833333333,7.4523125,1
/mnt/fscompute_shared/simulation_dataset/outputs/simulated_audio_d7bc4f76.wav,0,2.9658541666666665,0
/mnt/fscompute_shared/simulation_dataset/outputs/simulated_audio_d7bc4f76.wav,2.9658541666666665,3.8591875,1
/mnt/fscompute_shared/simulation_dataset/outputs/simulated_audio_d7bc4f76.wav,3.8591875,10,0
/mnt/fscompute_shared/simulation_dataset/outputs/simulated_audio_3f3c9cf8.wav,0,3.2053125,0
/mnt/fscompute_shared/simulation_dataset/outputs/simulated_audio_3f3c9cf8.wav,3.2053125,3.2586458333333335,1
/mnt/fscompute_shared/simulation_dataset/outputs/simulated_audio_3f3c9cf8.wav,3.2586458333333335,10,0
/mnt/fscompute_shared/simulation_dataset/outputs/simulated_audio_3b14002e.wav,0,2.8479375,0
/mnt/fscompute_shared/simulation_dataset/outputs/simulated_audio_3b14002e.wav,2.8479375,2.906604166666667,1
/mnt/fscompute_shared/simulation_dataset/outputs/simulated_audio_3b14002e.wav,2.906604166666667,10,0
/mnt/fscompute_shared/simulation_dataset/outputs/simulated_audio_37f8a911.wav,0,3.476729166666667,0
/mnt/fscompute_shared/simulation_dataset/outputs/simulated_audio_37f8a911.wav,3.476729166666667,3.9487291666666664,1
/mnt/fscompute_shared/simulation_dataset/outputs/simulated_audio_37f8a911.wav,3.9487291666666664,10,0
/mnt/fscompute_shared/simulation_dataset/outputs/simulated_audio_1e07d292.wav,0,5.312645833333334,0
/mnt/fscompute_shared/simulation_dataset/outputs/simulated_audio_1e07d292.wav,5.312645833333334,5.5073125,1
/mnt/fscompute_shared/simulation_dataset/outputs/simulated_audio_1e07d292.wav,5.5073125,10,0
/mnt/fscompute_shared/simulation_dataset/outputs/simulated_audio_110cfc3a.wav,0,2.7419374999999997,0
/mnt/fscompute_shared/simulation_dataset/outputs/simulated_audio_110cfc3a.wav,2.7419374999999997,6.528604166666667,1
/mnt/fscompute_shared/simulation_dataset/outputs/simulated_audio_110cfc3a.wav,6.528604166666667,10,0
/mnt/fscompute_shared/simulation_dataset/outputs/simulated_audio_ebcea2a4.wav,1.9825208333333333,2.0278541666666667,1
/mnt/fscompute_shared/simulation_dataset/outputs/simulated_audio_ebcea2a4.wav,2.0278541666666667,10,0
/mnt/fscompute_shared/simulation_dataset/outputs/simulated_audio_cbb532d5.wav,1.5207708333333332,1.5394375,1
/mnt/fscompute_shared/simulation_dataset/outputs/simulated_audio_cbb532d5.wav,1.5394375,10,0
/mnt/fscompute_shared/simulation_dataset/outputs/simulated_audio_bf91f431.wav,0,4.783729166666667,0
/mnt/fscompute_shared/simulation_dataset/outputs/simulated_audio_bf91f431.wav,4.783729166666667,5.2610625,1
/mnt/fscompute_shared/simulation_dataset/outputs/simulated_audio_bf91f431.wav,5.2610625,10,0
/mnt/fscompute_shared/simulation_dataset/outputs/simulated_audio_8e0b7832.wav,0,5.142270833333333,0
/mnt/fscompute_shared/simulation_dataset/outputs/simulated_audio_8e0b7832.wav,5.142270833333333,6.035604166666666,1
/mnt/fscompute_shared/simulation_dataset/outputs/simulated_audio_8e0b7832.wav,6.035604166666666,10,0
/mnt/fscompute_shared/simulation_dataset/outputs/simulated_audio_1f8095a8.wav,1.72375,5.854416666666666,1
/mnt/fscompute_shared/simulation_dataset/outputs/simulated_audio_1f8095a8.wav,5.854416666666666,10,0
/mnt/fscompute_shared/simulation_dataset/outputs/simulated_audio_21a7fedf.wav,1.3723958333333333,1.4363958333333335,1
/mnt/fscompute_shared/simulation_dataset/outputs/simulated_audio_21a7fedf.wav,1.4363958333333335,10,0
/mnt/fscompute_shared/simulation_dataset/outputs/simulated_audio_3d1eda38.wav,0,7.129145833333333,0
/mnt/fscompute_shared/simulation_dataset/outputs/simulated_audio_3d1eda38.wav,7.129145833333333,7.2571458333333325,1
/mnt/fscompute_shared/simulation_dataset/outputs/simulated_audio_3087ba96.wav,0,4.376666666666667,0
/mnt/fscompute_shared/simulation_dataset/outputs/simulated_audio_3087ba96.wav,4.376666666666667,4.552666666666667,1
/mnt/fscompute_shared/simulation_dataset/outputs/simulated_audio_3087ba96.wav,4.552666666666667,10,0
/mnt/fscompute_shared/simulation_dataset/outputs/simulated_audio_3752c81d.wav,0,7.316375,0
/mnt/fscompute_shared/simulation_dataset/outputs/simulated_audio_3752c81d.wav,7.316375,7.812374999999999,1
/mnt/fscompute_shared/simulation_dataset/outputs/simulated_audio_adcd827c.wav,1.5915,1.6661666666666668,1
/mnt/fscompute_shared/simulation_dataset/outputs/simulated_audio_adcd827c.wav,1.6661666666666668,10,0
/mnt/fscompute_shared/simulation_dataset/outputs/simulated_audio_2a38364b.wav,0,2.5312916666666667,0
/mnt/fscompute_shared/simulation_dataset/outputs/simulated_audio_2a38364b.wav,2.5312916666666667,2.723291666666667,1
/mnt/fscompute_shared/simulation_dataset/outputs/simulated_audio_2a38364b.wav,2.723291666666667,10,0
/mnt/fscompute_shared/simulation_dataset/outputs/simulated_audio_1d451115.wav,0,3.8949583333333333,0
/mnt/fscompute_shared/simulation_dataset/outputs/simulated_audio_1d451115.wav,3.8949583333333333,3.940291666666667,1
/mnt/fscompute_shared/simulation_dataset/outputs/simulated_audio_1d451115.wav,3.940291666666667,10,0
/mnt/fscompute_shared/simulation_dataset/outputs/simulated_audio_e8aa4cc0.wav,0,4.5949583333333335,0
/mnt/fscompute_shared/simulation_dataset/outputs/simulated_audio_e8aa4cc0.wav,4.5949583333333335,4.709625,1
/mnt/fscompute_shared/simulation_dataset/outputs/simulated_audio_e8aa4cc0.wav,4.709625,10,0
/mnt/fscompute_shared/simulation_dataset/outputs/simulated_audio_4bf553ad.wav,0,5.790979166666666,0
/mnt/fscompute_shared/simulation_dataset/outputs/simulated_audio_4bf553ad.wav,5.790979166666666,5.889645833333334,1
/mnt/fscompute_shared/simulation_dataset/outputs/simulated_audio_4bf553ad.wav,5.889645833333334,10,0
/mnt/fscompute_shared/simulation_dataset/outputs/simulated_audio_28782000.wav,0,4.710125,0
/mnt/fscompute_shared/simulation_dataset/outputs/simulated_audio_28782000.wav,4.710125,4.784791666666667,1
/mnt/fscompute_shared/simulation_dataset/outputs/simulated_audio_28782000.wav,4.784791666666667,10,0
/mnt/fscompute_shared/simulation_dataset/outputs/simulated_audio_7544e3b3.wav,1.0222083333333334,4.998208333333333,1
/mnt/fscompute_shared/simulation_dataset/outputs/simulated_audio_7544e3b3.wav,4.998208333333333,10,0
/mnt/fscompute_shared/simulation_dataset/outputs/simulated_audio_ad35939c.wav,0,7.774229166666666,0
/mnt/fscompute_shared/simulation_dataset/outputs/simulated_audio_ad35939c.wav,7.774229166666666,7.958229166666667,1
/mnt/fscompute_shared/simulation_dataset/outputs/simulated_audio_89139d81.wav,0,6.360375,0
/mnt/fscompute_shared/simulation_dataset/outputs/simulated_audio_89139d81.wav,6.360375,6.517708333333333,1
/mnt/fscompute_shared/simulation_dataset/outputs/simulated_audio_89139d81.wav,6.517708333333333,10,0
/mnt/fscompute_shared/simulation_dataset/outputs/simulated_audio_f8d7192c.wav,0,2.2962708333333333,0
/mnt/fscompute_shared/simulation_dataset/outputs/simulated_audio_f8d7192c.wav,2.2962708333333333,2.5229375,1
/mnt/fscompute_shared/simulation_dataset/outputs/simulated_audio_f8d7192c.wav,2.5229375,10,0
/mnt/fscompute_shared/simulation_dataset/outputs/simulated_audio_e5d7826b.wav,0,3.7992291666666667,0
/mnt/fscompute_shared/simulation_dataset/outputs/simulated_audio_e5d7826b.wav,3.7992291666666667,3.873895833333333,1
/mnt/fscompute_shared/simulation_dataset/outputs/simulated_audio_e5d7826b.wav,3.873895833333333,10,0
/mnt/fscompute_shared/simulation_dataset/outputs/simulated_audio_2e09b6d2.wav,0,8.542979166666667,0
/mnt/fscompute_shared/simulation_dataset/outputs/simulated_audio_2e09b6d2.wav,8.542979166666667,8.5883125,1
/mnt/fscompute_shared/simulation_dataset/outputs/simulated_audio_08113a69.wav,0,7.550104166666666,0
/mnt/fscompute_shared/simulation_dataset/outputs/simulated_audio_08113a69.wav,7.550104166666666,7.648770833333334,1
/mnt/fscompute_shared/simulation_dataset/outputs/simulated_audio_935b5905.wav,0,6.019,0
/mnt/fscompute_shared/simulation_dataset/outputs/simulated_audio_935b5905.wav,6.019,6.083,1
/mnt/fscompute_shared/simulation_dataset/outputs/simulated_audio_935b5905.wav,6.083,10,0
/mnt/fscompute_shared/simulation_dataset/outputs/simulated_audio_0c7688cf.wav,0,8.40225,0
/mnt/fscompute_shared/simulation_dataset/outputs/simulated_audio_0c7688cf.wav,8.40225,8.455583333333333,1
/mnt/fscompute_shared/simulation_dataset/outputs/simulated_audio_87dc450b.wav,0,2.1503541666666663,0
/mnt/fscompute_shared/simulation_dataset/outputs/simulated_audio_87dc450b.wav,2.1503541666666663,3.0223541666666662,1
/mnt/fscompute_shared/simulation_dataset/outputs/simulated_audio_87dc450b.wav,3.0223541666666662,10,0
/mnt/fscompute_shared/simulation_dataset/outputs/simulated_audio_1c217c6b.wav,0,3.7384791666666666,0
/mnt/fscompute_shared/simulation_dataset/outputs/simulated_audio_1c217c6b.wav,3.7384791666666666,3.7838125,1
/mnt/fscompute_shared/simulation_dataset/outputs/simulated_audio_1c217c6b.wav,3.7838125,10,0
/mnt/fscompute_shared/simulation_dataset/outputs/simulated_audio_3b5bb1e0.wav,0,8.419,0
/mnt/fscompute_shared/simulation_dataset/outputs/simulated_audio_3b5bb1e0.wav,8.419,8.459,1
/mnt/fscompute_shared/simulation_dataset/outputs/simulated_audio_1172218b.wav,0,6.844479166666667,0
/mnt/fscompute_shared/simulation_dataset/outputs/simulated_audio_1172218b.wav,6.844479166666667,6.940479166666667,1
/mnt/fscompute_shared/simulation_dataset/outputs/simulated_audio_1172218b.wav,6.940479166666667,10,0
/mnt/fscompute_shared/simulation_dataset/outputs/simulated_audio_cd42a3a2.wav,0,2.126708333333333,0
/mnt/fscompute_shared/simulation_dataset/outputs/simulated_audio_cd42a3a2.wav,2.126708333333333,5.153375,1
/mnt/fscompute_shared/simulation_dataset/outputs/simulated_audio_cd42a3a2.wav,5.153375,10,0
/mnt/fscompute_shared/simulation_dataset/outputs/simulated_audio_23e40ffa.wav,0,5.775916666666666,0
/mnt/fscompute_shared/simulation_dataset/outputs/simulated_audio_23e40ffa.wav,5.775916666666666,7.746583333333334,1
/mnt/fscompute_shared/simulation_dataset/outputs/simulated_audio_5f22337b.wav,0,6.729020833333333,0
/mnt/fscompute_shared/simulation_dataset/outputs/simulated_audio_5f22337b.wav,6.729020833333333,6.793020833333333,1
/mnt/fscompute_shared/simulation_dataset/outputs/simulated_audio_5f22337b.wav,6.793020833333333,10,0
/mnt/fscompute_shared/simulation_dataset/outputs/simulated_audio_a3ac6a5e.wav,1.2605625,1.3218958333333335,1
/mnt/fscompute_shared/simulation_dataset/outputs/simulated_audio_a3ac6a5e.wav,1.3218958333333335,10,0
/mnt/fscompute_shared/simulation_dataset/outputs/simulated_audio_53546d91.wav,1.0517708333333333,1.4997708333333333,1
/mnt/fscompute_shared/simulation_dataset/outputs/simulated_audio_53546d91.wav,1.4997708333333333,10,0
/mnt/fscompute_shared/simulation_dataset/outputs/simulated_audio_56d681d9.wav,0,6.076375,0
/mnt/fscompute_shared/simulation_dataset/outputs/simulated_audio_56d681d9.wav,6.076375,6.121708333333333,1
/mnt/fscompute_shared/simulation_dataset/outputs/simulated_audio_56d681d9.wav,6.121708333333333,10,0
/mnt/fscompute_shared/simulation_dataset/outputs/simulated_audio_33c86ca2.wav,1.5548333333333333,1.7201666666666666,1
/mnt/fscompute_shared/simulation_dataset/outputs/simulated_audio_33c86ca2.wav,1.7201666666666666,10,0
/mnt/fscompute_shared/simulation_dataset/outputs/simulated_audio_9928a9a4.wav,1.8987291666666666,2.3760625,1
/mnt/fscompute_shared/simulation_dataset/outputs/simulated_audio_9928a9a4.wav,2.3760625,10,0
/mnt/fscompute_shared/simulation_dataset/outputs/simulated_audio_3e1ca040.wav,0,8.688833333333333,0
/mnt/fscompute_shared/simulation_dataset/outputs/simulated_audio_3e1ca040.wav,8.688833333333333,8.734166666666667,1
/mnt/fscompute_shared/simulation_dataset/outputs/simulated_audio_7de1865b.wav,0,5.093791666666666,0
/mnt/fscompute_shared/simulation_dataset/outputs/simulated_audio_7de1865b.wav,5.093791666666666,5.152458333333334,1
/mnt/fscompute_shared/simulation_dataset/outputs/simulated_audio_7de1865b.wav,5.152458333333334,10,0
/mnt/fscompute_shared/simulation_dataset/outputs/simulated_audio_950e741d.wav,1.3087916666666666,2.330125,1
/mnt/fscompute_shared/simulation_dataset/outputs/simulated_audio_950e741d.wav,2.330125,10,0
/mnt/fscompute_shared/simulation_dataset/outputs/simulated_audio_19139d2a.wav,0,7.930916666666667,0
/mnt/fscompute_shared/simulation_dataset/outputs/simulated_audio_19139d2a.wav,7.930916666666667,8.034916666666666,1
/mnt/fscompute_shared/simulation_dataset/outputs/simulated_audio_1dfe94df.wav,0,3.4846458333333334,0
/mnt/fscompute_shared/simulation_dataset/outputs/simulated_audio_1dfe94df.wav,3.4846458333333334,3.5113125,1
/mnt/fscompute_shared/simulation_dataset/outputs/simulated_audio_1dfe94df.wav,3.5113125,10,0
/mnt/fscompute_shared/simulation_dataset/outputs/simulated_audio_6bf2208b.wav,0,4.709479166666666,0
/mnt/fscompute_shared/simulation_dataset/outputs/simulated_audio_6bf2208b.wav,4.709479166666666,8.981479166666666,1
/mnt/fscompute_shared/simulation_dataset/outputs/simulated_audio_11f3cf99.wav,1.0389375,1.2042708333333332,1
/mnt/fscompute_shared/simulation_dataset/outputs/simulated_audio_11f3cf99.wav,1.2042708333333332,10,0
/mnt/fscompute_shared/simulation_dataset/outputs/simulated_audio_ea2e2ccc.wav,1.5646666666666667,1.6099999999999999,1
/mnt/fscompute_shared/simulation_dataset/outputs/simulated_audio_ea2e2ccc.wav,1.6099999999999999,10,0
/mnt/fscompute_shared/simulation_dataset/outputs/simulated_audio_d28ea5f9.wav,1.4155833333333334,1.4395833333333332,1
/mnt/fscompute_shared/simulation_dataset/outputs/simulated_audio_d28ea5f9.wav,1.4395833333333332,10,0
/mnt/fscompute_shared/simulation_dataset/outputs/simulated_audio_37b1a109.wav,0,5.106270833333333,0
/mnt/fscompute_shared/simulation_dataset/outputs/simulated_audio_37b1a109.wav,5.106270833333333,5.138270833333333,1
/mnt/fscompute_shared/simulation_dataset/outputs/simulated_audio_37b1a109.wav,5.138270833333333,10,0
/mnt/fscompute_shared/simulation_dataset/outputs/simulated_audio_6d67209a.wav,0,4.573625,0
/mnt/fscompute_shared/simulation_dataset/outputs/simulated_audio_6d67209a.wav,4.573625,5.002958333333333,1
/mnt/fscompute_shared/simulation_dataset/outputs/simulated_audio_6d67209a.wav,5.002958333333333,10,0
/mnt/fscompute_shared/simulation_dataset/outputs/simulated_audio_6b7b8766.wav,0,2.5430208333333333,0
/mnt/fscompute_shared/simulation_dataset/outputs/simulated_audio_6b7b8766.wav,2.5430208333333333,3.2843541666666667,1
/mnt/fscompute_shared/simulation_dataset/outputs/simulated_audio_6b7b8766.wav,3.2843541666666667,10,0
/mnt/fscompute_shared/simulation_dataset/outputs/simulated_audio_0b8716ae.wav,0,6.6246875,0
/mnt/fscompute_shared/simulation_dataset/outputs/simulated_audio_0b8716ae.wav,6.6246875,7.088687500000001,1
/mnt/fscompute_shared/simulation_dataset/outputs/simulated_audio_0cb34c4e.wav,0,2.4905,0
/mnt/fscompute_shared/simulation_dataset/outputs/simulated_audio_0cb34c4e.wav,2.4905,2.8771666666666667,1
/mnt/fscompute_shared/simulation_dataset/outputs/simulated_audio_0cb34c4e.wav,2.8771666666666667,10,0
/mnt/fscompute_shared/simulation_dataset/outputs/simulated_audio_845b0c0c.wav,0,2.1339791666666668,0
/mnt/fscompute_shared/simulation_dataset/outputs/simulated_audio_845b0c0c.wav,2.1339791666666668,8.509979166666668,1
/mnt/fscompute_shared/simulation_dataset/outputs/simulated_audio_9b092170.wav,0,8.4865625,0
/mnt/fscompute_shared/simulation_dataset/outputs/simulated_audio_9b092170.wav,8.4865625,8.5665625,1
/mnt/fscompute_shared/simulation_dataset/outputs/simulated_audio_57b35e6f.wav,0,4.775520833333333,0
/mnt/fscompute_shared/simulation_dataset/outputs/simulated_audio_57b35e6f.wav,4.775520833333333,4.804854166666667,1
/mnt/fscompute_shared/simulation_dataset/outputs/simulated_audio_57b35e6f.wav,4.804854166666667,10,0
/mnt/fscompute_shared/simulation_dataset/outputs/simulated_audio_d8243259.wav,0,4.550541666666667,0
/mnt/fscompute_shared/simulation_dataset/outputs/simulated_audio_d8243259.wav,4.550541666666667,4.593208333333333,1
/mnt/fscompute_shared/simulation_dataset/outputs/simulated_audio_d8243259.wav,4.593208333333333,10,0
/mnt/fscompute_shared/simulation_dataset/outputs/simulated_audio_9b83ceb0.wav,0,2.3419791666666665,0
/mnt/fscompute_shared/simulation_dataset/outputs/simulated_audio_9b83ceb0.wav,2.3419791666666665,2.4166458333333334,1
/mnt/fscompute_shared/simulation_dataset/outputs/simulated_audio_9b83ceb0.wav,2.4166458333333334,10,0
/mnt/fscompute_shared/simulation_dataset/outputs/simulated_audio_fd64ba47.wav,0,8.085729166666667,0
/mnt/fscompute_shared/simulation_dataset/outputs/simulated_audio_fd64ba47.wav,8.085729166666667,8.117729166666667,1
/mnt/fscompute_shared/simulation_dataset/outputs/simulated_audio_bb4d7497.wav,0,5.931875,0
/mnt/fscompute_shared/simulation_dataset/outputs/simulated_audio_bb4d7497.wav,5.931875,8.865208333333333,1
/mnt/fscompute_shared/simulation_dataset/outputs/simulated_audio_45ff4cf7.wav,1.7381250000000001,2.9727916666666667,1
/mnt/fscompute_shared/simulation_dataset/outputs/simulated_audio_45ff4cf7.wav,2.9727916666666667,10,0
/mnt/fscompute_shared/simulation_dataset/outputs/simulated_audio_27a83f03.wav,0,4.6944791666666665,0
/mnt/fscompute_shared/simulation_dataset/outputs/simulated_audio_27a83f03.wav,4.6944791666666665,5.5878125,1
/mnt/fscompute_shared/simulation_dataset/outputs/simulated_audio_27a83f03.wav,5.5878125,10,0
/mnt/fscompute_shared/simulation_dataset/outputs/simulated_audio_6b008859.wav,0,5.7727916666666665,0
/mnt/fscompute_shared/simulation_dataset/outputs/simulated_audio_6b008859.wav,5.7727916666666665,5.938125,1
/mnt/fscompute_shared/simulation_dataset/outputs/simulated_audio_6b008859.wav,5.938125,10,0
/mnt/fscompute_shared/simulation_dataset/outputs/simulated_audio_73c35a1e.wav,0,4.269895833333333,0
/mnt/fscompute_shared/simulation_dataset/outputs/simulated_audio_73c35a1e.wav,4.269895833333333,4.379229166666667,1
/mnt/fscompute_shared/simulation_dataset/outputs/simulated_audio_73c35a1e.wav,4.379229166666667,10,0
/mnt/fscompute_shared/simulation_dataset/outputs/simulated_audio_8a1d1513.wav,0,2.5287083333333333,0
/mnt/fscompute_shared/simulation_dataset/outputs/simulated_audio_8a1d1513.wav,2.5287083333333333,4.432708333333333,1
/mnt/fscompute_shared/simulation_dataset/outputs/simulated_audio_8a1d1513.wav,4.432708333333333,10,0
/mnt/fscompute_shared/simulation_dataset/outputs/simulated_audio_b498bd69.wav,1.658625,4.999958333333334,1
/mnt/fscompute_shared/simulation_dataset/outputs/simulated_audio_b498bd69.wav,4.999958333333334,10,0
/mnt/fscompute_shared/simulation_dataset/outputs/simulated_audio_d464946d.wav,0,6.549104166666667,0
/mnt/fscompute_shared/simulation_dataset/outputs/simulated_audio_d464946d.wav,6.549104166666667,6.677104166666667,1
/mnt/fscompute_shared/simulation_dataset/outputs/simulated_audio_d464946d.wav,6.677104166666667,10,0
/mnt/fscompute_shared/simulation_dataset/outputs/simulated_audio_1f96502b.wav,0,2.6938750000000002,0
/mnt/fscompute_shared/simulation_dataset/outputs/simulated_audio_1f96502b.wav,2.6938750000000002,6.341875,1
/mnt/fscompute_shared/simulation_dataset/outputs/simulated_audio_1f96502b.wav,6.341875,10,0
/mnt/fscompute_shared/simulation_dataset/outputs/simulated_audio_bf738437.wav,0,4.5809999999999995,0
/mnt/fscompute_shared/simulation_dataset/outputs/simulated_audio_bf738437.wav,4.5809999999999995,8.557,1
/mnt/fscompute_shared/simulation_dataset/outputs/simulated_audio_b729449b.wav,0,6.8168125,0
/mnt/fscompute_shared/simulation_dataset/outputs/simulated_audio_b729449b.wav,6.8168125,7.288812500000001,1
/mnt/fscompute_shared/simulation_dataset/outputs/simulated_audio_419871f5.wav,0,7.293895833333333,0
/mnt/fscompute_shared/simulation_dataset/outputs/simulated_audio_419871f5.wav,7.293895833333333,8.315229166666667,1
/mnt/fscompute_shared/simulation_dataset/outputs/simulated_audio_ce9bc854.wav,0,2.0702499999999997,0
/mnt/fscompute_shared/simulation_dataset/outputs/simulated_audio_ce9bc854.wav,2.0702499999999997,2.488916666666667,1
/mnt/fscompute_shared/simulation_dataset/outputs/simulated_audio_ce9bc854.wav,2.488916666666667,10,0
/mnt/fscompute_shared/simulation_dataset/outputs/simulated_audio_07de8394.wav,0,6.833770833333333,0
/mnt/fscompute_shared/simulation_dataset/outputs/simulated_audio_07de8394.wav,6.833770833333333,7.407104166666667,1
/mnt/fscompute_shared/simulation_dataset/outputs/simulated_audio_b9c212e5.wav,0,6.295166666666667,0
/mnt/fscompute_shared/simulation_dataset/outputs/simulated_audio_b9c212e5.wav,6.295166666666667,6.6818333333333335,1
/mnt/fscompute_shared/simulation_dataset/outputs/simulated_audio_b9c212e5.wav,6.6818333333333335,10,0
/mnt/fscompute_shared/simulation_dataset/outputs/simulated_audio_007a0f40.wav,0,4.593395833333333,0
/mnt/fscompute_shared/simulation_dataset/outputs/simulated_audio_007a0f40.wav,4.593395833333333,4.6360625,1
/mnt/fscompute_shared/simulation_dataset/outputs/simulated_audio_007a0f40.wav,4.6360625,10,0
/mnt/fscompute_shared/simulation_dataset/outputs/simulated_audio_587d21af.wav,0,5.302958333333334,0
/mnt/fscompute_shared/simulation_dataset/outputs/simulated_audio_587d21af.wav,5.302958333333334,5.476291666666667,1
/mnt/fscompute_shared/simulation_dataset/outputs/simulated_audio_587d21af.wav,5.476291666666667,10,0
/mnt/fscompute_shared/simulation_dataset/outputs/simulated_audio_78bd0921.wav,0,5.017416666666667,0
/mnt/fscompute_shared/simulation_dataset/outputs/simulated_audio_78bd0921.wav,5.017416666666667,5.228083333333333,1
/mnt/fscompute_shared/simulation_dataset/outputs/simulated_audio_78bd0921.wav,5.228083333333333,10,0
/mnt/fscompute_shared/simulation_dataset/outputs/simulated_audio_48c0061b.wav,0,2.551145833333333,0
/mnt/fscompute_shared/simulation_dataset/outputs/simulated_audio_48c0061b.wav,2.551145833333333,2.7378125,1
/mnt/fscompute_shared/simulation_dataset/outputs/simulated_audio_48c0061b.wav,2.7378125,10,0
/mnt/fscompute_shared/simulation_dataset/outputs/simulated_audio_c4a625ef.wav,1.7911041666666667,1.9057708333333334,1
/mnt/fscompute_shared/simulation_dataset/outputs/simulated_audio_c4a625ef.wav,1.9057708333333334,10,0
/mnt/fscompute_shared/simulation_dataset/outputs/simulated_audio_9e289984.wav,0,3.7038125,0
/mnt/fscompute_shared/simulation_dataset/outputs/simulated_audio_9e289984.wav,3.7038125,4.2638125,1
/mnt/fscompute_shared/simulation_dataset/outputs/simulated_audio_9e289984.wav,4.2638125,10,0
/mnt/fscompute_shared/simulation_dataset/outputs/simulated_audio_7bc98b60.wav,0,2.2339374999999997,0
/mnt/fscompute_shared/simulation_dataset/outputs/simulated_audio_7bc98b60.wav,2.2339374999999997,2.3032708333333334,1
/mnt/fscompute_shared/simulation_dataset/outputs/simulated_audio_7bc98b60.wav,2.3032708333333334,10,0
/mnt/fscompute_shared/simulation_dataset/outputs/simulated_audio_3d651ef8.wav,0,3.2796875,0
/mnt/fscompute_shared/simulation_dataset/outputs/simulated_audio_3d651ef8.wav,3.2796875,6.8503541666666665,1
/mnt/fscompute_shared/simulation_dataset/outputs/simulated_audio_3d651ef8.wav,6.8503541666666665,10,0
/mnt/fscompute_shared/simulation_dataset/outputs/simulated_audio_76fe1c7e.wav,1.6210208333333334,4.8663541666666665,1
/mnt/fscompute_shared/simulation_dataset/outputs/simulated_audio_76fe1c7e.wav,4.8663541666666665,10,0
/mnt/fscompute_shared/simulation_dataset/outputs/simulated_audio_e3cc17f0.wav,0,6.2425625,0
/mnt/fscompute_shared/simulation_dataset/outputs/simulated_audio_e3cc17f0.wav,6.2425625,6.3572291666666665,1
/mnt/fscompute_shared/simulation_dataset/outputs/simulated_audio_e3cc17f0.wav,6.3572291666666665,10,0
/mnt/fscompute_shared/simulation_dataset/outputs/simulated_audio_849a9079.wav,0,4.6534375,0
/mnt/fscompute_shared/simulation_dataset/outputs/simulated_audio_849a9079.wav,4.6534375,4.738770833333334,1
/mnt/fscompute_shared/simulation_dataset/outputs/simulated_audio_849a9079.wav,4.738770833333334,10,0
/mnt/fscompute_shared/simulation_dataset/outputs/simulated_audio_2c064542.wav,0,6.776729166666667,0
/mnt/fscompute_shared/simulation_dataset/outputs/simulated_audio_2c064542.wav,6.776729166666667,6.8620625,1
/mnt/fscompute_shared/simulation_dataset/outputs/simulated_audio_2c064542.wav,6.8620625,10,0
/mnt/fscompute_shared/simulation_dataset/outputs/simulated_audio_28065733.wav,0,3.8513125,0
/mnt/fscompute_shared/simulation_dataset/outputs/simulated_audio_28065733.wav,3.8513125,4.0006458333333335,1
/mnt/fscompute_shared/simulation_dataset/outputs/simulated_audio_28065733.wav,4.0006458333333335,10,0
/mnt/fscompute_shared/simulation_dataset/outputs/simulated_audio_30a9f11e.wav,0,7.340333333333334,0
/mnt/fscompute_shared/simulation_dataset/outputs/simulated_audio_30a9f11e.wav,7.340333333333334,7.382999999999999,1
/mnt/fscompute_shared/simulation_dataset/outputs/simulated_audio_491e1dd2.wav,0,2.6109166666666668,0
/mnt/fscompute_shared/simulation_dataset/outputs/simulated_audio_491e1dd2.wav,2.6109166666666668,6.434916666666667,1
/mnt/fscompute_shared/simulation_dataset/outputs/simulated_audio_491e1dd2.wav,6.434916666666667,10,0
/mnt/fscompute_shared/simulation_dataset/outputs/simulated_audio_7c3d5537.wav,0,5.047729166666667,0
/mnt/fscompute_shared/simulation_dataset/outputs/simulated_audio_7c3d5537.wav,5.047729166666667,5.706395833333334,1
/mnt/fscompute_shared/simulation_dataset/outputs/simulated_audio_7c3d5537.wav,5.706395833333334,10,0
/mnt/fscompute_shared/simulation_dataset/outputs/simulated_audio_8637f352.wav,1.0293541666666666,1.3280208333333334,1
/mnt/fscompute_shared/simulation_dataset/outputs/simulated_audio_8637f352.wav,1.3280208333333334,10,0
/mnt/fscompute_shared/simulation_dataset/outputs/simulated_audio_902534ce.wav,0,4.676916666666667,0
/mnt/fscompute_shared/simulation_dataset/outputs/simulated_audio_902534ce.wav,4.676916666666667,8.164916666666667,1
/mnt/fscompute_shared/simulation_dataset/outputs/simulated_audio_54ba87ac.wav,0,7.5678125,0
/mnt/fscompute_shared/simulation_dataset/outputs/simulated_audio_54ba87ac.wav,7.5678125,7.6771458333333324,1
/mnt/fscompute_shared/simulation_dataset/outputs/simulated_audio_ddce7327.wav,0,3.5496458333333334,0
/mnt/fscompute_shared/simulation_dataset/outputs/simulated_audio_ddce7327.wav,3.5496458333333334,8.0563125,1
/mnt/fscompute_shared/simulation_dataset/outputs/simulated_audio_d6feabb3.wav,0,7.952458333333333,0
/mnt/fscompute_shared/simulation_dataset/outputs/simulated_audio_d6feabb3.wav,7.952458333333333,8.024458333333333,1
/mnt/fscompute_shared/simulation_dataset/outputs/simulated_audio_caeede21.wav,0,4.334625,0
/mnt/fscompute_shared/simulation_dataset/outputs/simulated_audio_caeede21.wav,4.334625,4.449291666666666,1
/mnt/fscompute_shared/simulation_dataset/outputs/simulated_audio_caeede21.wav,4.449291666666666,10,0
/mnt/fscompute_shared/simulation_dataset/outputs/simulated_audio_3ee53008.wav,1.0797291666666666,7.455729166666666,1
/mnt/fscompute_shared/simulation_dataset/outputs/simulated_audio_4257650e.wav,0,4.150416666666667,0
/mnt/fscompute_shared/simulation_dataset/outputs/simulated_audio_4257650e.wav,4.150416666666667,7.9744166666666665,1
/mnt/fscompute_shared/simulation_dataset/outputs/simulated_audio_22ee110e.wav,0,7.959333333333333,0
/mnt/fscompute_shared/simulation_dataset/outputs/simulated_audio_22ee110e.wav,7.959333333333333,8.124666666666666,1
/mnt/fscompute_shared/simulation_dataset/outputs/simulated_audio_bcc2f5e1.wav,1.2736041666666666,1.3402708333333333,1
/mnt/fscompute_shared/simulation_dataset/outputs/simulated_audio_bcc2f5e1.wav,1.3402708333333333,10,0
/mnt/fscompute_shared/simulation_dataset/outputs/simulated_audio_8df6373a.wav,0,4.645583333333333,0
/mnt/fscompute_shared/simulation_dataset/outputs/simulated_audio_8df6373a.wav,4.645583333333333,5.538916666666666,1
/mnt/fscompute_shared/simulation_dataset/outputs/simulated_audio_8df6373a.wav,5.538916666666666,10,0
/mnt/fscompute_shared/simulation_dataset/outputs/simulated_audio_24a7d2a1.wav,1.0802083333333334,1.2108750000000001,1
/mnt/fscompute_shared/simulation_dataset/outputs/simulated_audio_24a7d2a1.wav,1.2108750000000001,10,0
/mnt/fscompute_shared/simulation_dataset/outputs/simulated_audio_759d4c0f.wav,0,5.3328541666666665,0
/mnt/fscompute_shared/simulation_dataset/outputs/simulated_audio_759d4c0f.wav,5.3328541666666665,5.3968541666666665,1
/mnt/fscompute_shared/simulation_dataset/outputs/simulated_audio_759d4c0f.wav,5.3968541666666665,10,0
/mnt/fscompute_shared/simulation_dataset/outputs/simulated_audio_f573a226.wav,0,2.7011041666666666,0
/mnt/fscompute_shared/simulation_dataset/outputs/simulated_audio_f573a226.wav,2.7011041666666666,2.839770833333333,1
/mnt/fscompute_shared/simulation_dataset/outputs/simulated_audio_f573a226.wav,2.839770833333333,10,0
/mnt/fscompute_shared/simulation_dataset/outputs/simulated_audio_4977ebeb.wav,0,7.114833333333333,0
/mnt/fscompute_shared/simulation_dataset/outputs/simulated_audio_4977ebeb.wav,7.114833333333333,7.1335,1
/mnt/fscompute_shared/simulation_dataset/outputs/simulated_audio_18f8348c.wav,0,2.6865625,0
/mnt/fscompute_shared/simulation_dataset/outputs/simulated_audio_18f8348c.wav,2.6865625,2.737229166666667,1
/mnt/fscompute_shared/simulation_dataset/outputs/simulated_audio_18f8348c.wav,2.737229166666667,10,0
/mnt/fscompute_shared/simulation_dataset/outputs/simulated_audio_df8dd25a.wav,1.4476666666666667,1.605,1
/mnt/fscompute_shared/simulation_dataset/outputs/simulated_audio_df8dd25a.wav,1.605,10,0
/mnt/fscompute_shared/simulation_dataset/outputs/simulated_audio_07c69a7b.wav,0,2.2769583333333334,0
/mnt/fscompute_shared/simulation_dataset/outputs/simulated_audio_07c69a7b.wav,2.2769583333333334,4.399625,1
/mnt/fscompute_shared/simulation_dataset/outputs/simulated_audio_07c69a7b.wav,4.399625,10,0
/mnt/fscompute_shared/simulation_dataset/outputs/simulated_audio_7ba503e8.wav,0,2.15325,0
/mnt/fscompute_shared/simulation_dataset/outputs/simulated_audio_7ba503e8.wav,2.15325,2.19325,1
/mnt/fscompute_shared/simulation_dataset/outputs/simulated_audio_7ba503e8.wav,2.19325,10,0
/mnt/fscompute_shared/simulation_dataset/outputs/simulated_audio_11691062.wav,0,2.1103541666666668,0
/mnt/fscompute_shared/simulation_dataset/outputs/simulated_audio_11691062.wav,2.1103541666666668,2.8810208333333334,1
/mnt/fscompute_shared/simulation_dataset/outputs/simulated_audio_11691062.wav,2.8810208333333334,10,0
/mnt/fscompute_shared/simulation_dataset/outputs/simulated_audio_d148401d.wav,0,4.179437500000001,0
/mnt/fscompute_shared/simulation_dataset/outputs/simulated_audio_d148401d.wav,4.179437500000001,4.2674375,1
/mnt/fscompute_shared/simulation_dataset/outputs/simulated_audio_d148401d.wav,4.2674375,10,0
/mnt/fscompute_shared/simulation_dataset/outputs/simulated_audio_36c32b64.wav,0,6.035791666666666,0
/mnt/fscompute_shared/simulation_dataset/outputs/simulated_audio_36c32b64.wav,6.035791666666666,6.193125,1
/mnt/fscompute_shared/simulation_dataset/outputs/simulated_audio_36c32b64.wav,6.193125,10,0
/mnt/fscompute_shared/simulation_dataset/outputs/simulated_audio_4d885fcd.wav,0,5.146375,0
/mnt/fscompute_shared/simulation_dataset/outputs/simulated_audio_4d885fcd.wav,5.146375,5.197041666666666,1
/mnt/fscompute_shared/simulation_dataset/outputs/simulated_audio_4d885fcd.wav,5.197041666666666,10,0
/mnt/fscompute_shared/simulation_dataset/outputs/simulated_audio_d67e6294.wav,0,6.587416666666667,0
/mnt/fscompute_shared/simulation_dataset/outputs/simulated_audio_d67e6294.wav,6.587416666666667,6.67275,1
/mnt/fscompute_shared/simulation_dataset/outputs/simulated_audio_d67e6294.wav,6.67275,10,0
/mnt/fscompute_shared/simulation_dataset/outputs/simulated_audio_8051b05c.wav,0,8.760166666666667,0
/mnt/fscompute_shared/simulation_dataset/outputs/simulated_audio_8051b05c.wav,8.760166666666667,8.9255,1
/mnt/fscompute_shared/simulation_dataset/outputs/simulated_audio_67c36eab.wav,0,5.425583333333333,0
/mnt/fscompute_shared/simulation_dataset/outputs/simulated_audio_67c36eab.wav,5.425583333333333,5.601583333333333,1
/mnt/fscompute_shared/simulation_dataset/outputs/simulated_audio_67c36eab.wav,5.601583333333333,10,0
/mnt/fscompute_shared/simulation_dataset/outputs/simulated_audio_8e009a3c.wav,0,4.4658541666666665,0
/mnt/fscompute_shared/simulation_dataset/outputs/simulated_audio_8e009a3c.wav,4.4658541666666665,8.113854166666666,1
/mnt/fscompute_shared/simulation_dataset/outputs/simulated_audio_2506b0ad.wav,0,8.219625,0
/mnt/fscompute_shared/simulation_dataset/outputs/simulated_audio_2506b0ad.wav,8.219625,8.696958333333333,1
/mnt/fscompute_shared/simulation_dataset/outputs/simulated_audio_2db9d5f3.wav,0,2.5893541666666664,0
/mnt/fscompute_shared/simulation_dataset/outputs/simulated_audio_2db9d5f3.wav,2.5893541666666664,2.6080208333333332,1
/mnt/fscompute_shared/simulation_dataset/outputs/simulated_audio_2db9d5f3.wav,2.6080208333333332,10,0
/mnt/fscompute_shared/simulation_dataset/outputs/simulated_audio_d38600b2.wav,0,2.6006666666666667,0
/mnt/fscompute_shared/simulation_dataset/outputs/simulated_audio_d38600b2.wav,2.6006666666666667,3.4939999999999998,1
/mnt/fscompute_shared/simulation_dataset/outputs/simulated_audio_d38600b2.wav,3.4939999999999998,10,0
/mnt/fscompute_shared/simulation_dataset/outputs/simulated_audio_a06d69cd.wav,0,2.0749375,0
/mnt/fscompute_shared/simulation_dataset/outputs/simulated_audio_a06d69cd.wav,2.0749375,5.7229375,1
/mnt/fscompute_shared/simulation_dataset/outputs/simulated_audio_a06d69cd.wav,5.7229375,10,0
/mnt/fscompute_shared/simulation_dataset/outputs/simulated_audio_d8fb0be7.wav,0,3.1584583333333334,0
/mnt/fscompute_shared/simulation_dataset/outputs/simulated_audio_d8fb0be7.wav,3.1584583333333334,3.3157916666666667,1
/mnt/fscompute_shared/simulation_dataset/outputs/simulated_audio_d8fb0be7.wav,3.3157916666666667,10,0
/mnt/fscompute_shared/simulation_dataset/outputs/simulated_audio_1eeeee88.wav,0,3.2563125,0
/mnt/fscompute_shared/simulation_dataset/outputs/simulated_audio_1eeeee88.wav,3.2563125,3.4883125,1
/mnt/fscompute_shared/simulation_dataset/outputs/simulated_audio_1eeeee88.wav,3.4883125,10,0
/mnt/fscompute_shared/simulation_dataset/outputs/simulated_audio_e5f5abf0.wav,0,4.850875,0
/mnt/fscompute_shared/simulation_dataset/outputs/simulated_audio_e5f5abf0.wav,4.850875,8.858875,1
/mnt/fscompute_shared/simulation_dataset/outputs/simulated_audio_97ec1c60.wav,0,2.5816041666666667,0
/mnt/fscompute_shared/simulation_dataset/outputs/simulated_audio_97ec1c60.wav,2.5816041666666667,6.229604166666666,1
/mnt/fscompute_shared/simulation_dataset/outputs/simulated_audio_97ec1c60.wav,6.229604166666666,10,0
/mnt/fscompute_shared/simulation_dataset/outputs/simulated_audio_3a6dcd0a.wav,0,2.618145833333333,0
/mnt/fscompute_shared/simulation_dataset/outputs/simulated_audio_3a6dcd0a.wav,2.618145833333333,2.663479166666667,1
/mnt/fscompute_shared/simulation_dataset/outputs/simulated_audio_3a6dcd0a.wav,2.663479166666667,10,0
/mnt/fscompute_shared/simulation_dataset/outputs/simulated_audio_5b0c132f.wav,0,7.401270833333333,0
/mnt/fscompute_shared/simulation_dataset/outputs/simulated_audio_5b0c132f.wav,7.401270833333333,7.747937500000001,1
/mnt/fscompute_shared/simulation_dataset/outputs/simulated_audio_f2d2a9b0.wav,0,7.292375,0
/mnt/fscompute_shared/simulation_dataset/outputs/simulated_audio_f2d2a9b0.wav,7.292375,7.639041666666667,1
/mnt/fscompute_shared/simulation_dataset/outputs/simulated_audio_37193c14.wav,0,3.5612916666666665,0
/mnt/fscompute_shared/simulation_dataset/outputs/simulated_audio_37193c14.wav,3.5612916666666665,3.614625,1
/mnt/fscompute_shared/simulation_dataset/outputs/simulated_audio_37193c14.wav,3.614625,10,0
/mnt/fscompute_shared/simulation_dataset/outputs/simulated_audio_c8f3febf.wav,0,4.551666666666667,0
/mnt/fscompute_shared/simulation_dataset/outputs/simulated_audio_c8f3febf.wav,4.551666666666667,5.391666666666667,1
/mnt/fscompute_shared/simulation_dataset/outputs/simulated_audio_c8f3febf.wav,5.391666666666667,10,0
/mnt/fscompute_shared/simulation_dataset/outputs/simulated_audio_72de5cdb.wav,0,5.880520833333334,0
/mnt/fscompute_shared/simulation_dataset/outputs/simulated_audio_72de5cdb.wav,5.880520833333334,5.9151875,1
/mnt/fscompute_shared/simulation_dataset/outputs/simulated_audio_72de5cdb.wav,5.9151875,10,0
/mnt/fscompute_shared/simulation_dataset/outputs/simulated_audio_22854a5c.wav,0,6.3595,0
/mnt/fscompute_shared/simulation_dataset/outputs/simulated_audio_22854a5c.wav,6.3595,6.420833333333333,1
/mnt/fscompute_shared/simulation_dataset/outputs/simulated_audio_22854a5c.wav,6.420833333333333,10,0
/mnt/fscompute_shared/simulation_dataset/outputs/simulated_audio_a3b7c319.wav,0,6.8764375,0
/mnt/fscompute_shared/simulation_dataset/outputs/simulated_audio_a3b7c319.wav,6.8764375,6.9724375,1
/mnt/fscompute_shared/simulation_dataset/outputs/simulated_audio_a3b7c319.wav,6.9724375,10,0
/mnt/fscompute_shared/simulation_dataset/outputs/simulated_audio_d43e4d78.wav,0,4.4976875,0
/mnt/fscompute_shared/simulation_dataset/outputs/simulated_audio_d43e4d78.wav,4.4976875,7.839020833333333,1
/mnt/fscompute_shared/simulation_dataset/outputs/simulated_audio_6cc6eec6.wav,0,4.420729166666667,0
/mnt/fscompute_shared/simulation_dataset/outputs/simulated_audio_6cc6eec6.wav,4.420729166666667,4.484729166666667,1
/mnt/fscompute_shared/simulation_dataset/outputs/simulated_audio_6cc6eec6.wav,4.484729166666667,10,0
/mnt/fscompute_shared/simulation_dataset/outputs/simulated_audio_6ef3cceb.wav,0,4.993041666666667,0
/mnt/fscompute_shared/simulation_dataset/outputs/simulated_audio_6ef3cceb.wav,4.993041666666667,5.291708333333333,1
/mnt/fscompute_shared/simulation_dataset/outputs/simulated_audio_6ef3cceb.wav,5.291708333333333,10,0
/mnt/fscompute_shared/simulation_dataset/outputs/simulated_audio_46be0b33.wav,0,8.6305625,0
/mnt/fscompute_shared/simulation_dataset/outputs/simulated_audio_46be0b33.wav,8.6305625,8.657229166666667,1
/mnt/fscompute_shared/simulation_dataset/outputs/simulated_audio_c7bb9c22.wav,0,6.362729166666667,0
/mnt/fscompute_shared/simulation_dataset/outputs/simulated_audio_c7bb9c22.wav,6.362729166666667,6.7920625,1
/mnt/fscompute_shared/simulation_dataset/outputs/simulated_audio_c7bb9c22.wav,6.7920625,10,0
/mnt/fscompute_shared/simulation_dataset/outputs/simulated_audio_d37410ca.wav,0,8.608520833333333,0
/mnt/fscompute_shared/simulation_dataset/outputs/simulated_audio_d37410ca.wav,8.608520833333333,8.6671875,1
/mnt/fscompute_shared/simulation_dataset/outputs/simulated_audio_5ab87ec3.wav,0,2.8038541666666665,0
/mnt/fscompute_shared/simulation_dataset/outputs/simulated_audio_5ab87ec3.wav,2.8038541666666665,4.926520833333333,1
/mnt/fscompute_shared/simulation_dataset/outputs/simulated_audio_5ab87ec3.wav,4.926520833333333,10,0
/mnt/fscompute_shared/simulation_dataset/outputs/simulated_audio_14b2b31d.wav,0,2.7675625,0
/mnt/fscompute_shared/simulation_dataset/outputs/simulated_audio_14b2b31d.wav,2.7675625,3.066229166666667,1
/mnt/fscompute_shared/simulation_dataset/outputs/simulated_audio_14b2b31d.wav,3.066229166666667,10,0
/mnt/fscompute_shared/simulation_dataset/outputs/simulated_audio_c7f94e81.wav,1.0905416666666667,1.1305416666666668,1
/mnt/fscompute_shared/simulation_dataset/outputs/simulated_audio_c7f94e81.wav,1.1305416666666668,10,0
/mnt/fscompute_shared/simulation_dataset/outputs/simulated_audio_f5c752a0.wav,0,3.5325625,0
/mnt/fscompute_shared/simulation_dataset/outputs/simulated_audio_f5c752a0.wav,3.5325625,3.5618958333333337,1
/mnt/fscompute_shared/simulation_dataset/outputs/simulated_audio_f5c752a0.wav,3.5618958333333337,10,0
/mnt/fscompute_shared/simulation_dataset/outputs/simulated_audio_cbe5290a.wav,0,4.0458541666666665,0
/mnt/fscompute_shared/simulation_dataset/outputs/simulated_audio_cbe5290a.wav,4.0458541666666665,4.397854166666667,1
/mnt/fscompute_shared/simulation_dataset/outputs/simulated_audio_cbe5290a.wav,4.397854166666667,10,0
/mnt/fscompute_shared/simulation_dataset/outputs/simulated_audio_b17ce868.wav,0,8.282416666666666,0
/mnt/fscompute_shared/simulation_dataset/outputs/simulated_audio_b17ce868.wav,8.282416666666666,8.410416666666666,1
/mnt/fscompute_shared/simulation_dataset/outputs/simulated_audio_263907b7.wav,0,7.650979166666667,0
/mnt/fscompute_shared/simulation_dataset/outputs/simulated_audio_263907b7.wav,7.650979166666667,7.7043125,1
/mnt/fscompute_shared/simulation_dataset/outputs/simulated_audio_9e745c34.wav,0,5.884166666666666,0
/mnt/fscompute_shared/simulation_dataset/outputs/simulated_audio_9e745c34.wav,5.884166666666666,6.0495,1
/mnt/fscompute_shared/simulation_dataset/outputs/simulated_audio_9e745c34.wav,6.0495,10,0
/mnt/fscompute_shared/simulation_dataset/outputs/simulated_audio_e8ceb1e4.wav,0,8.830874999999999,0
/mnt/fscompute_shared/simulation_dataset/outputs/simulated_audio_e8ceb1e4.wav,8.830874999999999,8.881541666666667,1
/mnt/fscompute_shared/simulation_dataset/outputs/simulated_audio_b406b37e.wav,0,4.696270833333333,0
/mnt/fscompute_shared/simulation_dataset/outputs/simulated_audio_b406b37e.wav,4.696270833333333,4.861604166666667,1
/mnt/fscompute_shared/simulation_dataset/outputs/simulated_audio_b406b37e.wav,4.861604166666667,10,0
/mnt/fscompute_shared/simulation_dataset/outputs/simulated_audio_3f3e6c89.wav,0,5.100854166666666,0
/mnt/fscompute_shared/simulation_dataset/outputs/simulated_audio_3f3e6c89.wav,5.100854166666666,8.4421875,1
/mnt/fscompute_shared/simulation_dataset/outputs/simulated_audio_a9a364c3.wav,0,2.296333333333333,0
/mnt/fscompute_shared/simulation_dataset/outputs/simulated_audio_a9a364c3.wav,2.296333333333333,3.3176666666666668,1
/mnt/fscompute_shared/simulation_dataset/outputs/simulated_audio_a9a364c3.wav,3.3176666666666668,10,0
/mnt/fscompute_shared/simulation_dataset/outputs/simulated_audio_684f2076.wav,0,7.851375,0
/mnt/fscompute_shared/simulation_dataset/outputs/simulated_audio_684f2076.wav,7.851375,7.979374999999999,1
/mnt/fscompute_shared/simulation_dataset/outputs/simulated_audio_13920346.wav,0,2.0092291666666666,0
/mnt/fscompute_shared/simulation_dataset/outputs/simulated_audio_13920346.wav,2.0092291666666666,2.3078958333333333,1
/mnt/fscompute_shared/simulation_dataset/outputs/simulated_audio_13920346.wav,2.3078958333333333,10,0
/mnt/fscompute_shared/simulation_dataset/outputs/simulated_audio_e899a655.wav,1.368625,1.7552916666666665,1
/mnt/fscompute_shared/simulation_dataset/outputs/simulated_audio_e899a655.wav,1.7552916666666665,10,0
/mnt/fscompute_shared/simulation_dataset/outputs/simulated_audio_64e3d083.wav,0,3.2951041666666665,0
/mnt/fscompute_shared/simulation_dataset/outputs/simulated_audio_64e3d083.wav,3.2951041666666665,4.529770833333333,1
/mnt/fscompute_shared/simulation_dataset/outputs/simulated_audio_64e3d083.wav,4.529770833333333,10,0
/mnt/fscompute_shared/simulation_dataset/outputs/simulated_audio_ac4be9e2.wav,0,6.143645833333333,0
/mnt/fscompute_shared/simulation_dataset/outputs/simulated_audio_ac4be9e2.wav,6.143645833333333,6.615645833333334,1
/mnt/fscompute_shared/simulation_dataset/outputs/simulated_audio_ac4be9e2.wav,6.615645833333334,10,0
/mnt/fscompute_shared/simulation_dataset/outputs/simulated_audio_5b127bd7.wav,0,2.9339166666666667,0
/mnt/fscompute_shared/simulation_dataset/outputs/simulated_audio_5b127bd7.wav,2.9339166666666667,6.581916666666666,1
/mnt/fscompute_shared/simulation_dataset/outputs/simulated_audio_5b127bd7.wav,6.581916666666666,10,0
/mnt/fscompute_shared/simulation_dataset/outputs/simulated_audio_76548b2f.wav,0,3.9323958333333335,0
/mnt/fscompute_shared/simulation_dataset/outputs/simulated_audio_76548b2f.wav,3.9323958333333335,4.804395833333333,1
/mnt/fscompute_shared/simulation_dataset/outputs/simulated_audio_76548b2f.wav,4.804395833333333,10,0
/mnt/fscompute_shared/simulation_dataset/outputs/simulated_audio_8f00d6e7.wav,0,6.393604166666667,0
/mnt/fscompute_shared/simulation_dataset/outputs/simulated_audio_8f00d6e7.wav,6.393604166666667,6.412270833333333,1
/mnt/fscompute_shared/simulation_dataset/outputs/simulated_audio_8f00d6e7.wav,6.412270833333333,10,0
/mnt/fscompute_shared/simulation_dataset/outputs/simulated_audio_b2d22711.wav,0,8.007833333333334,0
/mnt/fscompute_shared/simulation_dataset/outputs/simulated_audio_b2d22711.wav,8.007833333333334,8.501166666666666,1
/mnt/fscompute_shared/simulation_dataset/outputs/simulated_audio_e56ecd33.wav,1.8989166666666666,2.109583333333333,1
/mnt/fscompute_shared/simulation_dataset/outputs/simulated_audio_e56ecd33.wav,2.109583333333333,10,0
/mnt/fscompute_shared/simulation_dataset/outputs/simulated_audio_28f9b6bd.wav,0,3.2374791666666667,0
/mnt/fscompute_shared/simulation_dataset/outputs/simulated_audio_28f9b6bd.wav,3.2374791666666667,3.4108124999999996,1
/mnt/fscompute_shared/simulation_dataset/outputs/simulated_audio_28f9b6bd.wav,3.4108124999999996,10,0
/mnt/fscompute_shared/simulation_dataset/outputs/simulated_audio_e787f76a.wav,0,7.147625,0
/mnt/fscompute_shared/simulation_dataset/outputs/simulated_audio_e787f76a.wav,7.147625,7.312958333333333,1
/mnt/fscompute_shared/simulation_dataset/outputs/simulated_audio_a31a4282.wav,0,4.45125,0
/mnt/fscompute_shared/simulation_dataset/outputs/simulated_audio_a31a4282.wav,4.45125,5.192583333333333,1
/mnt/fscompute_shared/simulation_dataset/outputs/simulated_audio_a31a4282.wav,5.192583333333333,10,0
/mnt/fscompute_shared/simulation_dataset/outputs/simulated_audio_d05f7156.wav,0,2.213,0
/mnt/fscompute_shared/simulation_dataset/outputs/simulated_audio_d05f7156.wav,2.213,2.2716666666666665,1
/mnt/fscompute_shared/simulation_dataset/outputs/simulated_audio_d05f7156.wav,2.2716666666666665,10,0
/mnt/fscompute_shared/simulation_dataset/outputs/simulated_audio_d59c803e.wav,0,4.025145833333333,0
/mnt/fscompute_shared/simulation_dataset/outputs/simulated_audio_d59c803e.wav,4.025145833333333,4.8758125,1
/mnt/fscompute_shared/simulation_dataset/outputs/simulated_audio_d59c803e.wav,4.8758125,10,0
/mnt/fscompute_shared/simulation_dataset/outputs/simulated_audio_93d30b96.wav,0,6.545208333333333,0
/mnt/fscompute_shared/simulation_dataset/outputs/simulated_audio_93d30b96.wav,6.545208333333333,6.803875,1
/mnt/fscompute_shared/simulation_dataset/outputs/simulated_audio_93d30b96.wav,6.803875,10,0
/mnt/fscompute_shared/simulation_dataset/outputs/simulated_audio_1a06939d.wav,0,8.219375,0
/mnt/fscompute_shared/simulation_dataset/outputs/simulated_audio_1a06939d.wav,8.219375,8.278041666666667,1
/mnt/fscompute_shared/simulation_dataset/outputs/simulated_audio_4acdd219.wav,0,6.533645833333333,0
/mnt/fscompute_shared/simulation_dataset/outputs/simulated_audio_4acdd219.wav,6.533645833333333,6.594979166666667,1
/mnt/fscompute_shared/simulation_dataset/outputs/simulated_audio_4acdd219.wav,6.594979166666667,10,0
/mnt/fscompute_shared/simulation_dataset/outputs/simulated_audio_d10d1ef8.wav,0,7.359479166666667,0
/mnt/fscompute_shared/simulation_dataset/outputs/simulated_audio_d10d1ef8.wav,7.359479166666667,7.4474791666666675,1
/mnt/fscompute_shared/simulation_dataset/outputs/simulated_audio_7b849500.wav,0,4.656750000000001,0
/mnt/fscompute_shared/simulation_dataset/outputs/simulated_audio_7b849500.wav,4.656750000000001,4.731416666666667,1
/mnt/fscompute_shared/simulation_dataset/outputs/simulated_audio_7b849500.wav,4.731416666666667,10,0
/mnt/fscompute_shared/simulation_dataset/outputs/simulated_audio_1ae65504.wav,0,7.755958333333333,0
/mnt/fscompute_shared/simulation_dataset/outputs/simulated_audio_1ae65504.wav,7.755958333333333,8.057291666666666,1
/mnt/fscompute_shared/simulation_dataset/outputs/simulated_audio_b85c4b1e.wav,0,4.661666666666667,0
/mnt/fscompute_shared/simulation_dataset/outputs/simulated_audio_b85c4b1e.wav,4.661666666666667,4.709666666666666,1
/mnt/fscompute_shared/simulation_dataset/outputs/simulated_audio_b85c4b1e.wav,4.709666666666666,10,0
/mnt/fscompute_shared/simulation_dataset/outputs/simulated_audio_b604cb9e.wav,0,3.9798125,0
/mnt/fscompute_shared/simulation_dataset/outputs/simulated_audio_b604cb9e.wav,3.9798125,4.473145833333334,1
/mnt/fscompute_shared/simulation_dataset/outputs/simulated_audio_b604cb9e.wav,4.473145833333334,10,0
/mnt/fscompute_shared/simulation_dataset/outputs/simulated_audio_9cd15dbc.wav,0,3.919583333333333,0
/mnt/fscompute_shared/simulation_dataset/outputs/simulated_audio_9cd15dbc.wav,3.919583333333333,4.271583333333333,1
/mnt/fscompute_shared/simulation_dataset/outputs/simulated_audio_9cd15dbc.wav,4.271583333333333,10,0
/mnt/fscompute_shared/simulation_dataset/outputs/simulated_audio_d82ea8bc.wav,0,7.763270833333333,0
/mnt/fscompute_shared/simulation_dataset/outputs/simulated_audio_d82ea8bc.wav,7.763270833333333,7.9099375,1
/mnt/fscompute_shared/simulation_dataset/outputs/simulated_audio_2db48ee6.wav,0,8.339395833333334,0
/mnt/fscompute_shared/simulation_dataset/outputs/simulated_audio_2db48ee6.wav,8.339395833333334,8.3740625,1
/mnt/fscompute_shared/simulation_dataset/outputs/simulated_audio_ac976fe1.wav,0,3.2582916666666666,0
/mnt/fscompute_shared/simulation_dataset/outputs/simulated_audio_ac976fe1.wav,3.2582916666666666,3.2742916666666666,1
/mnt/fscompute_shared/simulation_dataset/outputs/simulated_audio_ac976fe1.wav,3.2742916666666666,10,0
/mnt/fscompute_shared/simulation_dataset/outputs/simulated_audio_37eebd7f.wav,0,2.3622083333333332,0
/mnt/fscompute_shared/simulation_dataset/outputs/simulated_audio_37eebd7f.wav,2.3622083333333332,2.839541666666667,1
/mnt/fscompute_shared/simulation_dataset/outputs/simulated_audio_37eebd7f.wav,2.839541666666667,10,0
/mnt/fscompute_shared/simulation_dataset/outputs/simulated_audio_7a1d4233.wav,0,8.248020833333333,0
/mnt/fscompute_shared/simulation_dataset/outputs/simulated_audio_7a1d4233.wav,8.248020833333333,8.845354166666667,1
/mnt/fscompute_shared/simulation_dataset/outputs/simulated_audio_85cd1934.wav,0,8.339958333333334,0
/mnt/fscompute_shared/simulation_dataset/outputs/simulated_audio_85cd1934.wav,8.339958333333334,8.459958333333333,1
/mnt/fscompute_shared/simulation_dataset/outputs/simulated_audio_71b8815e.wav,0,3.9992708333333336,0
/mnt/fscompute_shared/simulation_dataset/outputs/simulated_audio_71b8815e.wav,3.9992708333333336,4.4819375,1
/mnt/fscompute_shared/simulation_dataset/outputs/simulated_audio_71b8815e.wav,4.4819375,10,0
/mnt/fscompute_shared/simulation_dataset/outputs/simulated_audio_1249496c.wav,0,4.589104166666667,0
/mnt/fscompute_shared/simulation_dataset/outputs/simulated_audio_1249496c.wav,4.589104166666667,5.879770833333334,1
/mnt/fscompute_shared/simulation_dataset/outputs/simulated_audio_1249496c.wav,5.879770833333334,10,0
/mnt/fscompute_shared/simulation_dataset/outputs/simulated_audio_72c82e28.wav,0,3.890833333333333,0
/mnt/fscompute_shared/simulation_dataset/outputs/simulated_audio_72c82e28.wav,3.890833333333333,3.9948333333333332,1
/mnt/fscompute_shared/simulation_dataset/outputs/simulated_audio_72c82e28.wav,3.9948333333333332,10,0
/mnt/fscompute_shared/simulation_dataset/outputs/simulated_audio_39f3a67a.wav,0,2.6251875,0
/mnt/fscompute_shared/simulation_dataset/outputs/simulated_audio_39f3a67a.wav,2.6251875,2.7718541666666665,1
/mnt/fscompute_shared/simulation_dataset/outputs/simulated_audio_39f3a67a.wav,2.7718541666666665,10,0
/mnt/fscompute_shared/simulation_dataset/outputs/simulated_audio_2b7bbb1f.wav,0,6.877125,0
/mnt/fscompute_shared/simulation_dataset/outputs/simulated_audio_2b7bbb1f.wav,6.877125,6.919791666666667,1
/mnt/fscompute_shared/simulation_dataset/outputs/simulated_audio_2b7bbb1f.wav,6.919791666666667,10,0
/mnt/fscompute_shared/simulation_dataset/outputs/simulated_audio_0003ec44.wav,0,3.155479166666667,0
/mnt/fscompute_shared/simulation_dataset/outputs/simulated_audio_0003ec44.wav,3.155479166666667,7.304812500000001,1
/mnt/fscompute_shared/simulation_dataset/outputs/simulated_audio_7a8987b0.wav,1.1421458333333334,1.9128124999999998,1
/mnt/fscompute_shared/simulation_dataset/outputs/simulated_audio_7a8987b0.wav,1.9128124999999998,10,0
/mnt/fscompute_shared/simulation_dataset/outputs/simulated_audio_849499e3.wav,1.1979375,1.6672708333333333,1
/mnt/fscompute_shared/simulation_dataset/outputs/simulated_audio_849499e3.wav,1.6672708333333333,10,0
/mnt/fscompute_shared/simulation_dataset/outputs/simulated_audio_471bbe0f.wav,0,3.593354166666667,0
/mnt/fscompute_shared/simulation_dataset/outputs/simulated_audio_471bbe0f.wav,3.593354166666667,3.881354166666667,1
/mnt/fscompute_shared/simulation_dataset/outputs/simulated_audio_471bbe0f.wav,3.881354166666667,10,0
/mnt/fscompute_shared/simulation_dataset/outputs/simulated_audio_e1a3f822.wav,0,4.275520833333333,0
/mnt/fscompute_shared/simulation_dataset/outputs/simulated_audio_e1a3f822.wav,4.275520833333333,4.424854166666667,1
/mnt/fscompute_shared/simulation_dataset/outputs/simulated_audio_e1a3f822.wav,4.424854166666667,10,0
/mnt/fscompute_shared/simulation_dataset/outputs/simulated_audio_03d7a352.wav,0,8.4490625,0
/mnt/fscompute_shared/simulation_dataset/outputs/simulated_audio_03d7a352.wav,8.4490625,8.622395833333334,1
/mnt/fscompute_shared/simulation_dataset/outputs/simulated_audio_aefcd430.wav,0,7.1357083333333335,0
/mnt/fscompute_shared/simulation_dataset/outputs/simulated_audio_aefcd430.wav,7.1357083333333335,7.194375000000001,1
/mnt/fscompute_shared/simulation_dataset/outputs/simulated_audio_911fed03.wav,0,3.6571041666666666,0
/mnt/fscompute_shared/simulation_dataset/outputs/simulated_audio_911fed03.wav,3.6571041666666666,7.625104166666667,1
/mnt/fscompute_shared/simulation_dataset/outputs/simulated_audio_10f03ff4.wav,0,3.8507291666666665,0
/mnt/fscompute_shared/simulation_dataset/outputs/simulated_audio_10f03ff4.wav,3.8507291666666665,3.909395833333333,1
/mnt/fscompute_shared/simulation_dataset/outputs/simulated_audio_10f03ff4.wav,3.909395833333333,10,0
/mnt/fscompute_shared/simulation_dataset/outputs/simulated_audio_3c406c6a.wav,0,5.930458333333333,0
/mnt/fscompute_shared/simulation_dataset/outputs/simulated_audio_3c406c6a.wav,5.930458333333333,6.058458333333333,1
/mnt/fscompute_shared/simulation_dataset/outputs/simulated_audio_3c406c6a.wav,6.058458333333333,10,0
/mnt/fscompute_shared/simulation_dataset/outputs/simulated_audio_0bd1a04e.wav,0,6.6126875,0
/mnt/fscompute_shared/simulation_dataset/outputs/simulated_audio_0bd1a04e.wav,6.6126875,6.735354166666666,1
/mnt/fscompute_shared/simulation_dataset/outputs/simulated_audio_0bd1a04e.wav,6.735354166666666,10,0
/mnt/fscompute_shared/simulation_dataset/outputs/simulated_audio_ae861ae2.wav,0,3.7031875,0
/mnt/fscompute_shared/simulation_dataset/outputs/simulated_audio_ae861ae2.wav,3.7031875,7.3671875,1
/mnt/fscompute_shared/simulation_dataset/outputs/simulated_audio_f33e666b.wav,0,2.18225,0
/mnt/fscompute_shared/simulation_dataset/outputs/simulated_audio_f33e666b.wav,2.18225,6.688916666666667,1
/mnt/fscompute_shared/simulation_dataset/outputs/simulated_audio_f33e666b.wav,6.688916666666667,10,0
/mnt/fscompute_shared/simulation_dataset/outputs/simulated_audio_df693efb.wav,0,6.997,0
/mnt/fscompute_shared/simulation_dataset/outputs/simulated_audio_df693efb.wav,6.997,7.869,1
/mnt/fscompute_shared/simulation_dataset/outputs/simulated_audio_3e145369.wav,0,7.908458333333333,0
/mnt/fscompute_shared/simulation_dataset/outputs/simulated_audio_3e145369.wav,7.908458333333333,8.801791666666666,1
/mnt/fscompute_shared/simulation_dataset/outputs/simulated_audio_8a1153c5.wav,0,6.4120625,0
/mnt/fscompute_shared/simulation_dataset/outputs/simulated_audio_8a1153c5.wav,6.4120625,6.438729166666667,1
/mnt/fscompute_shared/simulation_dataset/outputs/simulated_audio_8a1153c5.wav,6.438729166666667,10,0
/mnt/fscompute_shared/simulation_dataset/outputs/simulated_audio_bcf93ecd.wav,0,4.359291666666667,0
/mnt/fscompute_shared/simulation_dataset/outputs/simulated_audio_bcf93ecd.wav,4.359291666666667,5.2312916666666665,1
/mnt/fscompute_shared/simulation_dataset/outputs/simulated_audio_bcf93ecd.wav,5.2312916666666665,10,0
/mnt/fscompute_shared/simulation_dataset/outputs/simulated_audio_bf9a3e1a.wav,1.9063958333333333,1.9410625000000001,1
/mnt/fscompute_shared/simulation_dataset/outputs/simulated_audio_bf9a3e1a.wav,1.9410625000000001,10,0
/mnt/fscompute_shared/simulation_dataset/outputs/simulated_audio_1bfe9c15.wav,0,8.0923125,0
/mnt/fscompute_shared/simulation_dataset/outputs/simulated_audio_1bfe9c15.wav,8.0923125,8.129645833333333,1
/mnt/fscompute_shared/simulation_dataset/outputs/simulated_audio_05b9c076.wav,0,5.103416666666667,0
/mnt/fscompute_shared/simulation_dataset/outputs/simulated_audio_05b9c076.wav,5.103416666666667,5.143416666666667,1
/mnt/fscompute_shared/simulation_dataset/outputs/simulated_audio_05b9c076.wav,5.143416666666667,10,0
/mnt/fscompute_shared/simulation_dataset/outputs/simulated_audio_79f9bff4.wav,0,4.4544375,0
/mnt/fscompute_shared/simulation_dataset/outputs/simulated_audio_79f9bff4.wav,4.4544375,5.475770833333334,1
/mnt/fscompute_shared/simulation_dataset/outputs/simulated_audio_79f9bff4.wav,5.475770833333334,10,0
/mnt/fscompute_shared/simulation_dataset/outputs/simulated_audio_601f62f3.wav,1.6448333333333334,2.5915,1
/mnt/fscompute_shared/simulation_dataset/outputs/simulated_audio_601f62f3.wav,2.5915,10,0
/mnt/fscompute_shared/simulation_dataset/outputs/simulated_audio_3c863d40.wav,0,8.083166666666667,0
/mnt/fscompute_shared/simulation_dataset/outputs/simulated_audio_3c863d40.wav,8.083166666666667,8.163166666666667,1
/mnt/fscompute_shared/simulation_dataset/outputs/simulated_audio_42f72c02.wav,0,3.6467708333333335,0
/mnt/fscompute_shared/simulation_dataset/outputs/simulated_audio_42f72c02.wav,3.6467708333333335,3.9934374999999998,1
/mnt/fscompute_shared/simulation_dataset/outputs/simulated_audio_42f72c02.wav,3.9934374999999998,10,0
/mnt/fscompute_shared/simulation_dataset/outputs/simulated_audio_350b3b5f.wav,1.9495208333333334,2.1068541666666665,1
/mnt/fscompute_shared/simulation_dataset/outputs/simulated_audio_350b3b5f.wav,2.1068541666666665,10,0
/mnt/fscompute_shared/simulation_dataset/outputs/simulated_audio_07ce1412.wav,0,4.069875,0
/mnt/fscompute_shared/simulation_dataset/outputs/simulated_audio_07ce1412.wav,4.069875,4.096541666666667,1
/mnt/fscompute_shared/simulation_dataset/outputs/simulated_audio_07ce1412.wav,4.096541666666667,10,0
/mnt/fscompute_shared/simulation_dataset/outputs/simulated_audio_07216be6.wav,0,6.002791666666667,0
/mnt/fscompute_shared/simulation_dataset/outputs/simulated_audio_07216be6.wav,6.002791666666667,8.146791666666667,1
/mnt/fscompute_shared/simulation_dataset/outputs/simulated_audio_bacb4b9e.wav,1.7306249999999999,1.7466249999999999,1
/mnt/fscompute_shared/simulation_dataset/outputs/simulated_audio_bacb4b9e.wav,1.7466249999999999,10,0
/mnt/fscompute_shared/simulation_dataset/outputs/simulated_audio_eec82568.wav,0,7.346916666666667,0
/mnt/fscompute_shared/simulation_dataset/outputs/simulated_audio_eec82568.wav,7.346916666666667,8.17625,1
/mnt/fscompute_shared/simulation_dataset/outputs/simulated_audio_658f8c55.wav,0,2.0510416666666664,0
/mnt/fscompute_shared/simulation_dataset/outputs/simulated_audio_658f8c55.wav,2.0510416666666664,2.901708333333333,1
/mnt/fscompute_shared/simulation_dataset/outputs/simulated_audio_658f8c55.wav,2.901708333333333,10,0
/mnt/fscompute_shared/simulation_dataset/outputs/simulated_audio_a5e01454.wav,0,7.093541666666667,0
/mnt/fscompute_shared/simulation_dataset/outputs/simulated_audio_a5e01454.wav,7.093541666666667,7.341541666666666,1
/mnt/fscompute_shared/simulation_dataset/outputs/simulated_audio_87218acb.wav,0,8.617437500000001,0
/mnt/fscompute_shared/simulation_dataset/outputs/simulated_audio_87218acb.wav,8.617437500000001,8.644104166666667,1
/mnt/fscompute_shared/simulation_dataset/outputs/simulated_audio_c58cb1b3.wav,1.5051458333333332,1.5238125,1
/mnt/fscompute_shared/simulation_dataset/outputs/simulated_audio_c58cb1b3.wav,1.5238125,10,0
/mnt/fscompute_shared/simulation_dataset/outputs/simulated_audio_79b42d8e.wav,0,5.1920625,0
/mnt/fscompute_shared/simulation_dataset/outputs/simulated_audio_79b42d8e.wav,5.1920625,5.5680625,1
/mnt/fscompute_shared/simulation_dataset/outputs/simulated_audio_79b42d8e.wav,5.5680625,10,0
/mnt/fscompute_shared/simulation_dataset/outputs/simulated_audio_450e683b.wav,0,2.041666666666667,0
/mnt/fscompute_shared/simulation_dataset/outputs/simulated_audio_450e683b.wav,2.041666666666667,2.0816666666666666,1
/mnt/fscompute_shared/simulation_dataset/outputs/simulated_audio_450e683b.wav,2.0816666666666666,10,0
/mnt/fscompute_shared/simulation_dataset/outputs/simulated_audio_82a589c0.wav,0,8.379979166666667,0
/mnt/fscompute_shared/simulation_dataset/outputs/simulated_audio_82a589c0.wav,8.379979166666667,8.862645833333334,1
/mnt/fscompute_shared/simulation_dataset/outputs/simulated_audio_cccec30b.wav,1.1662708333333334,2.0062708333333332,1
/mnt/fscompute_shared/simulation_dataset/outputs/simulated_audio_cccec30b.wav,2.0062708333333332,10,0
/mnt/fscompute_shared/simulation_dataset/outputs/simulated_audio_f3f24933.wav,0,2.182625,0
/mnt/fscompute_shared/simulation_dataset/outputs/simulated_audio_f3f24933.wav,2.182625,2.654625,1
/mnt/fscompute_shared/simulation_dataset/outputs/simulated_audio_f3f24933.wav,2.654625,10,0
/mnt/fscompute_shared/simulation_dataset/outputs/simulated_audio_2043d098.wav,1.0575625,1.4015624999999998,1
/mnt/fscompute_shared/simulation_dataset/outputs/simulated_audio_2043d098.wav,1.4015624999999998,10,0
/mnt/fscompute_shared/simulation_dataset/outputs/simulated_audio_80a0e3c1.wav,0,2.120541666666667,0
/mnt/fscompute_shared/simulation_dataset/outputs/simulated_audio_80a0e3c1.wav,2.120541666666667,2.4672083333333332,1
/mnt/fscompute_shared/simulation_dataset/outputs/simulated_audio_80a0e3c1.wav,2.4672083333333332,10,0
/mnt/fscompute_shared/simulation_dataset/outputs/simulated_audio_428bac98.wav,0,2.9377500000000003,0
/mnt/fscompute_shared/simulation_dataset/outputs/simulated_audio_428bac98.wav,2.9377500000000003,3.055083333333333,1
/mnt/fscompute_shared/simulation_dataset/outputs/simulated_audio_428bac98.wav,3.055083333333333,10,0
/mnt/fscompute_shared/simulation_dataset/outputs/simulated_audio_4c604093.wav,1.8730625,2.1050625,1
/mnt/fscompute_shared/simulation_dataset/outputs/simulated_audio_4c604093.wav,2.1050625,10,0
/mnt/fscompute_shared/simulation_dataset/outputs/simulated_audio_833cb5c9.wav,0,5.961333333333333,0
/mnt/fscompute_shared/simulation_dataset/outputs/simulated_audio_833cb5c9.wav,5.961333333333333,6.025333333333333,1
/mnt/fscompute_shared/simulation_dataset/outputs/simulated_audio_833cb5c9.wav,6.025333333333333,10,0
/mnt/fscompute_shared/simulation_dataset/outputs/simulated_audio_55f3c70d.wav,0,8.5205,0
/mnt/fscompute_shared/simulation_dataset/outputs/simulated_audio_55f3c70d.wav,8.5205,8.7205,1
/mnt/fscompute_shared/simulation_dataset/outputs/simulated_audio_e7c0c5a3.wav,0,7.8172291666666665,0
/mnt/fscompute_shared/simulation_dataset/outputs/simulated_audio_e7c0c5a3.wav,7.8172291666666665,7.990562499999999,1
